Date,Open,High,Low,Close,Volume,Dividends,Stock Splits,Symbol
2001-08-02 00:00:00-04:00,10.234733581542969,10.28590720064767,9.697409970905936,10.234733581542969,9812900,0.0,0.0,BG
2001-08-03 00:00:00-04:00,10.234733581542969,10.28590720064767,10.234733581542969,10.234733581542969,2776400,0.0,0.0,BG
2001-08-06 00:00:00-04:00,10.234733581542969,10.234733581542969,10.106799533781214,10.234733581542969,416700,0.0,0.0,BG
2001-08-07 00:00:00-04:00,10.234733581542969,10.234733581542969,10.157973152885916,10.234733581542969,1651800,0.0,0.0,BG
2001-08-08 00:00:00-04:00,10.209146771990618,10.234733581542969,10.157973152885916,10.234733581542969,265800,0.0,0.0,BG
2001-08-09 00:00:00-04:00,10.234733581542969,10.234733581542969,10.157973152885916,10.234733581542969,311200,0.0,0.0,BG
2001-08-10 00:00:00-04:00,10.234733581542969,10.26032100113298,10.234733581542969,10.234733581542969,123100,0.0,0.0,BG
2001-08-13 00:00:00-04:00,10.234733581542969,10.266716635955165,10.202749917093117,10.234733581542969,311100,0.0,0.0,BG
2001-08-14 00:00:00-04:00,10.202749917093117,10.234733581542969,10.157973152885916,10.234733581542969,605000,0.0,0.0,BG
2001-08-15 00:00:00-04:00,10.234733871349151,10.234733871349151,9.914898437869493,10.202750205993652,318400,0.0,0.0,BG
2001-08-16 00:00:00-04:00,10.17076625264326,10.234733581542969,10.010848540431653,10.234733581542969,333200,0.0,0.0,BG
2001-08-17 00:00:00-04:00,10.138782501220703,10.23473287793631,9.722996112031971,10.138782501220703,316300,0.0,0.0,BG
2001-08-20 00:00:00-04:00,10.202752362662078,10.234736034778322,9.978867877923989,10.164372444152832,139400,0.0,0.0,BG
2001-08-21 00:00:00-04:00,10.106796317242743,10.21554037574131,10.106796317242743,10.17076301574707,130500,0.0,0.0,BG
2001-08-22 00:00:00-04:00,10.170765316101688,10.228335784802704,10.074814941625062,10.177162170410156,111300,0.0,0.0,BG
2001-08-23 00:00:00-04:00,10.17076301574707,10.22833347142719,10.13877997151364,10.17076301574707,81500,0.0,0.0,BG
2001-08-24 00:00:00-04:00,10.17076555343416,10.22833602347857,10.10679883896963,10.138782501220703,73700,0.0,0.0,BG
2001-08-27 00:00:00-04:00,10.234735097422098,10.260322520801893,10.11319788655682,10.228338241577148,245900,0.0,0.0,BG
2001-08-28 00:00:00-04:00,10.234730881911055,10.43942530433728,10.202747225897586,10.394648551940918,332400,0.0,0.0,BG
2001-08-29 00:00:00-04:00,10.522589776443318,10.61854019463254,10.273117225060426,10.535382270812988,420400,0.0,0.0,BG
2001-08-30 00:00:00-04:00,10.573759369823629,10.746469568474517,10.54817195071962,10.7208833694458,314600,0.0,0.0,BG
2001-08-31 00:00:00-04:00,10.778455918173488,11.67399501800537,10.778455918173488,11.673995018005373,616700,0.0,0.0,BG
2001-09-04 00:00:00-04:00,11.67399507160949,11.705978131720672,11.130274509190652,11.55885410308838,503900,0.0,0.0,BG
2001-09-05 00:00:00-04:00,11.705975842822332,11.737960116755088,11.456504606523344,11.642009735107422,322700,0.0,0.0,BG
2001-09-06 00:00:00-04:00,11.514074325561523,11.897877047095283,11.514074325561523,11.514074325561523,205200,0.0,0.0,BG
2001-09-07 00:00:00-04:00,11.514074325561523,11.61002470092616,11.2262219793924,11.514074325561523,83400,0.0,0.0,BG
2001-09-10 00:00:00-04:00,10.554570579528807,11.418126598232629,10.394652843475342,11.194241523742676,245100,0.0,0.0,BG
2001-09-17 00:00:00-04:00,10.234735825482536,11.00234150042396,9.97886767386059,10.874406814575195,97100,0.0,0.0,BG
2001-09-18 00:00:00-04:00,10.714487407075556,10.970355519050342,10.714487407075556,10.893595695495604,59600,0.0,0.0,BG
2001-09-19 00:00:00-04:00,11.034323424510813,11.322175827963015,10.554570232140776,11.130273818969728,98800,0.0,0.0,BG
2001-09-20 00:00:00-04:00,11.034319901889615,11.034319901889615,10.45861649884952,10.746467590332031,223900,0.0,0.0,BG
2001-09-21 00:00:00-04:00,10.61854041254617,10.61854041254617,9.62705009407937,10.554573059082031,52700,0.0,0.0,BG
2001-09-24 00:00:00-04:00,11.194233895592184,11.194233895592184,10.68249797696641,10.938365936279297,104600,0.0,0.0,BG
2001-09-25 00:00:00-04:00,10.874404814344484,11.162257194519045,10.458618991928738,11.162257194519045,75700,0.0,0.0,BG
2001-09-26 00:00:00-04:00,11.162256310927864,11.290189743041992,10.906387006549078,11.290189743041992,58800,0.0,0.0,BG
2001-09-27 00:00:00-04:00,11.290192713470306,11.290192713470306,10.810439471650811,10.874406814575195,45500,0.0,0.0,BG
2001-09-28 00:00:00-04:00,10.938374157499576,11.066307623272758,10.490603977104485,10.874406814575195,48100,0.0,0.0,BG
2001-10-01 00:00:00-04:00,10.810439471650811,10.906389875999594,10.714489067302033,10.874406814575195,13600,0.0,0.0,BG
2001-10-02 00:00:00-04:00,10.906391673021115,11.00234331325522,10.33708478934943,10.554573059082031,72300,0.0,0.0,BG
2001-10-03 00:00:00-04:00,10.394648990115604,11.833908081054688,9.79335879387312,11.833908081054688,286900,0.0,0.0,BG
2001-10-04 00:00:00-04:00,11.673989586208178,11.673989586208178,10.97674846674098,11.034318923950195,90400,0.0,0.0,BG
2001-10-05 00:00:00-04:00,11.034322142601011,11.034322142601011,10.221939871747963,10.234733581542969,103100,0.0,0.0,BG
2001-10-08 00:00:00-04:00,10.234733871349151,10.490601974117812,10.106799819964824,10.202750205993652,121600,0.0,0.0,BG
2001-10-09 00:00:00-04:00,10.23473707583817,11.315781521094785,10.202753400468602,11.066308975219728,75600,0.0,0.0,BG
2001-10-10 00:00:00-04:00,11.021530343953373,11.06630711592492,10.234735356259083,10.522587776184082,166500,0.0,0.0,BG
2001-10-11 00:00:00-04:00,10.778454440460369,10.810437496039851,10.068419381902466,10.298701286315918,126800,0.0,0.0,BG
2001-10-12 00:00:00-04:00,10.26671392788703,10.714483892000638,10.234730881911055,10.394648551940918,41500,0.0,0.0,BG
2001-10-15 00:00:00-04:00,10.394651293754578,10.714486718177795,10.138783198231067,10.234733581542969,77300,0.0,0.0,BG
2001-10-16 00:00:00-04:00,10.17076654063815,10.298701202060156,10.106799819964824,10.202750205993652,79600,0.0,0.0,BG
2001-10-17 00:00:00-04:00,10.170762030827202,10.50978787921554,10.170762030827202,10.426630020141602,23500,0.0,0.0,BG
2001-10-18 00:00:00-04:00,10.516187816062864,10.618535041809082,10.234732335223178,10.618535041809082,24100,0.0,0.0,BG
2001-10-19 00:00:00-04:00,10.61214143799094,10.778456035786387,10.490603612664357,10.624935150146484,28100,0.0,0.0,BG
2001-10-22 00:00:00-04:00,11.514074325561523,11.80192667173065,11.207032636364602,11.514074325561523,780500,0.0,0.0,BG
2001-10-23 00:00:00-04:00,11.578042676036032,11.673993059910645,11.271000959607148,11.283793449401855,184200,0.0,0.0,BG
2001-10-24 00:00:00-04:00,11.32217336094472,11.32217336094472,10.784849804963097,10.906386375427246,59700,0.0,0.0,BG
2001-10-25 00:00:00-04:00,10.74646930134997,11.322174016126972,10.74646930134997,11.290189743041992,60200,0.0,0.0,BG
2001-10-26 00:00:00-04:00,11.002340728508717,11.32217620061565,10.899993475040535,11.194241523742676,43500,0.0,0.0,BG
2001-10-29 00:00:00-05:00,11.194237533645303,11.38613826047777,11.194237533645303,11.322172164916992,45300,0.0,0.0,BG
2001-10-30 00:00:00-05:00,11.3861397959416,11.3861397959416,11.168651625495674,11.258206367492676,35100,0.0,0.0,BG
2001-10-31 00:00:00-05:00,11.258209057545804,11.501283483731989,11.258209057545804,11.271002769470217,59700,0.0,0.0,BG
2001-11-01 00:00:00-05:00,11.271000572006274,11.89787769317627,11.258206862576206,11.89787769317627,156700,0.0,0.0,BG
2001-11-02 00:00:00-05:00,12.313670322592076,12.505571190238452,11.386146615457356,11.705982208251951,309400,0.0,0.0,BG
2001-11-05 00:00:00-05:00,11.833910498402751,12.025811261698085,11.546058133384458,11.642009735107422,54600,0.0,0.0,BG
2001-11-06 00:00:00-05:00,11.737964165032595,12.121767044067385,11.673996815180844,12.121767044067385,70900,0.0,0.0,BG
2001-11-07 00:00:00-05:00,12.140948583508925,12.467180759787606,11.929857318866826,11.961841583251951,46500,0.0,0.0,BG
2001-11-08 00:00:00-05:00,11.92986186818989,12.531152847101762,11.92986186818989,12.18572998046875,100900,0.0,0.0,BG
2001-11-09 00:00:00-05:00,12.24970016312537,12.467188414174128,12.025815055272156,12.057799339294434,35700,0.0,0.0,BG
2001-11-12 00:00:00-05:00,11.99382888643365,12.313664323405217,11.83391116794787,12.153746604919434,28100,0.0,0.0,BG
2001-11-13 00:00:00-05:00,12.153751528118166,12.217718885439222,11.578047752380373,11.578047752380373,42900,0.0,0.0,BG
2001-11-14 00:00:00-05:00,11.705975076290796,11.949050661961438,11.392536532726202,11.514074325561523,34500,0.0,0.0,BG
2001-11-15 00:00:00-05:00,11.450107570027596,11.981034308132708,11.4181245166777,11.865893363952637,41700,0.0,0.0,BG
2001-11-16 00:00:00-05:00,11.769942676426858,11.987430849736697,11.737959623912277,11.776339530944824,17800,0.0,0.0,BG
2001-11-19 00:00:00-05:00,11.801927312601318,12.019415492611362,11.6420096049513,11.89787769317627,21700,0.0,0.0,BG
2001-11-20 00:00:00-05:00,12.02581194210066,12.30726746825674,11.92346469987579,12.153746604919434,336000,0.0,0.0,BG
2001-11-21 00:00:00-05:00,12.121763549252424,12.313664323405217,12.064193072991513,12.153746604919434,34300,0.0,0.0,BG
2001-11-23 00:00:00-05:00,12.217720305377332,12.409621179567278,12.0897855758667,12.0897855758667,168000,0.0,0.0,BG
2001-11-26 00:00:00-05:00,12.08978032072656,12.46718626664993,11.993829925338945,12.313665390014648,136900,0.0,0.0,BG
2001-11-27 00:00:00-05:00,12.217714257050734,12.217714257050734,12.013019767227645,12.18572998046875,135400,0.0,0.0,BG
2001-11-28 00:00:00-05:00,12.153746923962167,12.217714257050734,12.128159502696583,12.18572998046875,55700,0.0,0.0,BG
2001-11-29 00:00:00-05:00,12.153747343868122,12.313665072076914,12.153747343868122,12.281682014465332,120100,0.0,0.0,BG
2001-11-30 00:00:00-05:00,12.281682696548648,12.7614359078189,12.281682696548648,12.377633094787598,52200,0.0,0.0,BG
2001-12-03 00:00:00-05:00,12.47358398770249,13.023701415533036,12.377633585658351,12.729452133178713,52100,0.0,0.0,BG
2001-12-04 00:00:00-05:00,13.113252574586593,13.113252574586593,12.729449816193382,12.78062343597412,512700,0.0,0.0,BG
2001-12-05 00:00:00-05:00,12.793416023254396,12.82539907528244,12.665481374991758,12.793416023254396,303800,0.0,0.0,BG
2001-12-06 00:00:00-05:00,13.113252614758585,13.529038429260252,12.921351845011763,13.529038429260254,327900,0.0,0.0,BG
2001-12-07 00:00:00-05:00,13.752928322239926,15.192188262939451,13.752928322239926,15.192188262939451,568900,0.0,0.0,BG
2001-12-10 00:00:00-05:00,15.192181455328113,15.575984178214602,14.776395680565754,15.03226375579834,376600,0.0,0.0,BG
2001-12-11 00:00:00-05:00,15.19218602023282,15.927807415092133,14.398994138638155,14.552515029907228,164100,0.0,0.0,BG
2001-12-12 00:00:00-05:00,14.55250601001023,15.34569739997104,14.55250601001023,14.744406700134276,80800,0.0,0.0,BG
2001-12-13 00:00:00-05:00,14.712433179219564,15.35210418701172,14.648465834425224,15.35210418701172,153000,0.0,0.0,BG
2001-12-14 00:00:00-05:00,15.352106751500902,15.448057174682615,15.06425426187993,15.448057174682615,139100,0.0,0.0,BG
2001-12-17 00:00:00-05:00,15.448052143651845,15.665540349407223,15.00028324127197,15.000283241271973,63300,0.0,0.0,BG
2001-12-18 00:00:00-05:00,15.000283572457295,15.000283572457295,13.59300705944888,14.58449649810791,207200,0.0,0.0,BG
2001-12-19 00:00:00-05:00,14.648456355072254,14.808374003533904,14.232670713086929,14.744406700134276,361500,0.0,0.0,BG
2001-12-20 00:00:00-05:00,14.776394159827191,14.776394159827191,14.360608427856157,14.39259147644043,84900,0.0,0.0,BG
2001-12-21 00:00:00-05:00,14.392591476440428,14.392591476440428,13.912838427225749,14.39259147644043,393400,0.0,0.0,BG
2001-12-24 00:00:00-05:00,14.456563213641164,14.488546272003951,14.277454914613315,14.328628540039062,25000,0.0,0.0,BG
2001-12-26 00:00:00-05:00,14.328628540039062,14.520530550442214,14.232678144875225,14.328628540039062,162300,0.0,0.0,BG
2001-12-27 00:00:00-05:00,14.392600203239612,14.680452695334738,14.360617135262748,14.654865264892578,151300,0.0,0.0,BG
2001-12-28 00:00:00-05:00,14.68045378089604,14.83397471467376,14.52053598903476,14.6996431350708,100100,0.0,0.0,BG
2001-12-31 00:00:00-05:00,14.699642271041718,15.032271551379816,14.49494770470315,14.891544342041016,54500,0.0,0.0,BG
2002-01-02 00:00:00-05:00,14.968300018420868,14.968300018420868,14.622878339111612,14.770002365112305,126500,0.0,0.0,BG
2002-01-03 00:00:00-05:00,14.808383586373262,15.35210418701172,14.808383586373262,15.35210418701172,51800,0.0,0.0,BG
2002-01-04 00:00:00-05:00,15.288134522796662,15.320118800379188,14.87234867482733,15.160201072692873,96800,0.0,0.0,BG
2002-01-07 00:00:00-05:00,15.064247648654872,15.12821497605288,14.392593761164,14.456561088562012,61800,0.0,0.0,BG
2002-01-08 00:00:00-05:00,14.456563807223011,14.552514206326546,14.23907558521473,14.26466178894043,82600,0.0,0.0,BG
2002-01-09 00:00:00-05:00,14.264658326627783,14.271055181025448,13.273169076419322,13.49705410003662,238500,0.0,0.0,BG
2002-01-10 00:00:00-05:00,13.503457795132524,14.296649841136412,13.48426722221781,14.104747772216797,64000,0.0,0.0,BG
2002-01-11 00:00:00-05:00,14.072759735450315,14.488545574528086,14.008792401728645,14.232677459716797,54000,0.0,0.0,BG
2002-01-14 00:00:00-05:00,14.392597681936747,14.392597681936747,13.810497162184468,14.226283073425291,63200,0.0,0.0,BG
2002-01-15 00:00:00-05:00,14.232680499910526,14.680450711533483,14.04077967782964,14.494945526123049,60200,0.0,0.0,BG
2002-01-16 00:00:00-05:00,14.58449452328274,14.58449452328274,14.072758344249246,14.456561088562012,28900,0.0,0.0,BG
2002-01-17 00:00:00-05:00,14.488538706610605,15.249747054909015,14.39258836154858,14.744406700134276,39800,0.0,0.0,BG
2002-01-18 00:00:00-05:00,14.5844942549854,14.64846158120666,14.1367254115871,14.194295883178713,59900,0.0,0.0,BG
2002-01-22 00:00:00-05:00,14.712427929624878,14.872345624512104,14.136724472045898,14.136724472045898,226100,0.0,0.0,BG
2002-01-23 00:00:00-05:00,14.168712370502671,14.20069665246794,13.612199285138669,13.688959121704102,55800,0.0,0.0,BG
2002-01-24 00:00:00-05:00,13.784904784325963,13.94482247890086,13.708144974172116,13.720938682556152,25700,0.0,0.0,BG
2002-01-25 00:00:00-05:00,12.857386630393597,13.273172513301176,12.793419289928842,12.98532009124756,100800,0.0,0.0,BG
2002-01-28 00:00:00-05:00,13.04928222804187,13.30515026779268,13.017299180601164,13.209199905395508,62500,0.0,0.0,BG
2002-01-29 00:00:00-05:00,13.087665591878904,13.298758153111184,13.087665591878904,13.177220344543455,61200,0.0,0.0,BG
2002-01-30 00:00:00-05:00,13.1772193543764,13.20920240787629,11.833910366101208,11.89787769317627,144000,0.0,0.0,BG
2002-01-31 00:00:00-05:00,12.473583493026544,12.7614359078189,12.025813341144106,12.377633094787598,373100,0.0,0.0,BG
2002-02-01 00:00:00-05:00,12.37762903993224,12.47357940673828,12.313661722036509,12.47357940673828,32900,0.0,0.0,BG
2002-02-04 00:00:00-05:00,12.4735831223525,12.633500854690354,12.281682331577269,12.313665390014648,28600,0.0,0.0,BG
2002-02-05 00:00:00-05:00,12.320061555044903,12.320061555044903,12.01301981898734,12.217714309692385,37900,0.0,0.0,BG
2002-02-06 00:00:00-05:00,12.27878751683487,12.27878751683487,12.08592624806854,12.214500427246094,54800,0.095,0.0,BG
2002-02-07 00:00:00-05:00,12.214499184295542,12.278786267342449,12.18235625585915,12.246642112731934,92100,0.0,0.0,BG
2002-02-08 00:00:00-05:00,12.278788057694245,12.632365226745604,12.278788057694245,12.632365226745604,39900,0.0,0.0,BG
2002-02-11 00:00:00-05:00,12.632365414856814,12.973086151437258,12.632365414856814,12.915227890014648,33600,0.0,0.0,BG
2002-02-12 00:00:00-05:00,12.91522587028306,12.95379762980803,12.87022527980824,12.92165470123291,25400,0.0,0.0,BG
2002-02-13 00:00:00-05:00,12.88951278874444,12.921656949085488,12.88951278874444,12.90237045288086,14100,0.0,0.0,BG
2002-02-14 00:00:00-05:00,12.921658432147431,12.921658432147431,12.85737133026123,12.85737133026123,10400,0.0,0.0,BG
2002-02-15 00:00:00-05:00,12.889507742213915,12.889507742213915,12.760934829711914,12.760934829711914,70000,0.0,0.0,BG
2002-02-19 00:00:00-05:00,12.760937588301076,12.818795840595309,12.638792252771688,12.696650505065918,46600,0.0,0.0,BG
2002-02-20 00:00:00-05:00,12.696650707879671,12.825224876403809,12.632363623617604,12.825224876403809,32700,0.0,0.0,BG
2002-02-21 00:00:00-05:00,12.825225763813377,13.018085803769903,12.70308041788132,12.844511032104492,26700,0.0,0.0,BG
2002-02-22 00:00:00-05:00,12.850936041830671,12.850936041830671,12.587360160060731,12.600217819213867,30000,0.0,0.0,BG
2002-02-25 00:00:00-05:00,12.85737133026123,12.947372537197229,12.760941290519169,12.85737133026123,37800,0.0,0.0,BG
2002-02-26 00:00:00-05:00,12.76093835311237,12.857368370657465,12.76093835311237,12.793081283569336,31300,0.0,0.0,BG
2002-02-27 00:00:00-05:00,12.825224876403809,12.844510143360528,12.696650707879671,12.825224876403809,6500,0.0,0.0,BG
2002-02-28 00:00:00-05:00,12.82522650400714,13.050229488217475,12.60665112548198,12.632365226745604,57900,0.0,0.0,BG
2002-03-01 00:00:00-05:00,12.63236456783904,12.664508725459802,12.278787417230332,12.37521743774414,80300,0.0,0.0,BG
2002-03-04 00:00:00-05:00,12.857371766632708,12.88951470557948,12.523079806418371,12.664511680603027,137500,0.0,0.0,BG
2002-03-05 00:00:00-05:00,12.6966546195498,12.6966546195498,12.63236751548173,12.664511680603027,64300,0.0,0.0,BG
2002-03-06 00:00:00-05:00,12.696651882279378,12.696651882279378,12.413789421066893,12.587364196777344,74900,0.0,0.0,BG
2002-03-07 00:00:00-05:00,12.587370447415282,12.696658187187436,12.587370447415282,12.62594223022461,90800,0.0,0.0,BG
2002-03-08 00:00:00-05:00,12.625935347609884,12.85093953933123,12.625935347609884,12.793081283569336,146600,0.0,0.0,BG
2002-03-11 00:00:00-05:00,12.760941780022629,12.760941780022629,12.30450444267891,12.439507484436035,121400,0.0,0.0,BG
2002-03-12 00:00:00-05:00,12.278782501437592,12.375212483345798,12.20806660915716,12.2273530960083,364000,0.0,0.0,BG
2002-03-13 00:00:00-05:00,12.214499673664584,12.748080399835596,12.182356743940398,12.343073844909668,5541900,0.0,0.0,BG
2002-03-14 00:00:00-05:00,12.664510253070697,12.664510253070697,12.439506027281992,12.568078994750977,490100,0.0,0.0,BG
2002-03-15 00:00:00-05:00,12.793077493457352,13.371658653490067,12.568073368396345,13.17879867553711,567600,0.0,0.0,BG
2002-03-18 00:00:00-05:00,13.178806669323365,13.757388180302645,13.178806669323365,13.532383918762209,1040800,0.0,0.0,BG
2002-03-19 00:00:00-05:00,13.21094688782191,13.982389560965604,13.21094688782191,13.821672439575195,439700,0.0,0.0,BG
2002-03-20 00:00:00-05:00,13.828099175097872,14.078817454079804,13.596666163007384,13.918100357055664,422500,0.0,0.0,BG
2002-03-21 00:00:00-05:00,13.821670898014778,13.821670898014778,12.793081190602097,12.953798294067385,627400,0.0,0.0,BG
2002-03-22 00:00:00-05:00,12.8895064417802,13.210940529866228,12.8895064417802,13.185226440429688,252700,0.0,0.0,BG
2002-03-25 00:00:00-05:00,13.024513907990176,13.11451509145447,12.728793806905246,13.05665683746338,311700,0.0,0.0,BG
2002-03-26 00:00:00-05:00,13.018081618518362,13.243085743579371,12.889507482433832,13.17879867553711,186400,0.0,0.0,BG
2002-03-27 00:00:00-05:00,13.114519562286867,13.532383918762203,12.857372360315477,13.532383918762209,414600,0.0,0.0,BG
2002-03-28 00:00:00-05:00,13.69309617598704,13.963100948034562,13.17880195597945,13.918100357055664,476600,0.0,0.0,BG
2002-04-01 00:00:00-05:00,13.885961135327356,13.885961135327356,13.609527458457045,13.770244598388672,240500,0.0,0.0,BG
2002-04-02 00:00:00-05:00,14.143103823808884,14.143103823808884,13.950243807590212,14.13024616241455,246300,0.0,0.0,BG
2002-04-03 00:00:00-05:00,14.07881895384654,14.07881895384654,13.75738472555701,14.027389526367188,191000,0.0,0.0,BG
2002-04-04 00:00:00-05:00,13.982386734901963,14.13024616241455,13.892385557489796,14.13024616241455,172300,0.0,0.0,BG
2002-04-05 00:00:00-05:00,13.982389249451332,14.143106367261115,13.982389249451332,14.078819274902344,155300,0.0,0.0,BG
2002-04-08 00:00:00-04:00,14.014529845242071,14.143104008516405,13.7573827448675,14.03381633758545,181500,0.0,0.0,BG
2002-04-09 00:00:00-04:00,14.09810855467989,14.110966220925748,13.950249071376136,14.014534950256348,138900,0.0,0.0,BG
2002-04-10 00:00:00-04:00,14.078826013164292,14.175256084767666,14.04668306468813,14.143113136291504,235400,0.0,0.0,BG
2002-04-11 00:00:00-04:00,14.432404577276513,14.451689855892257,14.11097018781534,14.143113136291504,261000,0.0,0.0,BG
2002-04-12 00:00:00-04:00,14.303817629395525,14.432391761477586,14.020955274519263,14.239530563354492,114600,0.0,0.0,BG
2002-04-15 00:00:00-04:00,14.464545092739902,14.657405203506563,14.303827925042793,14.625262260437012,305000,0.0,0.0,BG
2002-04-16 00:00:00-04:00,14.785975322303525,15.364556720115315,14.753832388159555,15.171696662902832,560600,0.0,0.0,BG
2002-04-17 00:00:00-04:00,15.268123707872755,15.396697871671853,14.978832452411844,15.107406616210938,838700,0.0,0.0,BG
2002-04-18 00:00:00-04:00,15.49312976435534,15.621702717606148,15.17169554196695,15.35169792175293,481800,0.0,0.0,BG
2002-04-19 00:00:00-04:00,15.42884342100766,15.493130513830051,14.882404971278776,15.139552116394045,434100,0.0,0.0,BG
2002-04-22 00:00:00-04:00,14.207391622168773,14.271678706213256,13.69309617598704,13.918100357055664,1399100,0.0,0.0,BG
2002-04-23 00:00:00-04:00,14.110960896497131,14.136674993111717,14.014529662213716,14.13024616241455,264900,0.0,0.0,BG
2002-04-24 00:00:00-04:00,14.14310883348324,14.779548583849044,14.14310883348324,14.560973167419434,513600,0.0,0.0,BG
2002-04-25 00:00:00-04:00,14.400256021584395,14.689547374557268,14.303825979318278,14.560973167419434,155400,0.0,0.0,BG
2002-04-26 00:00:00-04:00,14.464532979365442,14.74739530095721,14.368103004737735,14.528820037841797,126300,0.0,0.0,BG
2002-04-29 00:00:00-04:00,14.528828894646136,14.528828894646136,13.924532138465684,13.98239040374756,541100,0.0,0.0,BG
2002-04-30 00:00:00-04:00,13.98238827244491,14.335965416450842,13.98238827244491,14.220250129699709,415800,0.0,0.0,BG
2002-05-01 00:00:00-04:00,14.27167798540405,14.496680928934474,14.0981032351028,14.13024616241455,154600,0.0,0.0,BG
2002-05-02 00:00:00-04:00,14.078820437159212,14.136678702441086,13.950247468001807,13.98239040374756,112700,0.0,0.0,BG
2002-05-03 00:00:00-04:00,14.0466789574919,14.078821896569588,13.950248914084307,14.00810718536377,212400,0.0,0.0,BG
2002-05-06 00:00:00-04:00,13.950248603614986,14.020963313247016,13.596670150756836,13.596670150756836,275600,0.0,0.0,BG
2002-05-07 00:00:00-04:00,13.596661125234862,13.596661125234862,12.85736299808,12.985937118530272,555400,0.0,0.0,BG
2002-05-08 00:00:00-04:00,12.985951649843848,13.403816169638192,12.985951649843848,13.339529037475586,165800,0.0,0.0,BG
2002-05-09 00:00:00-04:00,13.403809110122918,13.564526242795436,13.210947815211249,13.513096809387209,216900,0.0,0.0,BG
2002-05-10 00:00:00-04:00,13.532389207788343,13.596676339950948,13.243098952319208,13.339529037475586,52200,0.0,0.0,BG
2002-05-13 00:00:00-04:00,13.36858436643626,13.465457916259766,13.336292361952411,13.465457916259766,207000,0.095,0.0,BG
2002-05-14 00:00:00-04:00,13.497747709419452,13.56233048188646,13.433164936952446,13.549413681030272,72000,0.0,0.0,BG
2002-05-15 00:00:00-04:00,13.53003982940482,13.581705801465644,13.400874283345791,13.54295539855957,80900,0.0,0.0,BG
2002-05-16 00:00:00-04:00,13.56232682441424,14.130652358867902,13.56232682441424,13.982112884521484,91400,0.0,0.0,BG
2002-05-17 00:00:00-04:00,14.175868153769496,14.240449708915142,14.046702579849793,14.16940975189209,106500,0.0,0.0,BG
2002-05-20 00:00:00-04:00,14.19523818810685,14.272737757313736,14.091906250373585,14.175864219665527,51200,0.0,0.0,BG
2002-05-21 00:00:00-04:00,13.885235996197451,14.040233831593223,13.756070517460996,13.788362503051758,74800,0.0,0.0,BG
2002-05-22 00:00:00-04:00,13.852957669743711,14.305034787247733,13.75608285787948,13.936914443969728,62800,0.0,0.0,BG
2002-05-23 00:00:00-04:00,13.885243313220505,13.94982608662153,13.594621448822869,13.756077766418455,39500,0.0,0.0,BG
2002-05-24 00:00:00-04:00,13.885239367852677,14.240442672909513,13.659200341083052,13.982112884521484,78600,0.0,0.0,BG
2002-05-28 00:00:00-04:00,14.111279730060186,14.20815325589674,13.94982344306136,14.014406204223633,69700,0.0,0.0,BG
2002-05-29 00:00:00-04:00,14.17586914298152,14.233993532119968,13.820664405822754,13.820664405822754,72300,0.0,0.0,BG
2002-05-30 00:00:00-04:00,13.852953820128974,13.943368972141316,13.704413058062046,13.723788261413574,98300,0.0,0.0,BG
2002-05-31 00:00:00-04:00,13.756079220626107,14.078991889953617,13.730246847623228,14.078991889953612,92200,0.0,0.0,BG
2002-06-03 00:00:00-04:00,14.143573186253276,14.305029503977202,13.911076926364304,14.040241241455078,55500,0.0,0.0,BG
2002-06-04 00:00:00-04:00,13.982114729214986,14.27273654937744,13.885241199765424,14.27273654937744,93300,0.0,0.0,BG
2002-06-05 00:00:00-04:00,14.272729477528264,14.595641903572735,14.240437495835929,14.466476440429688,74500,0.0,0.0,BG
2002-06-06 00:00:00-04:00,14.531065460876514,14.841061228406597,14.466482701354328,14.724812507629396,233600,0.0,0.0,BG
2002-06-07 00:00:00-04:00,14.563356224730766,14.853978026673769,14.563356224730766,14.724812507629396,139500,0.0,0.0,BG
2002-06-10 00:00:00-04:00,14.853984832763672,14.950858400527542,14.750652862906977,14.853984832763672,131700,0.0,0.0,BG
2002-06-11 00:00:00-04:00,14.853979748992924,14.976686883131608,14.292111277359025,14.43419361114502,71000,0.0,0.0,BG
2002-06-12 00:00:00-04:00,14.272731200593531,14.272731200593531,13.743154955037989,13.788362503051758,131800,0.0,0.0,BG
2002-06-13 00:00:00-04:00,13.659201375775467,13.691493371653603,13.536494255065918,13.536494255065918,120500,0.0,0.0,BG
2002-06-14 00:00:00-04:00,13.239420374992047,13.497750282287598,13.18775439353294,13.497750282287598,158200,0.0,0.0,BG
2002-06-17 00:00:00-04:00,13.497740429524027,13.626905904793704,13.400866938978403,13.446074485778809,77100,0.0,0.0,BG
2002-06-18 00:00:00-04:00,13.48482563449218,13.49774243029646,12.968166120455486,12.981082916259766,87900,0.0,0.0,BG
2002-06-19 00:00:00-04:00,12.91650223592182,12.929419033793016,12.755045957972795,12.819628715515137,102500,0.0,0.0,BG
2002-06-20 00:00:00-04:00,12.884212124178564,13.058583976997255,12.722755838070128,12.851920127868652,146400,0.0,0.0,BG
2002-06-21 00:00:00-04:00,13.013377574462748,13.174833874969268,12.529008672943188,12.690464973449709,535400,0.0,0.0,BG
2002-06-24 00:00:00-04:00,12.69046477127905,13.336289963016544,12.69046477127905,13.207125663757324,291100,0.0,0.0,BG
2002-06-25 00:00:00-04:00,13.336288414395614,13.665659371752565,13.303997651283888,13.626910209655762,260300,0.0,0.0,BG
2002-06-26 00:00:00-04:00,13.562330936987964,13.659204483032228,13.187752322286569,13.659204483032228,155500,0.0,0.0,BG
2002-06-27 00:00:00-04:00,13.69149363022598,14.014406204223633,13.69149363022598,14.014406204223633,139500,0.0,0.0,BG
2002-06-28 00:00:00-04:00,14.046696289176465,14.188777371407172,13.594618214730382,13.626910209655762,170900,0.0,0.0,BG
2002-07-01 00:00:00-04:00,13.626914814484527,13.91753547613802,13.562332034623504,13.568790435791016,160400,0.0,0.0,BG
2002-07-02 00:00:00-04:00,13.530036714976756,13.530036714976756,13.110249402821138,13.116707801818848,47300,0.0,0.0,BG
2002-07-03 00:00:00-04:00,13.11670833854139,13.11670833854139,12.722755838070128,12.851920127868652,111700,0.0,0.0,BG
2002-07-05 00:00:00-04:00,12.916502539625403,13.207124339492443,12.916502539625403,13.174832344055176,12800,0.0,0.0,BG
2002-07-08 00:00:00-04:00,13.045666242996337,13.562325779984636,13.019832650240172,13.239413261413574,160200,0.0,0.0,BG
2002-07-09 00:00:00-04:00,13.239414331328147,13.433161365402633,13.161914778610196,13.232955932617188,114500,0.0,0.0,BG
2002-07-10 00:00:00-04:00,13.239415460891635,13.433162511496276,12.690463841760218,12.851920127868652,127000,0.0,0.0,BG
2002-07-11 00:00:00-04:00,12.851922293456862,12.851922293456862,12.43213612520242,12.755048751831056,93100,0.0,0.0,BG
2002-07-12 00:00:00-04:00,12.787342232000832,12.787342232000832,12.46442953693198,12.54838752746582,149800,0.0,0.0,BG
2002-07-15 00:00:00-04:00,12.561303625033087,12.561303625033087,11.43110925580234,11.954227447509766,194600,0.0,0.0,BG
2002-07-16 00:00:00-04:00,11.954226803222523,11.954226803222523,10.966113621640384,11.489233016967772,333500,0.0,0.0,BG
2002-07-17 00:00:00-04:00,11.489228553764406,11.689433979984944,11.489228553764406,11.62485122680664,258100,0.0,0.0,BG
2002-07-18 00:00:00-04:00,11.62485122680664,11.708807943668944,11.075899672511392,11.62485122680664,275600,0.0,0.0,BG
2002-07-19 00:00:00-04:00,11.46339829290754,12.35463660410448,11.334232748994282,12.031723976135254,230800,0.0,0.0,BG
2002-07-22 00:00:00-04:00,12.270673589026991,12.529003312959638,11.850887633659775,11.986510276794434,267200,0.0,0.0,BG
2002-07-23 00:00:00-04:00,11.947766304016112,12.154430172725098,11.915475536460518,11.947766304016112,226200,0.0,0.0,BG
2002-07-24 00:00:00-04:00,11.947765927565724,12.302969286740812,11.68297770014856,12.270678520202637,240300,0.0,0.0,BG
2002-07-25 00:00:00-04:00,12.367551681937377,12.755047027881329,12.07693109633972,12.59359073638916,286600,0.0,0.0,BG
2002-07-26 00:00:00-04:00,12.59359143950856,12.703381773125546,12.59359143950856,12.690464973449709,80900,0.0,0.0,BG
2002-07-29 00:00:00-04:00,12.690471296216536,13.74962599287479,12.593597714010114,13.413796424865724,148400,0.0,0.0,BG
2002-07-30 00:00:00-04:00,13.271707669754775,13.303999669579042,12.99400386214913,13.181292533874512,119600,0.0,0.0,BG
2002-07-31 00:00:00-04:00,13.465455494089564,13.620453392288908,13.174833665082172,13.207125663757324,213200,0.0,0.0,BG
2002-08-01 00:00:00-04:00,13.207129637394246,13.207129637394246,12.871300141014215,12.916507720947266,60100,0.0,0.0,BG
2002-08-02 00:00:00-04:00,12.916507720947266,12.916507720947266,12.722760597858723,12.916507720947266,91200,0.0,0.0,BG
2002-08-05 00:00:00-04:00,12.91650078060724,12.91650078060724,12.75504452084965,12.793793678283691,262000,0.0,0.0,BG
2002-08-06 00:00:00-04:00,12.793797610703292,12.935879951322354,12.658174902091153,12.787339210510254,351500,0.0,0.0,BG
2002-08-07 00:00:00-04:00,12.806713037306062,12.968169329370848,12.7033811089297,12.961710929870604,184100,0.0,0.0,BG
2002-08-08 00:00:00-04:00,13.04566936582295,13.3685819616917,13.03275256635289,13.207125663757324,108800,0.0,0.0,BG
2002-08-09 00:00:00-04:00,13.21358921645382,13.885248331675545,13.181298433989632,13.730250358581545,151600,0.0,0.0,BG
2002-08-12 00:00:00-04:00,13.562324707898345,14.046693447466142,13.368577704796586,13.859403610229492,160600,0.0,0.0,BG
2002-08-13 00:00:00-04:00,13.946982361021496,13.946982361021496,13.492894068304372,13.622633934020996,155700,0.095,0.0,BG
2002-08-14 00:00:00-04:00,13.687505331150188,13.71345256469468,13.460461160502748,13.63560962677002,110300,0.0,0.0,BG
2002-08-15 00:00:00-04:00,13.629121051035934,13.700478100909182,13.52532965337906,13.622633934020996,92900,0.0,0.0,BG
2002-08-16 00:00:00-04:00,13.590200986536049,13.732913863696249,13.53181816467706,13.609661102294922,164600,0.0,0.0,BG
2002-08-19 00:00:00-04:00,13.622636722158203,13.622636722158203,13.298288228773483,13.337209701538086,81100,0.0,0.0,BG
2002-08-20 00:00:00-04:00,13.33721077303259,13.33721077303259,12.714462209602932,12.779332160949709,120300,0.0,0.0,BG
2002-08-21 00:00:00-04:00,12.779328423083204,13.051781149215966,12.422544413678535,13.038806915283203,304400,0.0,0.0,BG
2002-08-22 00:00:00-04:00,13.551277777967757,14.109157505138583,13.064755105376769,14.011853218078612,324200,0.0,0.0,BG
2002-08-23 00:00:00-04:00,14.018334543127962,14.024821657890294,13.68749911399277,13.8496732711792,193700,0.0,0.0,BG
2002-08-26 00:00:00-04:00,13.875624732293844,14.076721639494483,13.784807572455492,14.06374740600586,186900,0.0,0.0,BG
2002-08-27 00:00:00-04:00,14.070241951812474,14.109163435537807,13.752380487256964,13.882119178771973,229900,0.0,0.0,BG
2002-08-28 00:00:00-04:00,13.862659055555136,13.946989143175305,13.758866370134806,13.882119178771973,147600,0.0,0.0,BG
2002-08-29 00:00:00-04:00,13.849684815216134,13.90158053928047,13.81724921436864,13.882119178771973,106800,0.0,0.0,BG
2002-08-30 00:00:00-04:00,13.882119178771973,13.90158053928047,13.7913019709823,13.882119178771973,40900,0.0,0.0,BG
2002-09-03 00:00:00-04:00,13.719945690260408,13.869145751025538,13.719945690260408,13.823737144470217,183400,0.0,0.0,BG
2002-09-04 00:00:00-04:00,13.849681051989451,14.011855300286069,13.78481110521254,13.979419708251951,227700,0.0,0.0,BG
2002-09-05 00:00:00-04:00,13.882113739584762,13.946983678571236,13.629122338557808,13.73940086364746,285200,0.0,0.0,BG
2002-09-06 00:00:00-04:00,13.719940986176551,13.77832381381362,13.46046243961808,13.590202331542969,390700,0.0,0.0,BG
2002-09-09 00:00:00-04:00,13.590195433869606,13.616142656710345,13.350177126816709,13.440994262695312,151400,0.0,0.0,BG
2002-09-10 00:00:00-04:00,13.441001347946978,13.544792768603608,13.33072280883789,13.33072280883789,38800,0.0,0.0,BG
2002-09-11 00:00:00-04:00,13.29828959745682,13.492898218600589,13.064758262251145,13.226932525634766,123600,0.0,0.0,BG
2002-09-12 00:00:00-04:00,13.233415937797592,13.233415937797592,13.0971901886138,13.188007354736328,54700,0.0,0.0,BG
2002-09-13 00:00:00-04:00,13.233419535793704,13.525333702399658,13.168549583515556,13.45397663116455,226100,0.0,0.0,BG
2002-09-16 00:00:00-04:00,13.460455046473644,13.8496732711792,13.369637914382244,13.8496732711792,206200,0.0,0.0,BG
2002-09-17 00:00:00-04:00,13.84968406085359,13.84968406085359,13.42803117113594,13.492899894714355,244700,0.0,0.0,BG
2002-09-18 00:00:00-04:00,13.460461814098702,14.011854473218824,13.363157518322502,13.77832317352295,170400,0.0,0.0,BG
2002-09-19 00:00:00-04:00,13.940499220046604,13.940499220046604,13.54479363031167,13.557767868041992,170900,0.0,0.0,BG
2002-09-20 00:00:00-04:00,13.655070304870604,13.946984427335996,13.544791773860483,13.655070304870604,286300,0.0,0.0,BG
2002-09-23 00:00:00-04:00,14.53080551702194,14.705953919168577,14.271327090114372,14.660545349121094,566700,0.0,0.0,BG
2002-09-24 00:00:00-04:00,14.660543832697815,15.023813592793358,14.595673923358104,14.913535118103027,660700,0.0,0.0,BG
2002-09-25 00:00:00-04:00,14.952469813120128,15.049775381964578,14.72542678526096,14.855165481567385,375100,0.0,0.0,BG
2002-09-26 00:00:00-04:00,14.952462927394093,15.633595409179884,14.913541460154976,15.536291122436523,375400,0.0,0.0,BG
2002-09-27 00:00:00-04:00,15.536294662565696,15.60116337698162,15.08220623790573,15.257354736328123,371000,0.0,0.0,BG
2002-09-30 00:00:00-04:00,15.263841160144656,15.730902564043957,15.14707549984699,15.698468208312988,648400,0.0,0.0,BG
2002-10-01 00:00:00-04:00,15.893077963172768,15.977408036528304,15.62062514859815,15.666033744812012,408700,0.0,0.0,BG
2002-10-02 00:00:00-04:00,15.69197289144503,15.698460006660309,15.43898034721213,15.659537315368652,347800,0.0,0.0,BG
2002-10-03 00:00:00-04:00,15.679009696283064,16.120123943063046,15.529809653193242,16.055253982543945,760600,0.0,0.0,BG
2002-10-04 00:00:00-04:00,15.893071371113786,16.334185386727576,15.601157320401445,15.724410057067873,742900,0.0,0.0,BG
2002-10-07 00:00:00-04:00,15.666026947955745,15.841175375040626,15.004355937162355,15.017330169677734,206300,0.0,0.0,BG
2002-10-08 00:00:00-04:00,15.11463904385813,15.724414547657982,15.082204689978992,15.211944580078123,684100,0.0,0.0,BG
2002-10-09 00:00:00-04:00,15.730893866427571,15.957937942885694,15.406545539284735,15.737380981445312,819000,0.0,0.0,BG
2002-10-10 00:00:00-04:00,15.601153411939627,15.957937299793036,15.51033627993251,15.828197479248049,584900,0.0,0.0,BG
2002-10-11 00:00:00-04:00,15.893075962656551,15.925510316643416,15.730901718139648,15.730901718139648,281800,0.0,0.0,BG
2002-10-14 00:00:00-04:00,15.73089834298698,15.919021020163632,15.4260112741353,15.646568298339844,348300,0.0,0.0,BG
2002-10-15 00:00:00-04:00,15.568722278133352,15.925505002090889,15.374113744573036,15.58169651031494,766200,0.0,0.0,BG
2002-10-16 00:00:00-04:00,15.581693304961318,15.860633053029607,15.575206190205003,15.828197479248049,233900,0.0,0.0,BG
2002-10-17 00:00:00-04:00,15.828208860224969,16.08768745059754,14.303770440510284,14.54378890991211,751100,0.0,0.0,BG
2002-10-18 00:00:00-04:00,14.54378816603912,15.698469380752826,14.54378816603912,15.503859519958496,405400,0.0,0.0,BG
2002-10-21 00:00:00-04:00,16.21742048059432,16.723404445013617,16.08768062183317,16.34716033935547,1504600,0.0,0.0,BG
2002-10-22 00:00:00-04:00,16.444465647074196,16.639074210141388,16.230395732783855,16.606639862060547,636900,0.0,0.0,BG
2002-10-23 00:00:00-04:00,16.522304510883806,16.697452916911065,16.217417507173618,16.45094871520996,277200,0.0,0.0,BG
2002-10-24 00:00:00-04:00,16.606639422012858,16.943962077195845,16.476899558545234,16.690969467163086,416500,0.0,0.0,BG
2002-10-25 00:00:00-04:00,16.671509795513302,16.794761308053356,16.50933558052695,16.606639862060547,224200,0.0,0.0,BG
2002-10-28 00:00:00-05:00,16.60663319148927,16.613120305957903,16.230389213342686,16.249849319458008,358500,0.0,0.0,BG
2002-10-29 00:00:00-05:00,16.31472556359101,16.31472556359101,15.704950176895588,15.89955997467041,636700,0.0,0.0,BG
2002-10-30 00:00:00-05:00,15.828213351892108,16.645572071481133,15.828213351892108,16.502859115600586,239600,0.0,0.0,BG
2002-10-31 00:00:00-05:00,16.632589579934855,16.65205093406782,16.25634539440297,16.46392822265625,200100,0.0,0.0,BG
2002-11-01 00:00:00-05:00,16.45095134177644,16.866116900312566,16.412028642695457,16.75583839416504,321500,0.0,0.0,BG
2002-11-04 00:00:00-05:00,17.02180841710497,17.028295535307663,16.593668514057683,16.866121292114258,381700,0.0,0.0,BG
2002-11-05 00:00:00-05:00,16.67151500471674,17.07370649066917,16.463930905347713,16.496366500854492,311800,0.0,0.0,BG
2002-11-06 00:00:00-05:00,16.541763284093534,16.63258041207322,16.249849319458008,16.249849319458008,294300,0.0,0.0,BG
2002-11-07 00:00:00-05:00,16.249854924242538,16.340673320837233,16.133090535405355,16.21742057800293,133800,0.0,0.0,BG
2002-11-08 00:00:00-05:00,16.184989147723957,16.217423499807083,15.931996499768935,16.15255355834961,287800,0.0,0.0,BG
2002-11-11 00:00:00-05:00,16.210927869936796,16.301744997916483,16.13308497089437,16.249849319458008,175800,0.0,0.0,BG
2002-11-12 00:00:00-05:00,16.282285690307617,16.379589937527875,16.08767595857647,16.282285690307617,103700,0.0,0.0,BG
2002-11-13 00:00:00-05:00,16.327883859212548,16.607939508506618,16.2822936357908,16.451629638671875,106300,0.1,0.0,BG
2002-11-14 00:00:00-05:00,16.451631656446146,16.894510296416694,16.451631656446146,16.70563507080078,101600,0.0,0.0,BG
2002-11-15 00:00:00-05:00,16.731686461970266,16.86845714183223,16.497221019646318,16.607940673828125,123100,0.0,0.0,BG
2002-11-18 00:00:00-05:00,16.868450164794922,16.868450164794922,16.458137052680016,16.868450164794922,129100,0.0,0.0,BG
2002-11-19 00:00:00-05:00,16.80331792137044,16.920550574209734,16.15202650980973,16.191104888916016,159800,0.0,0.0,BG
2002-11-20 00:00:00-05:00,16.054344964118414,16.1325005381083,15.819880726630169,16.00875473022461,163900,0.0,0.0,BG
2002-11-21 00:00:00-05:00,16.015261552724766,16.015261552724766,14.979707744080832,15.168582916259766,2541300,0.0,0.0,BG
2002-11-22 00:00:00-05:00,15.16858949109697,15.233717689639365,14.979714237049908,15.155563354492188,2181500,0.0,0.0,BG
2002-11-25 00:00:00-05:00,15.15556102175039,15.207664317909028,14.986224998674675,15.162074089050291,761800,0.0,0.0,BG
2002-11-26 00:00:00-05:00,15.168586109882874,15.715670060685444,15.01227498995016,15.578899383544922,798700,0.0,0.0,BG
2002-11-27 00:00:00-05:00,15.891519624472924,15.969675186827216,15.683106447848836,15.79382610321045,567700,0.0,0.0,BG
2002-11-29 00:00:00-05:00,15.826396649616717,16.099939366036214,15.676599773116784,15.989219665527344,195800,0.0,0.0,BG
2002-12-02 00:00:00-05:00,16.021775482548506,16.021775482548506,15.175095558166504,15.175095558166504,443600,0.0,0.0,BG
2002-12-03 00:00:00-05:00,15.370487124150312,15.370487124150312,14.849452925392344,14.927608489990234,727300,0.0,0.0,BG
2002-12-04 00:00:00-05:00,14.849449494381869,15.018785476684572,14.660575557124412,15.01878547668457,592500,0.0,0.0,BG
2002-12-05 00:00:00-05:00,15.044839403068943,15.090429625991147,14.979709980791334,15.070890426635742,289900,0.0,0.0,BG
2002-12-06 00:00:00-05:00,15.070890778904792,15.175097360088545,14.836426592361573,15.031813621520996,269900,0.0,0.0,BG
2002-12-09 00:00:00-05:00,14.979705027154758,15.012269106404748,14.393542904974964,14.43262004852295,507900,0.0,0.0,BG
2002-12-10 00:00:00-05:00,14.432624431104797,14.549857139587402,14.32841785517367,14.549857139587402,529900,0.0,0.0,BG
2002-12-11 00:00:00-05:00,14.549850529781112,14.549850529781112,14.10045909883054,14.178614616394045,644600,0.0,0.0,BG
2002-12-12 00:00:00-05:00,15.435621718702246,15.552853241461392,14.98622986694878,15.207669258117676,1547200,0.0,0.0,BG
2002-12-13 00:00:00-05:00,15.01227499209545,15.109969752627478,14.84945204752938,14.960171699523926,198000,0.0,0.0,BG
2002-12-16 00:00:00-05:00,14.960169947750463,15.292328864839682,14.960169947750463,15.272790908813477,438600,0.0,0.0,BG
2002-12-17 00:00:00-05:00,15.272790303386175,15.29232825863788,14.914579136141384,15.175095558166504,617100,0.0,0.0,BG
2002-12-18 00:00:00-05:00,15.077399659005394,15.2727878761523,14.914576765836353,15.149042129516602,299400,0.0,0.0,BG
2002-12-19 00:00:00-05:00,15.149042017547748,15.207658358034568,14.654060276903529,14.849447250366213,536400,0.0,0.0,BG
2002-12-20 00:00:00-05:00,14.87550436580788,15.0643783361854,14.543345408688296,14.621500968933104,724800,0.0,0.0,BG
2002-12-23 00:00:00-05:00,14.628008354843193,14.810370445251465,14.51077691340942,14.810370445251465,350300,0.0,0.0,BG
2002-12-24 00:00:00-05:00,14.797349944079349,14.849453240837915,14.595449824419976,14.667092323303224,87600,0.0,0.0,BG
2002-12-26 00:00:00-05:00,14.673608730680368,14.9276122049145,14.660582592965577,14.914586067199709,139900,0.0,0.0,BG
2002-12-27 00:00:00-05:00,14.9145739185131,14.9145739185131,14.680109841834192,14.764777183532717,102200,0.0,0.0,BG
2002-12-30 00:00:00-05:00,14.771294773422168,15.038324249687223,14.654062078039416,15.025298118591309,221200,0.0,0.0,BG
2002-12-31 00:00:00-05:00,15.012273497942598,15.722181564973637,14.986222475369903,15.67007827758789,559800,0.0,0.0,BG
2003-01-02 00:00:00-05:00,15.63100161422349,15.85895396954566,15.500742770542134,15.565872192382812,325300,0.0,0.0,BG
2003-01-03 00:00:00-05:00,15.565873249843785,15.631002676109,15.487718932117907,15.578899383544922,244900,0.0,0.0,BG
2003-01-06 00:00:00-05:00,15.826388465190004,16.12598330549902,15.689617798830076,16.028289794921875,375100,0.0,0.0,BG
2003-01-07 00:00:00-05:00,16.269264698372787,16.783785684849978,16.24972674441151,16.581884384155273,1194900,0.0,0.0,BG
2003-01-08 00:00:00-05:00,16.5883977404614,16.70563043524576,16.3474205276182,16.640501022338867,897000,0.0,0.0,BG
2003-01-09 00:00:00-05:00,16.770768520057974,17.10292757962123,16.770768520057974,16.9531307220459,675500,0.0,0.0,BG
2003-01-10 00:00:00-05:00,16.92055847890311,17.39600113331507,16.868455191327012,17.13548469543457,415400,0.0,0.0,BG
2003-01-13 00:00:00-05:00,17.23968889887163,17.259228094864742,16.933582281754084,17.011737823486328,520000,0.0,0.0,BG
2003-01-14 00:00:00-05:00,17.05080699225644,17.526249358719912,16.933574355651285,17.422042846679688,925200,0.0,0.0,BG
2003-01-15 00:00:00-05:00,17.519752706640574,17.780269230758794,17.259236182522354,17.656524658203125,355600,0.0,0.0,BG
2003-01-16 00:00:00-05:00,17.656522222758113,17.845396210851277,17.506724155091792,17.650009155273438,421900,0.0,0.0,BG
2003-01-17 00:00:00-05:00,17.51974557533165,17.884468560638826,17.51974557533165,17.780261993408203,378200,0.0,0.0,BG
2003-01-21 00:00:00-05:00,17.812824113736234,17.877953517084748,17.519742419787942,17.591384887695312,442600,0.0,0.0,BG
2003-01-22 00:00:00-05:00,17.519741210977905,17.62394775224957,17.356918334960938,17.356918334960938,354900,0.0,0.0,BG
2003-01-23 00:00:00-05:00,17.422060010204174,17.636986308303975,17.36344363415506,17.532779693603516,542400,0.0,0.0,BG
2003-01-24 00:00:00-05:00,17.552309213764808,17.578360231943705,17.22015034686285,17.38948631286621,306500,0.0,0.0,BG
2003-01-27 00:00:00-05:00,17.2592244705444,17.2592244705444,16.607932981089895,16.803319931030273,643100,0.0,0.0,BG
2003-01-28 00:00:00-05:00,16.868449015081364,16.933578411264982,16.56234246793025,16.822858810424805,234800,0.0,0.0,BG
2003-01-29 00:00:00-05:00,16.640501234922787,16.699117583063796,16.37998482220733,16.666553497314453,250600,0.0,0.0,BG
2003-01-30 00:00:00-05:00,16.77075867696466,16.96614565980023,16.58839658200869,16.673065185546875,101600,0.0,0.0,BG
2003-01-31 00:00:00-05:00,16.673065903496116,17.076866016674803,16.64701364213481,16.933582305908203,200600,0.0,0.0,BG
2003-02-03 00:00:00-05:00,16.920553352405886,17.07686316777629,16.65352392920145,16.835886001586914,396900,0.0,0.0,BG
2003-02-04 00:00:00-05:00,16.829377523193486,16.959636359283227,16.568861093254334,16.790300369262695,291000,0.0,0.0,BG
2003-02-05 00:00:00-05:00,16.770762019091404,16.92707188495778,16.607939086867216,16.77727508544922,130500,0.0,0.0,BG
2003-02-06 00:00:00-05:00,16.73820010848521,16.751225000656,16.477682389220565,16.536298751831055,174100,0.0,0.0,BG
2003-02-07 00:00:00-05:00,16.568851993677715,16.61444218859899,16.347412839283244,16.497209548950195,186100,0.0,0.0,BG
2003-02-10 00:00:00-05:00,16.54280650874184,16.594909787421336,16.28229011534436,16.321367263793945,270400,0.0,0.0,BG
2003-02-11 00:00:00-05:00,16.32137433088231,16.731688915108013,16.32137433088231,16.614456176757812,95400,0.0,0.0,BG
2003-02-12 00:00:00-05:00,16.64060544398893,16.73868341624369,16.418294708409306,16.516372680664062,89600,0.1,0.0,BG
2003-02-13 00:00:00-05:00,16.607915863939223,16.817149253228322,16.464068220585315,16.581762313842773,341500,0.0,0.0,BG
2003-02-14 00:00:00-05:00,16.64714519439983,17.32715489061585,16.542528509924942,17.124460220336914,181500,0.0,0.0,BG
2003-02-18 00:00:00-05:00,17.196378303947657,17.27484141756406,17.013299784057526,17.137531280517578,243600,0.0,0.0,BG
2003-02-19 00:00:00-05:00,17.137532744087018,17.16368753323577,16.9675316031361,17.026378631591797,165400,0.0,0.0,BG
2003-02-20 00:00:00-05:00,16.902156835311608,16.974080057841583,16.876002029206308,16.92831039428711,213800,0.0,0.0,BG
2003-02-21 00:00:00-05:00,16.928300638927166,17.026379858171612,16.875992303990362,17.000225067138672,204300,0.0,0.0,BG
2003-02-24 00:00:00-05:00,17.00022948138855,17.00022948138855,16.542530496499406,16.640609741210938,191800,0.0,0.0,BG
2003-02-25 00:00:00-05:00,17.000216440376185,17.163680059995187,16.477133356446757,16.980600357055664,462400,0.0,0.0,BG
2003-02-26 00:00:00-05:00,16.647147734892926,16.954460383674466,16.222142233463163,16.882535934448242,700800,0.0,0.0,BG
2003-02-27 00:00:00-05:00,16.967528371441503,16.967528371441503,16.679831981245854,16.784448623657227,425200,0.0,0.0,BG
2003-02-28 00:00:00-05:00,16.80407471341998,16.94792237057029,16.80407471341998,16.934844970703125,199800,0.0,0.0,BG
2003-03-03 00:00:00-05:00,16.869451613557633,17.130994504476423,16.65367960153988,16.70598793029785,218800,0.0,0.0,BG
2003-03-04 00:00:00-05:00,16.70598963855058,16.771375367966222,16.522911092741644,16.54906463623047,286100,0.0,0.0,BG
2003-03-05 00:00:00-05:00,16.607913255333973,16.607913255333973,16.34637155980296,16.529451370239258,114400,0.0,0.0,BG
2003-03-06 00:00:00-05:00,16.581765131403124,16.581765131403124,16.0194493667934,16.176374435424805,519900,0.0,0.0,BG
2003-03-07 00:00:00-05:00,16.17637017962916,16.529452426505596,15.947520713742126,16.346372604370117,260100,0.0,0.0,BG
2003-03-10 00:00:00-05:00,16.215600034674615,16.222138732932343,15.960597038269045,15.960597038269045,324200,0.0,0.0,BG
2003-03-11 00:00:00-05:00,16.019452742425575,16.209071353101102,16.00637533883488,16.05214500427246,87200,0.0,0.0,BG
2003-03-12 00:00:00-05:00,16.019438005534244,16.189440354432094,16.00636061397394,16.150209426879883,87200,0.0,0.0,BG
2003-03-13 00:00:00-05:00,16.313674239936326,16.339827777787807,16.19598020178268,16.287519454956055,153200,0.0,0.0,BG
2003-03-14 00:00:00-05:00,16.379062911723913,16.712529023031845,16.26137009049386,16.575220108032227,300800,0.0,0.0,BG
2003-03-17 00:00:00-05:00,16.575216116412207,16.673294067382812,16.3529054290768,16.673294067382812,295800,0.0,0.0,BG
2003-03-18 00:00:00-05:00,16.673300215606076,16.673300215606076,16.392142404586547,16.477144241333008,237600,0.0,0.0,BG
2003-03-19 00:00:00-05:00,16.54252057754193,16.575214055219107,16.339826004458033,16.379056930541992,272500,0.0,0.0,BG
2003-03-20 00:00:00-05:00,16.02599144422092,16.235224913152642,16.019452742425575,16.05214500427246,384300,0.0,0.0,BG
2003-03-21 00:00:00-05:00,16.052131378648767,16.4248295818449,16.052131378648767,16.287519454956055,340200,0.0,0.0,BG
2003-03-24 00:00:00-05:00,16.294071197509766,16.339840860743227,16.091376440134532,16.294071197509766,261000,0.0,0.0,BG
2003-03-25 00:00:00-05:00,16.25483201209177,16.40521832866945,16.202523673841746,16.307140350341797,92700,0.0,0.0,BG
2003-03-26 00:00:00-05:00,16.156751721692643,16.2744457867799,15.921364838647202,15.967134475708008,300500,0.0,0.0,BG
2003-03-27 00:00:00-05:00,15.954054588406734,16.1698265916562,15.921362351934858,16.006362915039062,278400,0.0,0.0,BG
2003-03-28 00:00:00-05:00,16.006360582502417,16.3463652796296,15.954052263492752,16.339826583862305,270600,0.0,0.0,BG
2003-03-31 00:00:00-05:00,16.28099012543785,16.6798420959517,16.222143072505332,16.450992584228516,344100,0.0,0.0,BG
2003-04-01 00:00:00-05:00,16.490217107557168,16.535987989759214,16.084827842228382,16.169828414916992,275700,0.0,0.0,BG
2003-04-02 00:00:00-05:00,16.24829162838664,16.34636959654007,16.084827932421238,16.235214233398438,605700,0.0,0.0,BG
2003-04-03 00:00:00-05:00,16.346374665847932,16.346374665847932,16.084832920620247,16.182910919189453,268600,0.0,0.0,BG
2003-04-04 00:00:00-05:00,16.18290427996552,16.26136739490813,16.117518558701494,16.2025203704834,194700,0.0,0.0,BG
2003-04-07 00:00:00-04:00,16.640605812620873,16.96753322546506,16.483679556982047,16.80406951904297,848100,0.0,0.0,BG
2003-04-08 00:00:00-04:00,16.84329995434299,17.19638090112047,16.84329995434299,17.16368865966797,598000,0.0,0.0,BG
2003-04-09 00:00:00-04:00,17.130994250094872,17.78484897342477,17.130994250094872,17.654077529907227,756100,0.0,0.0,BG
2003-04-10 00:00:00-04:00,17.65408470947726,17.87639550558918,17.582160261579457,17.85024070739746,500500,0.0,0.0,BG
2003-04-11 00:00:00-04:00,17.981018538231957,17.981018538231957,17.58870515706274,17.7194766998291,213400,0.0,0.0,BG
2003-04-14 00:00:00-04:00,17.726009745510204,17.863318699184266,17.63446919593137,17.78485679626465,524700,0.0,0.0,BG
2003-04-15 00:00:00-04:00,17.73908725691979,17.92216712297393,17.719472403251903,17.889474868774414,461800,0.0,0.0,BG
2003-04-16 00:00:00-04:00,17.811000414540388,17.91561705817212,17.667152841328953,17.752153396606445,424600,0.0,0.0,BG
2003-04-17 00:00:00-04:00,17.752159284140603,17.974470037369965,17.752159284140603,17.882930755615234,283200,0.0,0.0,BG
2003-04-21 00:00:00-04:00,17.88292957419975,17.909083118489363,17.556002164240446,17.706388473510742,338600,0.0,0.0,BG
2003-04-22 00:00:00-04:00,17.621385292592297,17.654077529907227,17.49061384907475,17.654077529907227,283100,0.0,0.0,BG
2003-04-23 00:00:00-04:00,17.654074600915813,17.7979221672162,17.523303179094583,17.608304977416992,595600,0.0,0.0,BG
2003-04-24 00:00:00-04:00,17.392540844174285,17.75216054558993,17.392540844174285,17.601774215698242,339100,0.0,0.0,BG
2003-04-25 00:00:00-04:00,17.601772116864844,17.647541755536984,17.327153037702878,17.444847106933594,105100,0.0,0.0,BG
2003-04-28 00:00:00-04:00,17.444849896789858,18.046396487959484,17.444849896789858,17.974472045898438,693200,0.0,0.0,BG
2003-04-29 00:00:00-04:00,18.30793311954524,19.41948670065493,18.20331645863244,18.739477157592773,1244300,0.0,0.0,BG
2003-04-30 00:00:00-04:00,18.69370791398217,18.72640015352549,18.2490864722707,18.314472198486328,295400,0.0,0.0,BG
2003-05-01 00:00:00-04:00,18.144466910744484,18.412547222988785,18.0790811949737,18.268699645996094,566800,0.0,0.0,BG
2003-05-02 00:00:00-04:00,18.26870317562243,18.373319842216752,18.17716265700562,18.30139541625977,189200,0.0,0.0,BG
2003-05-05 00:00:00-04:00,18.340632021122666,18.340632021122666,17.915626525878906,17.915626525878906,476900,0.0,0.0,BG
2003-05-06 00:00:00-04:00,17.92216306566137,18.647942418176857,17.817546379351118,18.53678703308105,623900,0.0,0.0,BG
2003-05-07 00:00:00-04:00,18.438709084634706,18.438709084634706,17.92216310364497,18.013702392578125,718700,0.0,0.0,BG
2003-05-08 00:00:00-04:00,17.948320023746533,18.007167072778838,17.817548526534875,17.915626525878906,418800,0.0,0.0,BG
2003-05-09 00:00:00-04:00,18.079082266470767,18.11177574985821,17.81754063501558,17.922157287597656,570300,0.0,0.0,BG
2003-05-12 00:00:00-04:00,18.07908529585217,18.177163268190974,17.98100732351337,18.033315658569336,269200,0.0,0.0,BG
2003-05-13 00:00:00-04:00,17.980823051361085,18.07925796508789,17.88238813763428,18.07925796508789,446100,0.1,0.0,BG
2003-05-14 00:00:00-04:00,18.072687923118608,18.374555011797877,18.072687923118608,18.308931350708008,214800,0.0,0.0,BG
2003-05-15 00:00:00-04:00,18.37456260451096,18.4204988107554,18.15800530959593,18.22362899780273,225900,0.0,0.0,BG
2003-05-16 00:00:00-04:00,18.217068782824388,18.39425238764862,18.046447672808597,18.269567489624023,227200,0.0,0.0,BG
2003-05-19 00:00:00-04:00,18.30893794782167,18.367999138916872,18.01363324401332,18.0333194732666,394000,0.0,0.0,BG
2003-05-20 00:00:00-04:00,18.053001500628262,18.079250215592506,17.685510729457896,17.77082061767578,255100,0.0,0.0,BG
2003-05-21 00:00:00-04:00,17.783947770025094,17.783947770025094,17.60676422865381,17.652700424194336,258000,0.0,0.0,BG
2003-05-22 00:00:00-04:00,17.816758301880242,18.42049381669967,17.718323422090993,18.31549644470215,291600,0.0,0.0,BG
2003-05-23 00:00:00-04:00,18.335182707546696,18.36799391474856,18.15143669288124,18.322057723999023,180400,0.0,0.0,BG
2003-05-27 00:00:00-04:00,18.21706053501363,18.394244059617662,18.21706053501363,18.341745376586918,410600,0.0,0.0,BG
2003-05-28 00:00:00-04:00,18.34830475134524,18.66329806917275,18.34174351184237,18.56486320495605,262200,0.0,0.0,BG
2003-05-29 00:00:00-04:00,18.604243710975155,18.643617420742373,18.538620026918014,18.61736869812012,182100,0.0,0.0,BG
2003-05-30 00:00:00-04:00,18.63705090152361,18.99798046004241,18.59767720026121,18.965167999267575,541700,0.0,0.0,BG
2003-06-02 00:00:00-04:00,19.030783602825093,19.326089366294298,18.952034982011018,19.201404571533203,588700,0.0,0.0,BG
2003-06-03 00:00:00-04:00,19.030786074484304,19.299841915403995,19.01109860380712,19.267030715942383,245600,0.0,0.0,BG
2003-06-04 00:00:00-04:00,19.55577476460551,19.66077211556085,19.3917162472794,19.49015235900879,632100,0.0,0.0,BG
2003-06-05 00:00:00-04:00,19.52296939791762,19.988895125605325,19.457345721036493,19.877336502075195,592400,0.0,0.0,BG
2003-06-06 00:00:00-04:00,19.949511069360717,20.07419586557553,19.391711982785893,19.50983428955078,340100,0.0,0.0,BG
2003-06-09 00:00:00-04:00,19.621398592684443,19.621398592684443,19.24078287924108,19.29328155517578,214800,0.0,0.0,BG
2003-06-10 00:00:00-04:00,19.326091553591603,19.588584899902344,19.326091553591603,19.588584899902344,140600,0.0,0.0,BG
2003-06-11 00:00:00-04:00,19.58859299451254,19.85108644929366,19.522969317900376,19.719839096069336,344900,0.0,0.0,BG
2003-06-12 00:00:00-04:00,19.982332178102837,19.982332178102837,19.56234143292764,19.680463790893555,181100,0.0,0.0,BG
2003-06-13 00:00:00-04:00,19.713276037347548,19.726399770125955,19.457343847323784,19.65421485900879,167200,0.0,0.0,BG
2003-06-16 00:00:00-04:00,19.818271216091063,20.054514651631248,19.78545875860821,19.91670608520508,183500,0.0,0.0,BG
2003-06-17 00:00:00-04:00,19.91670568862647,20.00201557304867,19.732959685383037,19.870769500732425,258200,0.0,0.0,BG
2003-06-18 00:00:00-04:00,19.85108644929366,19.870773927777567,19.706715362080924,19.719839096069336,265100,0.0,0.0,BG
2003-06-19 00:00:00-04:00,19.687027968012817,19.687027968012817,18.833923923399272,19.129228591918945,1119900,0.0,0.0,BG
2003-06-20 00:00:00-04:00,19.122660792787997,19.240783128085557,18.89297986489516,19.03078842163086,286100,0.0,0.0,BG
2003-06-23 00:00:00-04:00,19.030792233830027,19.030792233830027,18.722362603399265,18.80767250061035,154000,0.0,0.0,BG
2003-06-24 00:00:00-04:00,18.801106242070844,19.16203573899864,18.7748575295976,19.03078842163086,405800,0.0,0.0,BG
2003-06-25 00:00:00-04:00,19.03078552694627,19.181719042794388,18.899538229541918,19.063596725463867,321800,0.0,0.0,BG
2003-06-26 00:00:00-04:00,19.063599445161007,19.10297439099991,18.87985470458146,19.01110076904297,263400,0.0,0.0,BG
2003-06-27 00:00:00-04:00,18.997971419807357,19.096406251956587,18.873286631529364,18.95203399658203,198100,0.0,0.0,BG
2003-06-30 00:00:00-04:00,18.866730151586864,18.866730151586864,18.64361046009559,18.768295288085938,395000,0.0,0.0,BG
2003-07-01 00:00:00-04:00,18.735478425141928,19.0373466874228,18.505797548225605,18.984848022460938,225000,0.0,0.0,BG
2003-07-02 00:00:00-04:00,19.06359639437942,19.326090984629296,18.886414173127815,19.09640884399414,298700,0.0,0.0,BG
2003-07-03 00:00:00-04:00,18.99798469413005,19.16204327956583,18.978297213277397,19.08985710144043,88500,0.0,0.0,BG
2003-07-07 00:00:00-04:00,19.16203319043325,19.234218078884417,19.08984705031507,19.10297203063965,267400,0.0,0.0,BG
2003-07-08 00:00:00-04:00,18.99798355939133,19.18172836303711,18.932359878803144,19.18172836303711,226700,0.0,0.0,BG
2003-07-09 00:00:00-04:00,19.135785877141217,19.20140953617587,19.01766354121228,19.116098403930664,197900,0.0,0.0,BG
2003-07-10 00:00:00-04:00,19.116105824242965,19.116105824242965,18.96517222604229,19.08985710144043,96500,0.0,0.0,BG
2003-07-11 00:00:00-04:00,19.063598592528148,19.162034701055617,18.93235253393671,19.057037353515625,111700,0.0,0.0,BG
2003-07-14 00:00:00-04:00,19.08327659954609,19.319521140170863,18.96515432923371,18.997966766357425,191400,0.0,0.0,BG
2003-07-15 00:00:00-04:00,19.52952877344829,19.818272154635213,19.33265777422967,19.805147171020508,1134500,0.0,0.0,BG
2003-07-16 00:00:00-04:00,19.75264128820342,19.88388732150808,19.58858280782244,19.851076126098636,544200,0.0,0.0,BG
2003-07-17 00:00:00-04:00,19.85108475398172,19.88389596365191,19.732962396501154,19.818273544311523,332300,0.0,0.0,BG
2003-07-18 00:00:00-04:00,19.982332618680115,20.07420500949372,19.85108527323144,20.028268814086918,352300,0.0,0.0,BG
2003-07-21 00:00:00-04:00,19.94952145837897,20.061081333790447,19.87733654017216,19.88389778137207,693900,0.0,0.0,BG
2003-07-22 00:00:00-04:00,20.14639417505136,20.17920539046636,20.02827179688912,20.08077049255371,350900,0.0,0.0,BG
2003-07-23 00:00:00-04:00,20.11358170796872,20.198892870715945,20.041396783722178,20.08077049255371,242000,0.0,0.0,BG
2003-07-24 00:00:00-04:00,20.04795861748953,20.04795861748953,19.897025019455207,19.923274993896484,283000,0.0,0.0,BG
2003-07-25 00:00:00-04:00,19.88390542077248,20.00859032982281,19.79203298866593,19.96265411376953,151200,0.0,0.0,BG
2003-07-28 00:00:00-04:00,20.01514736948932,20.047958585821416,19.759216377429507,19.844526290893555,164300,0.0,0.0,BG
2003-07-29 00:00:00-04:00,20.034822074725408,20.034822074725408,19.851076126098636,19.851076126098636,247200,0.0,0.0,BG
2003-07-30 00:00:00-04:00,19.883892713009438,19.936391390899647,19.614836832363693,19.667335510253903,191000,0.0,0.0,BG
2003-07-31 00:00:00-04:00,19.68702606845592,19.77889845624181,19.60171617289293,19.65421485900879,151400,0.0,0.0,BG
2003-08-01 00:00:00-04:00,19.52953175847009,19.536094251280492,19.063604782271263,19.188289642333984,400200,0.0,0.0,BG
2003-08-04 00:00:00-04:00,19.12922602564945,19.23422339392626,18.879857588908877,18.97829246520996,275500,0.0,0.0,BG
2003-08-05 00:00:00-04:00,18.99798076463502,19.03079197426852,18.8667334227662,18.92579460144043,217500,0.0,0.0,BG
2003-08-06 00:00:00-04:00,18.925798244119637,18.984859434161464,18.768302154563973,18.906110763549805,94500,0.0,0.0,BG
2003-08-07 00:00:00-04:00,18.801109751831792,18.965168303334107,18.591115006175617,18.92579460144043,301300,0.0,0.0,BG
2003-08-08 00:00:00-04:00,18.997984421208017,19.129230536670573,18.86017456055453,18.906110763549805,178200,0.0,0.0,BG
2003-08-11 00:00:00-04:00,18.96515842936642,19.017657088447702,18.66329145256571,18.82078742980957,161600,0.0,0.0,BG
2003-08-12 00:00:00-04:00,18.735479142087414,18.912662612489008,18.70266794460576,18.85360145568848,283900,0.0,0.0,BG
2003-08-13 00:00:00-04:00,19.005114969086986,19.090752714791872,18.86018781354047,18.99193954467773,191300,0.11,0.0,BG
2003-08-14 00:00:00-04:00,18.972186720857927,19.103938523612094,18.74820941006283,19.090763092041016,142700,0.0,0.0,BG
2003-08-15 00:00:00-04:00,19.090760461324415,19.268624993589228,19.077585031568923,19.18298721313477,60000,0.0,0.0,BG
2003-08-18 00:00:00-04:00,19.08417426961145,19.24227566986156,19.018299628532585,19.110525131225582,200000,0.0,0.0,BG
2003-08-19 00:00:00-04:00,19.10393626413498,19.433314475585583,19.10393626413498,19.413551330566406,255300,0.0,0.0,BG
2003-08-20 00:00:00-04:00,19.41355266416044,19.5453044603825,19.34109030706873,19.44649124145508,637100,0.0,0.0,BG
2003-08-21 00:00:00-04:00,19.630939782784328,19.630939782784328,19.39378833843993,19.433313369750977,453500,0.0,0.0,BG
2003-08-22 00:00:00-04:00,19.466257652538136,19.51237167146096,19.32791936520529,19.40038299560547,411800,0.0,0.0,BG
2003-08-25 00:00:00-04:00,19.3674366242514,19.736339831971776,19.321323880346103,19.663877487182617,249700,0.0,0.0,BG
2003-08-26 00:00:00-04:00,19.72315746459044,19.72315746459044,19.433304436436664,19.650693893432617,337000,0.0,0.0,BG
2003-08-27 00:00:00-04:00,19.61776811682465,19.795631408691406,19.48601632031466,19.795631408691406,234600,0.0,0.0,BG
2003-08-28 00:00:00-04:00,19.79562744079016,19.98666738178913,19.66387692716693,19.77586555480957,424400,0.0,0.0,BG
2003-08-29 00:00:00-04:00,19.8285628787975,19.986664224053403,19.821975165685444,19.93396377563477,251500,0.0,0.0,BG
2003-09-02 00:00:00-04:00,20.059138454998084,20.07890034834192,19.92079891919889,20.03937530517578,404000,0.0,0.0,BG
2003-09-03 00:00:00-04:00,20.07890034834192,20.15795169115267,19.98667482879477,20.03937530517578,307300,0.0,0.0,BG
2003-09-04 00:00:00-04:00,20.026199871960912,20.15795169115267,19.854923009603013,20.03937530517578,404600,0.0,0.0,BG
2003-09-05 00:00:00-04:00,20.039364555733428,20.13817773888301,20.039364555733428,20.072301864624023,279000,0.0,0.0,BG
2003-09-08 00:00:00-04:00,20.03936898821591,20.507085411600496,20.03936898821591,20.35557174682617,338700,0.0,0.0,BG
2003-09-09 00:00:00-04:00,20.4214566177724,20.447807487485715,20.29629249959139,20.38851928710937,457600,0.0,0.0,BG
2003-09-10 00:00:00-04:00,20.289692185397143,20.29627989873552,19.97348948402214,20.092065811157227,303200,0.0,0.0,BG
2003-09-11 00:00:00-04:00,19.99326026434914,20.355575841071797,19.99326026434914,20.283113479614254,295300,0.0,0.0,BG
2003-09-12 00:00:00-04:00,20.223822520005516,20.223822520005516,19.927381629536843,19.993257522583008,343800,0.0,0.0,BG
2003-09-15 00:00:00-04:00,19.993258793886216,19.993258793886216,19.677055994932147,19.83515739440918,382900,0.0,0.0,BG
2003-09-16 00:00:00-04:00,18.77455697351936,19.070997849376685,17.786422395965705,18.030162811279297,4699700,0.0,0.0,BG
2003-09-17 00:00:00-04:00,18.016986019257867,18.54399058483376,18.016986019257867,18.122386932373047,1681100,0.0,0.0,BG
2003-09-18 00:00:00-04:00,18.280495031963422,18.484709219245268,18.122393604086025,18.432008743286133,962600,0.0,0.0,BG
2003-09-19 00:00:00-04:00,18.44518494806933,18.55058590439716,18.405659903566026,18.53082275390625,690600,0.0,0.0,BG
2003-09-22 00:00:00-04:00,18.313422033481142,18.32659745916248,18.063095227924613,18.12897109985352,1051300,0.0,0.0,BG
2003-09-23 00:00:00-04:00,18.12897422249272,18.629629176319234,18.12897422249272,18.379301071166992,422300,0.0,0.0,BG
2003-09-24 00:00:00-04:00,18.40565026968594,18.51105117084486,18.188260753985933,18.30683708190918,485500,0.0,0.0,BG
2003-09-25 00:00:00-04:00,18.24755716469378,18.27390677365295,18.12239306682208,18.14874267578125,357000,0.0,0.0,BG
2003-09-26 00:00:00-04:00,18.15532317083631,18.201435910532265,18.023572665487578,18.09603500366211,247900,0.0,0.0,BG
2003-09-29 00:00:00-04:00,18.102623797433573,18.247550995385076,18.0499233408543,18.20143699645996,363600,0.0,0.0,BG
2003-09-30 00:00:00-04:00,18.247554560319458,18.30025502719456,18.0367514363408,18.115802764892575,369000,0.0,0.0,BG
2003-10-01 00:00:00-04:00,18.1816750796239,18.320013306730004,18.14215005137616,18.24755096435547,267400,0.0,0.0,BG
2003-10-02 00:00:00-04:00,18.366125479981,18.56375312805176,18.240962684995274,18.56375312805176,356300,0.0,0.0,BG
2003-10-03 00:00:00-04:00,18.563751498033525,18.60986423492432,18.4122378606844,18.44517517089844,430100,0.0,0.0,BG
2003-10-06 00:00:00-04:00,18.41224266342276,18.45176769728507,18.18167766234927,18.28049087524414,606900,0.0,0.0,BG
2003-10-07 00:00:00-04:00,18.128978404204968,18.43859349359684,18.122390688710045,18.32660484313965,232700,0.0,0.0,BG
2003-10-08 00:00:00-04:00,18.44517695444274,18.44517695444274,18.194850105768463,18.379301071166992,253700,0.0,0.0,BG
2003-10-09 00:00:00-04:00,18.37930946935557,18.52423673008045,18.333196706935304,18.47812271118164,276400,0.0,0.0,BG
2003-10-10 00:00:00-04:00,18.478114676198977,18.54399056093055,18.214612393750688,18.24755096435547,419700,0.0,0.0,BG
2003-10-13 00:00:00-04:00,18.44517736207219,18.471528218556013,18.24755096435547,18.24755096435547,405100,0.0,0.0,BG
2003-10-14 00:00:00-04:00,18.24755588756315,18.320018249488097,18.049928180048298,18.227792739868164,673800,0.0,0.0,BG
2003-10-15 00:00:00-04:00,18.352951328016097,18.47152766568824,18.30683858702759,18.438589096069336,509400,0.0,0.0,BG
2003-10-16 00:00:00-04:00,18.524228265669223,18.543990151117374,18.359539185718845,18.379301071166992,447600,0.0,0.0,BG
2003-10-17 00:00:00-04:00,18.379311844424254,18.405662715771623,18.32002364037138,18.34637451171875,262700,0.0,0.0,BG
2003-10-20 00:00:00-04:00,18.326611358208226,18.44518776631397,18.28049858982903,18.34637451171875,316900,0.0,0.0,BG
2003-10-21 00:00:00-04:00,18.28049209115344,18.385893026115703,18.28049209115344,18.32660484313965,232400,0.0,0.0,BG
2003-10-22 00:00:00-04:00,18.32660102085096,18.366126049098707,18.24755096435547,18.24755096435547,146400,0.0,0.0,BG
2003-10-23 00:00:00-04:00,18.148737074032983,18.273901133271828,18.122387473206825,18.21461296081543,296000,0.0,0.0,BG
2003-10-24 00:00:00-04:00,18.1816750796239,18.28048827848226,18.09603605252946,18.24755096435547,358800,0.0,0.0,BG
2003-10-27 00:00:00-05:00,18.18168285191059,18.3595474397758,18.128982372892587,18.188270568847656,264000,0.0,0.0,BG
2003-10-28 00:00:00-05:00,18.267312188197096,18.280487615961505,18.01698534306305,18.16849899291992,268700,0.0,0.0,BG
2003-10-29 00:00:00-05:00,18.115802655126792,18.234379018996865,17.957701255459437,18.0499267578125,662200,0.0,0.0,BG
2003-10-30 00:00:00-05:00,18.049914762254684,18.313416919916143,17.964277032193735,18.082853317260746,1144900,0.0,0.0,BG
2003-10-31 00:00:00-05:00,18.04993286833479,18.148746119518787,17.727142244345114,17.852306365966797,1140900,0.0,0.0,BG
2003-11-03 00:00:00-05:00,17.819362906750015,17.84571376998433,17.72713739838656,17.825950622558594,428600,0.0,0.0,BG
2003-11-04 00:00:00-05:00,17.819362176232485,17.845713038386524,17.489983938176593,17.52292251586914,709000,0.0,0.0,BG
2003-11-05 00:00:00-05:00,17.555850230279166,17.621726093137813,17.200122581206593,17.31869888305664,973600,0.0,0.0,BG
2003-11-06 00:00:00-05:00,17.457045402732735,17.52292129705755,17.325293614083105,17.476808547973633,493100,0.0,0.0,BG
2003-11-07 00:00:00-05:00,17.641493945528055,17.72713171060591,17.58220577875188,17.62173080444336,873200,0.0,0.0,BG
2003-11-10 00:00:00-05:00,17.753487056990586,17.83253712837309,17.56903479630103,17.700786590576172,460700,0.0,0.0,BG
2003-11-11 00:00:00-05:00,17.667844876021665,17.957698018063155,17.667844876021665,17.93793487548828,283300,0.0,0.0,BG
2003-11-12 00:00:00-05:00,17.89163146595254,17.984232267478447,17.82548965831504,17.85856056213379,327200,0.11,0.0,BG
2003-11-13 00:00:00-05:00,17.85856587516477,18.12975140419502,17.719666523913688,18.05038070678711,457600,0.0,0.0,BG
2003-11-14 00:00:00-05:00,18.056995275621407,18.255424557623865,18.05038210163845,18.189281463623047,345000,0.0,0.0,BG
2003-11-17 00:00:00-05:00,18.28849350190251,18.28849350190251,17.957779329131856,18.103294372558597,285900,0.0,0.0,BG
2003-11-18 00:00:00-05:00,18.096677636487737,18.182662755381237,18.030534558029665,18.10990524291992,128500,0.0,0.0,BG
2003-11-19 00:00:00-05:00,18.04375900311249,18.04375900311249,17.772573583324785,17.792415618896484,245400,0.0,0.0,BG
2003-11-20 00:00:00-05:00,17.792417492922176,17.91147476518826,17.69981795297038,17.85856056213379,259200,0.0,0.0,BG
2003-11-21 00:00:00-05:00,17.825488761880155,18.05698760011768,17.825488761880155,17.88501739501953,203700,0.0,0.0,BG
2003-11-24 00:00:00-05:00,17.85856763329377,17.990853824096163,17.779195666497415,17.911481857299805,296400,0.0,0.0,BG
2003-11-25 00:00:00-05:00,18.2884869612126,18.78455804295385,18.2884869612126,18.652273178100582,1065900,0.0,0.0,BG
2003-11-26 00:00:00-05:00,18.75148935236083,18.87054662786378,18.65227537663309,18.811017990112305,492800,0.0,0.0,BG
2003-11-28 00:00:00-05:00,18.78456061748973,18.84408925638336,18.738260845366728,18.837474822998047,88400,0.0,0.0,BG
2003-12-01 00:00:00-05:00,18.83748288537794,19.062368670432186,18.83748288537794,18.91685485839844,358000,0.0,0.0,BG
2003-12-02 00:00:00-05:00,18.93669131306434,18.943305747327223,18.59936399667763,18.718420028686523,292700,0.0,0.0,BG
2003-12-03 00:00:00-05:00,18.70519722941512,18.86393990780196,18.685353921526268,18.744882583618164,245500,0.0,0.0,BG
2003-12-04 00:00:00-05:00,18.78457258323566,18.930087687257068,18.61921542799314,18.69858741760254,560100,0.0,0.0,BG
2003-12-05 00:00:00-05:00,19.247565421196025,19.512136511408706,19.062365027259908,19.445993423461918,1039700,0.0,0.0,BG
2003-12-08 00:00:00-05:00,19.445986906189244,19.882529374127696,19.445986906189244,19.776700973510746,756300,0.0,0.0,BG
2003-12-09 00:00:00-05:00,19.86931170077553,20.1404972705899,19.842853956610867,20.07435417175293,807900,0.0,0.0,BG
2003-12-10 00:00:00-05:00,20.014817614556364,20.140489326620724,19.942060108375813,20.13387489318848,696500,0.0,0.0,BG
2003-12-11 00:00:00-05:00,20.05450605127523,20.14049243760208,19.96190649206881,20.04789161682129,565600,0.0,0.0,BG
2003-12-12 00:00:00-05:00,20.107419105570347,20.484433016678807,20.008205117632485,20.438133239746094,895500,0.0,0.0,BG
2003-12-15 00:00:00-05:00,20.50428117512666,20.9342093990644,20.497666739487663,20.702709197998047,1256800,0.0,0.0,BG
2003-12-16 00:00:00-05:00,20.755620953701467,20.88129269275082,20.40506473753802,20.603492736816406,361800,0.0,0.0,BG
2003-12-17 00:00:00-05:00,20.6034921867547,20.729163922448933,20.54396353624556,20.65640640258789,345300,0.0,0.0,BG
2003-12-18 00:00:00-05:00,20.50428669036381,20.920986155107254,20.50428669036381,20.83500099182129,568900,0.0,0.0,BG
2003-12-19 00:00:00-05:00,20.834996017434364,20.868066935054404,20.7159386954828,20.85483932495117,317400,0.0,0.0,BG
2003-12-22 00:00:00-05:00,20.76884693039798,20.954047295748147,20.75561806253562,20.91436195373535,556800,0.0,0.0,BG
2003-12-23 00:00:00-05:00,20.93420389959709,21.297990194726538,20.93420389959709,21.23184585571289,566900,0.0,0.0,BG
2003-12-24 00:00:00-05:00,21.23185599577273,21.8932845629077,21.23185599577273,21.8271427154541,722100,0.0,0.0,BG
2003-12-26 00:00:00-05:00,21.92634822141044,22.08508959369355,21.74114658954864,21.754375457763672,239100,0.0,0.0,BG
2003-12-29 00:00:00-05:00,21.794057623912902,21.827128526141077,21.55594309083312,21.72130012512207,345000,0.0,0.0,BG
2003-12-30 00:00:00-05:00,21.721312266473653,21.82052755176367,21.681625647727746,21.77422523498535,208000,0.0,0.0,BG
2003-12-31 00:00:00-05:00,21.78084093301776,21.82052755176367,21.74777001230426,21.77422523498535,165600,0.0,0.0,BG
2004-01-02 00:00:00-05:00,21.813904705136583,21.946190867788847,21.721305148224605,21.820520401000977,238500,0.0,0.0,BG
2004-01-05 00:00:00-05:00,22.124780064302776,22.15123780535592,22.025564796928027,22.05863571166992,366000,0.0,0.0,BG
2004-01-06 00:00:00-05:00,22.065251004478416,22.065251004478416,21.81390751537396,21.94619369506836,220500,0.0,0.0,BG
2004-01-07 00:00:00-05:00,21.99249009148581,22.349661964692675,21.91973257770493,22.24383354187012,846100,0.0,0.0,BG
2004-01-08 00:00:00-05:00,22.356278754259996,22.87880778036378,22.25706601108333,22.77959251403809,882200,0.0,0.0,BG
2004-01-09 00:00:00-05:00,22.720067492199863,22.779596156885123,22.52163945096548,22.58778381347656,592100,0.0,0.0,BG
2004-01-12 00:00:00-05:00,22.587782753720827,22.6076247999685,22.02556705292664,22.356281280517575,214600,0.0,0.0,BG
2004-01-13 00:00:00-05:00,22.23060828560308,22.455494036033528,22.164463933624106,22.32320785522461,203800,0.0,0.0,BG
2004-01-14 00:00:00-05:00,22.32320292705524,22.32320292705524,21.972646769978628,22.27690315246582,209500,0.0,0.0,BG
2004-01-15 00:00:00-05:00,22.32320825616593,22.54148083689333,22.223992987990005,22.43564987182617,370000,0.0,0.0,BG
2004-01-16 00:00:00-05:00,22.58778325681804,22.58778325681804,22.316597685079334,22.36951065063477,252800,0.0,0.0,BG
2004-01-20 00:00:00-05:00,22.389353660678257,22.554710785271595,22.36289843833693,22.548097610473636,197400,0.0,0.0,BG
2004-01-21 00:00:00-05:00,22.554699883039927,22.71344375610352,22.422416265826577,22.71344375610352,250200,0.0,0.0,BG
2004-01-22 00:00:00-05:00,22.75312918420458,22.75312918420458,22.43564145441638,22.5150146484375,191700,0.0,0.0,BG
2004-01-23 00:00:00-05:00,22.581166931806365,22.6208535472324,22.30336819327204,22.48856735229492,282100,0.0,0.0,BG
2004-01-26 00:00:00-05:00,22.50179636643404,22.885423558715043,22.409196786336874,22.86558151245117,382400,0.0,0.0,BG
2004-01-27 00:00:00-05:00,22.885418252870007,23.183061493567912,22.667148225124038,23.163219451904297,433000,0.0,0.0,BG
2004-01-28 00:00:00-05:00,23.0177003814401,23.64605766313201,22.98462947675069,23.3748722076416,728800,0.0,0.0,BG
2004-01-29 00:00:00-05:00,23.36826289845216,23.36826289845216,22.653919127976835,22.786205291748047,329800,0.0,0.0,BG
2004-01-30 00:00:00-05:00,22.72005659880288,22.77297206344081,22.323200706611303,22.6208438873291,326900,0.0,0.0,BG
2004-02-02 00:00:00-05:00,22.75313888422124,22.75313888422124,21.9991083584545,22.02556610107422,837800,0.0,0.0,BG
2004-02-03 00:00:00-05:00,23.14998712738052,24.08921396543732,22.521629829293374,23.844486236572266,2774100,0.0,0.0,BG
2004-02-04 00:00:00-05:00,23.84448779498332,24.453003094139664,23.57991801012499,24.18843078613281,1175500,0.0,0.0,BG
2004-02-05 00:00:00-05:00,24.24135107710924,24.671278009170774,23.910636887916205,24.367021560668945,830600,0.0,0.0,BG
2004-02-06 00:00:00-05:00,24.34055667235122,24.869698715047235,24.208270530890143,24.66465759277344,686400,0.0,0.0,BG
2004-02-09 00:00:00-05:00,24.90276784733287,25.05489600067085,24.7307951361523,24.80355262756348,548800,0.0,0.0,BG
2004-02-10 00:00:00-05:00,24.869704889723064,24.869704889723064,24.241349977283853,24.320720672607425,705800,0.0,0.0,BG
2004-02-11 00:00:00-05:00,24.45340974281052,24.53965416313026,24.367165322490788,24.48657989501953,333400,0.11,0.0,BG
2004-02-12 00:00:00-05:00,24.48657521222536,24.692234165743777,24.36052764564821,24.586088180541992,271800,0.0,0.0,BG
2004-02-13 00:00:00-05:00,24.55291371773621,24.65242667881329,24.34062176277685,24.47994041442871,282600,0.0,0.0,BG
2004-02-17 00:00:00-05:00,24.41360141137307,25.1367217867892,24.380431262737854,24.93769836425781,747900,0.0,0.0,BG
2004-02-18 00:00:00-05:00,25.1035523630352,25.209698360164985,25.05047809911021,25.057113647460938,717700,0.0,0.0,BG
2004-02-19 00:00:00-05:00,25.17653828656102,25.34239163162305,25.16990273555466,25.282684326171875,407000,0.0,0.0,BG
2004-02-20 00:00:00-05:00,25.24950566848141,25.36892023920851,24.970870826544736,25.077016830444336,639700,0.0,0.0,BG
2004-02-23 00:00:00-05:00,24.94433002722716,25.22959784529624,24.897891315515448,24.970867156982425,447100,0.0,0.0,BG
2004-02-24 00:00:00-05:00,25.11016902902171,25.11016902902171,24.66568374633789,24.66568374633789,439900,0.0,0.0,BG
2004-02-25 00:00:00-05:00,24.74529387561828,25.196414726322377,24.546270566359105,25.110170364379883,442100,0.0,0.0,BG
2004-02-26 00:00:00-05:00,25.176525046368667,25.680717836687776,25.15662093453826,25.475061416625977,587000,0.0,0.0,BG
2004-02-27 00:00:00-05:00,25.87311227430888,25.96598970832705,25.720527556890413,25.90628242492676,369700,0.0,0.0,BG
2004-03-01 00:00:00-05:00,25.906272325870077,26.59622232492758,25.906272325870077,26.47017478942871,570100,0.0,0.0,BG
2004-03-02 00:00:00-05:00,26.536513799187315,26.536513799187315,26.038954165452555,26.09866142272949,249800,0.0,0.0,BG
2004-03-03 00:00:00-05:00,26.09866266738932,26.09866266738932,25.60110300992565,25.87310218811035,621000,0.0,0.0,BG
2004-03-04 00:00:00-05:00,25.906275323767115,26.01242129508086,25.674081802368164,25.674081802368164,237600,0.0,0.0,BG
2004-03-05 00:00:00-05:00,25.541394531717792,26.178270255525685,25.475054259507488,26.09866142272949,654400,0.0,0.0,BG
2004-03-08 00:00:00-05:00,26.10530261243608,26.50335196250298,26.10530261243608,26.24462127685547,409900,0.0,0.0,BG
2004-03-09 00:00:00-05:00,26.237987738034047,26.24462328627252,25.91954975203133,25.94608688354492,678600,0.0,0.0,BG
2004-03-10 00:00:00-05:00,25.952708244184016,26.10529288577229,25.853197841784198,25.85983085632324,649900,0.0,0.0,BG
2004-03-11 00:00:00-05:00,25.04384928068326,25.7669697982285,24.911166129343464,25.58121490478516,753100,0.0,0.0,BG
2004-03-12 00:00:00-05:00,25.60775077353981,26.30433671975163,25.488336184516115,26.005800247192383,506500,0.0,0.0,BG
2004-03-15 00:00:00-05:00,25.93945243429728,26.17164854879861,25.886380699741714,26.012428283691406,468700,0.0,0.0,BG
2004-03-16 00:00:00-05:00,25.906275431586145,25.972618245633083,25.44188585613592,25.455154418945312,527500,0.0,0.0,BG
2004-03-17 00:00:00-05:00,25.47504878708522,25.806755138319566,25.355634298183368,25.70060920715332,341700,0.0,0.0,BG
2004-03-18 00:00:00-05:00,25.83994461952336,26.224722959152285,25.70726147351595,26.21145439147949,589900,0.0,0.0,BG
2004-03-19 00:00:00-05:00,26.204823904584803,26.46355467239829,26.038970588733,26.171653747558597,286000,0.0,0.0,BG
2004-03-22 00:00:00-05:00,26.03895842058919,26.04559143660648,25.660813239614,25.674081802368164,457600,0.0,0.0,BG
2004-03-23 00:00:00-05:00,25.707251457028374,26.20481116264828,25.601105487724908,25.72052001953125,840600,0.0,0.0,BG
2004-03-24 00:00:00-05:00,25.853217078207717,25.94609453517517,25.548045037244908,25.75370407104492,304000,0.0,0.0,BG
2004-03-25 00:00:00-05:00,25.70725927393496,25.82667384205216,25.640918971967768,25.69399070739746,157600,0.0,0.0,BG
2004-03-26 00:00:00-05:00,25.693980407699826,25.81339492794847,25.548028765013854,25.57456588745117,169000,0.0,0.0,BG
2004-03-29 00:00:00-05:00,25.707249246585143,26.19817589410094,25.66744356249922,26.03895568847656,409400,0.0,0.0,BG
2004-03-30 00:00:00-05:00,26.13846835111867,26.52988204955329,26.038955407337948,26.47017478942871,363400,0.0,0.0,BG
2004-03-31 00:00:00-05:00,26.47017269831928,26.768706444639104,26.244612236858668,26.68246459960937,435000,0.0,0.0,BG
2004-04-01 00:00:00-05:00,26.636037682786814,27.385692683524145,26.636037682786814,27.19993782043457,774700,0.0,0.0,BG
2004-04-02 00:00:00-05:00,27.19994426407628,27.365797582759672,26.888139215120844,26.93457794189453,569000,0.0,0.0,BG
2004-04-05 00:00:00-04:00,26.86822956412799,27.48520392694705,26.80188926885026,27.173398971557617,377600,0.0,0.0,BG
2004-04-06 00:00:00-04:00,27.180018216597208,27.312698727569213,26.86158043497105,27.1866512298584,602600,0.0,0.0,BG
2004-04-07 00:00:00-04:00,27.226464645555456,27.4387565603547,27.199927523525737,27.37904930114746,453300,0.0,0.0,BG
2004-04-08 00:00:00-04:00,27.34588943270032,27.379059582333657,26.808523898047536,26.92793846130371,442100,0.0,0.0,BG
2004-04-12 00:00:00-04:00,26.90803655056205,27.153498691729045,26.90803655056205,27.06062126159668,219300,0.0,0.0,BG
2004-04-13 00:00:00-04:00,27.000905110175733,27.0672453868414,26.70900181912042,26.874855041503903,475400,0.0,0.0,BG
2004-04-14 00:00:00-04:00,26.58296482846321,26.58296482846321,26.364039804028405,26.48345184326172,740900,0.0,0.0,BG
2004-04-15 00:00:00-04:00,26.403843931539623,26.456918200431527,26.237990637333063,26.31096649169922,479000,0.0,0.0,BG
2004-04-16 00:00:00-04:00,26.310960214363487,26.34413035914689,26.237984377408093,26.27779006958008,585800,0.0,0.0,BG
2004-04-19 00:00:00-04:00,25.939455231920668,26.23799167949429,25.919553645655935,26.105308532714844,590900,0.0,0.0,BG
2004-04-20 00:00:00-04:00,26.237982403452776,26.397202629442315,26.1119348504708,26.19817924499512,278500,0.0,0.0,BG
2004-04-21 00:00:00-04:00,26.30433235473225,26.36403963933609,26.052234649658207,26.052234649658203,327000,0.0,0.0,BG
2004-04-22 00:00:00-04:00,26.058857836630715,26.08539495993662,25.660811109919567,25.773590087890625,649400,0.0,0.0,BG
2004-04-23 00:00:00-04:00,25.87310698350708,26.005790089566453,25.54140048371853,25.780229568481445,579900,0.0,0.0,BG
2004-04-26 00:00:00-04:00,25.78022229743293,25.83992955178384,25.514856160157997,25.541393280029297,558400,0.0,0.0,BG
2004-04-27 00:00:00-04:00,25.574567664090097,25.58120321052004,24.06862002586599,24.254377365112305,1683300,0.0,0.0,BG
2004-04-28 00:00:00-04:00,24.54627752933864,24.85808240508207,24.194669498883727,24.29417991638184,1112100,0.0,0.0,BG
2004-04-29 00:00:00-04:00,24.6789711110029,24.6789711110029,23.34550918531109,23.84306907653809,1838700,0.0,0.0,BG
2004-04-30 00:00:00-04:00,24.1482318112584,24.65905754343423,23.87623260953174,24.57944869995117,884300,0.0,0.0,BG
2004-05-03 00:00:00-04:00,24.712136649824544,24.745306796901783,24.081893732476964,24.10843086242676,805200,0.0,0.0,BG
2004-05-04 00:00:00-04:00,24.27428288577324,24.40033045050155,24.075259482779103,24.14823532104492,466500,0.0,0.0,BG
2004-05-05 00:00:00-04:00,24.21457283518296,24.22784139795708,23.929305062338305,24.13496398925781,269900,0.0,0.0,BG
2004-05-06 00:00:00-04:00,24.048724347222542,24.048724347222542,23.74355493529268,23.84970092773437,474300,0.0,0.0,BG
2004-05-07 00:00:00-04:00,23.85632690455464,24.06198581140608,23.259256822298408,23.39857292175293,641200,0.0,0.0,BG
2004-05-10 00:00:00-04:00,23.239357241080555,23.239357241080555,22.6489200592041,22.6489200592041,637200,0.0,0.0,BG
2004-05-11 00:00:00-04:00,22.655551193942816,23.617497859364416,22.58257537116588,23.39857292175293,805400,0.0,0.0,BG
2004-05-12 00:00:00-04:00,23.50472779341286,23.50472779341286,23.060239672867603,23.358776092529297,533800,0.0,0.0,BG
2004-05-13 00:00:00-04:00,23.431973474841616,23.465247568196585,23.32549485291536,23.42531967163086,826200,0.11,0.0,BG
2004-05-14 00:00:00-04:00,23.425320747868188,23.49186893763557,22.99274989842808,23.23898124694824,804000,0.0,0.0,BG
2004-05-17 00:00:00-04:00,23.072610480274964,23.15912516631637,22.839689254760746,22.839689254760746,535800,0.0,0.0,BG
2004-05-18 00:00:00-04:00,22.992756065908427,22.992756065908427,22.646699801261807,22.68663024902344,627700,0.0,0.0,BG
2004-05-19 00:00:00-04:00,22.8263807486123,23.065958334163344,22.74652239964567,22.819726943969727,950000,0.0,0.0,BG
2004-05-20 00:00:00-04:00,22.819719128682777,22.91288759367741,22.58014162518213,22.759824752807617,596300,0.0,0.0,BG
2004-05-21 00:00:00-04:00,22.826375115250755,22.9794379707668,22.71989649668958,22.7797908782959,459400,0.0,0.0,BG
2004-05-24 00:00:00-04:00,22.78644618861209,22.826374082108785,22.586796566527,22.673311233520508,622900,0.0,0.0,BG
2004-05-25 00:00:00-04:00,22.733199889726105,23.624959007323167,22.726546088701767,23.618305206298828,1050000,0.0,0.0,BG
2004-05-26 00:00:00-04:00,23.65824075379131,24.62320468850332,23.65824075379131,24.29045867919922,3560200,0.0,0.0,BG
2004-05-27 00:00:00-04:00,24.54335829813468,24.71638519014906,23.94441417452371,24.157371520996094,1267700,0.0,0.0,BG
2004-05-28 00:00:00-04:00,24.456818748364324,24.75629050607414,24.23720527982737,24.71636009216309,810000,0.0,0.0,BG
2004-06-01 00:00:00-04:00,24.556653192806817,24.703059690888235,24.52337656544035,24.623201370239254,529600,0.0,0.0,BG
2004-06-02 00:00:00-04:00,24.75629690108365,24.92932366209576,24.62319802564747,24.70305633544922,689300,0.0,0.0,BG
2004-06-03 00:00:00-04:00,24.65647819755366,24.65647819755366,24.26383781433106,24.26383781433105,457300,0.0,0.0,BG
2004-06-04 00:00:00-04:00,24.523378218509333,24.523378218509333,24.29711084587649,24.310420989990234,310000,0.0,0.0,BG
2004-06-07 00:00:00-04:00,24.30376734378152,24.749645750536708,24.29045719958205,24.66313362121582,695300,0.0,0.0,BG
2004-06-08 00:00:00-04:00,24.689753771262023,24.723030404321,24.496763008233582,24.58993148803711,213600,0.0,0.0,BG
2004-06-09 00:00:00-04:00,24.58994029796673,24.60990425403414,24.34370886474621,24.39029312133789,511500,0.0,0.0,BG
2004-06-10 00:00:00-04:00,24.39693743936458,24.503416061401367,24.303768962413724,24.503416061401367,366700,0.0,0.0,BG
2004-06-14 00:00:00-04:00,24.49011500155321,24.92268599204193,24.49011500155321,24.902719497680664,871800,0.0,0.0,BG
2004-06-15 00:00:00-04:00,24.82285873066099,24.82285873066099,24.343706069500392,24.609901428222656,636700,0.0,0.0,BG
2004-06-16 00:00:00-04:00,24.556660588500566,24.62320878597523,23.664901033624613,23.94440650939941,854200,0.0,0.0,BG
2004-06-17 00:00:00-04:00,23.85789300450873,24.663140450317695,23.81796509950492,24.4768009185791,925600,0.0,0.0,BG
2004-06-18 00:00:00-04:00,24.55665193121667,24.995876480196397,24.54334178868394,24.916015625,550000,0.0,0.0,BG
2004-06-21 00:00:00-04:00,25.009187146969925,25.009187146969925,24.62320062138,24.676441192626957,282000,0.0,0.0,BG
2004-06-22 00:00:00-04:00,24.756297671743773,25.1223176866,24.629852593750726,25.0956974029541,387100,0.0,0.0,BG
2004-06-23 00:00:00-04:00,25.122336288073463,25.40849820252645,25.122336288073463,25.38187789916992,517000,0.0,0.0,BG
2004-06-24 00:00:00-04:00,25.455083081689747,25.947548551126665,25.455083081689747,25.834413528442383,1162200,0.0,0.0,BG
2004-06-25 00:00:00-04:00,26.020740812933443,26.153839744338285,25.900952028534185,26.02739715576172,760600,0.0,0.0,BG
2004-06-28 00:00:00-04:00,26.253654096155618,26.28692818105988,25.528267875182905,25.6746768951416,412900,0.0,0.0,BG
2004-06-29 00:00:00-04:00,25.674680635694383,25.674680635694383,25.328624517243124,25.42179298400879,531900,0.0,0.0,BG
2004-06-30 00:00:00-04:00,25.614795227678016,26.007435716994816,25.568208439332544,25.91426467895508,567100,0.0,0.0,BG
2004-07-01 00:00:00-04:00,25.847703741957503,25.847703741957503,25.321964567389934,25.634746551513672,397000,0.0,0.0,BG
2004-07-02 00:00:00-04:00,25.62144571303905,25.880987224467518,25.554897518855142,25.727924346923828,333900,0.0,0.0,BG
2004-07-06 00:00:00-04:00,25.75455535280593,26.44001168489281,25.72128124187343,26.320222854614254,513900,0.0,0.0,BG
2004-07-07 00:00:00-04:00,26.306896909120727,26.306896909120727,26.054011786932183,26.2802791595459,421100,0.0,0.0,BG
2004-07-08 00:00:00-04:00,26.280285648801005,26.340180042772005,26.05401822031624,26.2270450592041,614000,0.0,0.0,BG
2004-07-09 00:00:00-04:00,26.273635402563496,26.273635402563496,26.040714115655337,26.09395217895508,191400,0.0,0.0,BG
2004-07-12 00:00:00-04:00,26.05402276917123,26.113917173599383,25.65472589343305,26.06067657470703,440500,0.0,0.0,BG
2004-07-13 00:00:00-04:00,26.11391159792424,26.11391159792424,25.754545248084924,25.867677688598636,334700,0.0,0.0,BG
2004-07-14 00:00:00-04:00,25.81443155195155,26.08062679022241,25.81443155195155,25.940874099731445,297600,0.0,0.0,BG
2004-07-15 00:00:00-04:00,26.22038075646746,26.22038075646746,26.02073116406769,26.080625534057617,492100,0.0,0.0,BG
2004-07-16 00:00:00-04:00,26.08063415553372,26.486584737588316,26.047360058684344,26.326868057250977,345000,0.0,0.0,BG
2004-07-19 00:00:00-04:00,26.42004235731972,26.446662656117056,25.754550119294795,25.82109832763672,554000,0.0,0.0,BG
2004-07-20 00:00:00-04:00,25.920920517971798,26.02074282023774,25.79447538098997,25.987468719482425,300600,0.0,0.0,BG
2004-07-21 00:00:00-04:00,26.08062995631805,26.08062995631805,25.794468199916505,25.95418739318848,421500,0.0,0.0,BG
2004-07-22 00:00:00-04:00,25.88763549807729,25.90094310184548,25.687985900453235,25.76119041442871,733400,0.0,0.0,BG
2004-07-23 00:00:00-04:00,25.9475427860338,26.213738150958168,25.621450481086107,25.721275329589844,805900,0.0,0.0,BG
2004-07-26 00:00:00-04:00,25.887635975205114,25.887635975205114,25.461719025920573,25.687986373901367,479700,0.0,0.0,BG
2004-07-27 00:00:00-04:00,25.72127362236179,25.85437002666413,24.68310491370568,25.022504806518555,835100,0.0,0.0,BG
2004-07-28 00:00:00-04:00,25.02250085398547,25.062431292159506,24.623206626848244,24.949298858642575,806700,0.0,0.0,BG
2004-07-29 00:00:00-04:00,26.28693163465494,26.99235400509396,26.05401047107381,26.87921905517578,1969600,0.0,0.0,BG
2004-07-30 00:00:00-04:00,26.952417546504275,27.01896571017156,26.58639756903478,26.706186294555664,900500,0.0,0.0,BG
2004-08-02 00:00:00-04:00,26.752767852803892,27.584632509056195,26.626322800317887,27.2718505859375,777300,0.0,0.0,BG
2004-08-03 00:00:00-04:00,27.21861933701033,27.21861933701033,26.586401533302983,26.62632942199707,669600,0.0,0.0,BG
2004-08-04 00:00:00-04:00,26.619677604713864,26.9391134313324,26.619677604713864,26.87921905517578,608300,0.0,0.0,BG
2004-08-05 00:00:00-04:00,26.87921618297318,26.88587252330725,26.619674760244795,26.732807159423828,486300,0.0,0.0,BG
2004-08-06 00:00:00-04:00,26.71950525925093,27.025630975059325,26.380102911969427,26.46661758422852,1068800,0.0,0.0,BG
2004-08-09 00:00:00-04:00,26.619690046762997,26.652964151591156,26.220395711522137,26.57975959777832,561900,0.0,0.0,BG
2004-08-10 00:00:00-04:00,26.5198597877191,26.61968462050638,26.42669129773148,26.586410522460938,450000,0.0,0.0,BG
2004-08-11 00:00:00-04:00,26.57974682467552,26.61967725447132,26.34017186185149,26.60636711120605,643900,0.0,0.0,BG
2004-08-12 00:00:00-04:00,26.53959803321795,26.706513744118688,26.41274300982877,26.586334228515625,364200,0.13,0.0,BG
2004-08-13 00:00:00-04:00,26.63975815133408,26.699847930954004,26.239158771557094,26.366016387939453,305300,0.0,0.0,BG
2004-08-16 00:00:00-04:00,26.52625938467705,26.53961295468874,26.35266806839127,26.43278694152832,674400,0.0,0.0,BG
2004-08-17 00:00:00-04:00,26.50622287960428,26.57298816403088,26.359336197546934,26.399396896362305,416000,0.0,0.0,BG
2004-08-18 00:00:00-04:00,26.37936204544517,26.559631347656254,26.239153437147227,26.55963134765625,546300,0.0,0.0,BG
2004-08-19 00:00:00-04:00,26.559631347656254,26.75325421450505,26.479512506762003,26.55963134765625,1240300,0.0,0.0,BG
2004-08-20 00:00:00-04:00,26.606389003299284,26.639774215278266,25.99213981628418,25.99213981628418,921000,0.0,0.0,BG
2004-08-23 00:00:00-04:00,26.15904167514453,26.486195183037324,26.14568810689321,26.239160537719727,581500,0.0,0.0,BG
2004-08-24 00:00:00-04:00,26.50622940063477,26.65311357189603,26.43278604153765,26.50622940063477,548100,0.0,0.0,BG
2004-08-25 00:00:00-04:00,26.572992225796728,26.63976006736135,26.305928500336435,26.38604736328125,427400,0.0,0.0,BG
2004-08-26 00:00:00-04:00,26.379362710495577,26.63307535114442,26.25918571959044,26.4594841003418,369100,0.0,0.0,BG
2004-08-27 00:00:00-04:00,26.626412837779974,27.374195012792985,26.626412837779974,27.22730827331543,897800,0.0,0.0,BG
2004-08-30 00:00:00-04:00,27.367515164350603,27.380866186793803,26.68649840776539,26.719881057739254,581100,0.0,0.0,BG
2004-08-31 00:00:00-04:00,26.77328816263446,26.90682128639207,26.47951732791372,26.633079528808597,392100,0.0,0.0,BG
2004-09-01 00:00:00-04:00,26.59301354158121,26.753251205346466,26.55295285217403,26.646425247192383,202200,0.0,0.0,BG
2004-09-02 00:00:00-04:00,26.906824236745344,26.920177805278584,26.566317153412456,26.706525802612305,446100,0.0,0.0,BG
2004-09-03 00:00:00-04:00,26.70652548383731,26.713200994557862,26.31927964179395,26.532934188842773,734200,0.0,0.0,BG
2004-09-07 00:00:00-04:00,26.506211379712056,26.85339631135311,26.506211379712056,26.759923934936523,602900,0.0,0.0,BG
2004-09-08 00:00:00-04:00,26.779968926846948,26.779968926846948,26.31927973065833,26.392723083496094,309000,0.0,0.0,BG
2004-09-09 00:00:00-04:00,26.40607577068948,26.686495604263417,26.219130912928637,26.44613647460937,238200,0.0,0.0,BG
2004-09-10 00:00:00-04:00,26.44612574031721,26.44612574031721,25.972085730871544,26.0455265045166,331700,0.0,0.0,BG
2004-09-13 00:00:00-04:00,26.0455386714401,26.1456891639075,25.571498440551085,25.57817649841309,764300,0.0,0.0,BG
2004-09-14 00:00:00-04:00,25.604877700245662,25.851914869787688,25.17089823316755,25.571495056152344,712400,0.0,0.0,BG
2004-09-15 00:00:00-04:00,25.638266534426894,25.70503183210077,25.16422375198412,25.197608947753903,353100,0.0,0.0,BG
2004-09-16 00:00:00-04:00,25.170907997608712,25.177583510243984,24.583363555299293,24.676836013793945,1807300,0.0,0.0,BG
2004-09-17 00:00:00-04:00,24.77028737414671,25.564807688483928,24.77028737414671,25.41792106628418,726500,0.0,0.0,BG
2004-09-20 00:00:00-04:00,25.40456750545409,25.60486582404291,25.04402900383541,25.41792106628418,575400,0.0,0.0,BG
2004-09-21 00:00:00-04:00,25.404579751433342,26.08559640045648,25.377872616899293,25.8919734954834,625800,0.0,0.0,BG
2004-09-22 00:00:00-04:00,25.898657303889998,26.038865970931063,25.638269051689974,25.85192108154297,707300,0.0,0.0,BG
2004-09-23 00:00:00-04:00,25.90531846039305,25.90531846039305,25.43795394897461,25.43795394897461,423400,0.0,0.0,BG
2004-09-24 00:00:00-04:00,25.738400111294304,26.05887794568657,25.65160323523033,26.038848876953125,621500,0.0,0.0,BG
2004-09-27 00:00:00-04:00,26.13901877317203,26.67314889478202,26.105633571188083,26.172401428222656,855200,0.0,0.0,BG
2004-09-28 00:00:00-04:00,26.20578023825438,26.33263532760739,26.065571579453746,26.21245574951172,557900,0.0,0.0,BG
2004-09-29 00:00:00-04:00,26.272531079070983,26.47283196361376,26.20576581551109,26.31926727294922,377600,0.0,0.0,BG
2004-09-30 00:00:00-04:00,26.50622001172585,26.80666885300276,26.379362419335564,26.693164825439453,450700,0.0,0.0,BG
2004-10-01 00:00:00-04:00,26.526255660854584,26.53293371838947,25.82520988872059,25.90532875061035,1212900,0.0,0.0,BG
2004-10-04 00:00:00-04:00,26.372685843897504,26.372685843897504,25.978764611693656,26.072237014770508,581700,0.0,0.0,BG
2004-10-05 00:00:00-04:00,26.239149341140315,26.272531974057458,26.005468363788687,26.0455265045166,431000,0.0,0.0,BG
2004-10-06 00:00:00-04:00,26.379367408359396,26.47951789003677,26.239158771557094,26.366016387939453,480600,0.0,0.0,BG
2004-10-07 00:00:00-04:00,26.47283699790916,26.58633847693168,26.33930389846406,26.55963134765625,419200,0.0,0.0,BG
2004-10-08 00:00:00-04:00,26.6063821458104,26.84006583476353,26.52626326096556,26.61973571777344,565600,0.0,0.0,BG
2004-10-11 00:00:00-04:00,26.719876230406605,26.766612441313036,26.566314030723703,26.62640380859375,319300,0.0,0.0,BG
2004-10-12 00:00:00-04:00,26.706511366947613,27.040342759034456,26.62639254598756,26.97357749938965,598500,0.0,0.0,BG
2004-10-13 00:00:00-04:00,27.027009114292373,27.027009114292373,26.71320655946729,26.77329635620117,454100,0.0,0.0,BG
2004-10-14 00:00:00-04:00,26.873442685808083,27.541105858126297,26.873442685808083,27.29407119750977,979900,0.0,0.0,BG
2004-10-15 00:00:00-04:00,27.407578465121578,28.0819198369403,27.19392640890444,28.015151977539062,1819000,0.0,0.0,BG
2004-10-18 00:00:00-04:00,28.275536724033994,29.54409787766753,28.188742338072224,29.00996780395508,2156900,0.0,0.0,BG
2004-10-19 00:00:00-04:00,29.11010909870088,29.19023050162295,28.389034300929826,28.73621940612793,854800,0.0,0.0,BG
2004-10-20 00:00:00-04:00,27.874934720288454,29.009962511698703,27.874934720288454,29.003284454345703,496100,0.0,0.0,BG
2004-10-21 00:00:00-04:00,29.163519277544708,29.29705238342285,28.91648468717604,29.29705238342285,420100,0.0,0.0,BG
2004-10-22 00:00:00-04:00,29.343789694667656,29.47732280557984,28.9098077209361,29.19022750854492,381800,0.0,0.0,BG
2004-10-25 00:00:00-04:00,29.15684553296244,29.16352359005654,28.55595028805255,28.72286605834961,459800,0.0,0.0,BG
2004-10-26 00:00:00-04:00,28.843037758229457,29.51737616585101,28.589325143362608,29.48399353027344,617600,0.0,0.0,BG
2004-10-27 00:00:00-04:00,29.41722686854711,29.41722686854711,29.04333474572966,29.05668830871582,568800,0.0,0.0,BG
2004-10-28 00:00:00-04:00,30.37199342739149,31.760731254405005,30.305225593875388,31.146482467651367,3361000,0.0,0.0,BG
2004-10-29 00:00:00-04:00,32.70881832232178,32.71549383306587,31.440257338593064,31.86756134033203,1997900,0.0,0.0,BG
2004-11-01 00:00:00-05:00,31.91430617530072,32.802299613114,31.88092351869924,32.43508529663086,1245100,0.0,0.0,BG
2004-11-02 00:00:00-05:00,32.46178277697346,32.6487301974364,32.10124659901304,32.6153450012207,918200,0.0,0.0,BG
2004-11-03 00:00:00-05:00,32.61534176369516,32.81564273337516,32.40168977317362,32.71549224853516,799300,0.0,0.0,BG
2004-11-04 00:00:00-05:00,32.71550031297231,33.22960133780815,32.38166867712565,33.222923278808594,831600,0.0,0.0,BG
2004-11-05 00:00:00-05:00,33.38315092910763,33.423211627118185,32.75554860853603,32.9424934387207,813500,0.0,0.0,BG
2004-11-08 00:00:00-05:00,32.80229633898086,33.03597745879997,32.66876317897,32.782264709472656,603100,0.0,0.0,BG
2004-11-09 00:00:00-05:00,32.71550149189312,32.9491826266333,32.50852495331371,32.56193923950195,504800,0.0,0.0,BG
2004-11-10 00:00:00-05:00,32.58193595336322,33.329717388547984,32.58193595336322,33.10271453857422,517000,0.0,0.0,BG
2004-11-11 00:00:00-05:00,33.10941210679891,33.21623809729482,32.254804182831634,32.66875457763672,747400,0.0,0.0,BG
2004-11-12 00:00:00-05:00,32.50140062721181,32.869593126269976,32.079651555488766,32.36751174926758,723500,0.13,0.0,BG
2004-11-15 00:00:00-05:00,32.36750802634721,32.91645006443292,32.06626127776961,32.78925704956055,881200,0.0,0.0,BG
2004-11-16 00:00:00-05:00,32.62190423640405,33.224402981851235,32.60851509164764,32.67546081542969,447900,0.0,0.0,BG
2004-11-17 00:00:00-05:00,32.735702676698686,33.10389512935734,32.581728826549906,32.70222854614258,349300,0.0,0.0,BG
2004-11-18 00:00:00-05:00,32.70222971322724,32.78256456496778,32.159983509426056,32.394287109375,409200,0.0,0.0,BG
2004-11-19 00:00:00-05:00,32.260410462022854,32.69554880241228,31.718164052848067,32.534881591796875,563400,0.0,0.0,BG
2004-11-22 00:00:00-05:00,32.56832923395579,32.90304997611888,32.33402318221166,32.84280014038086,407500,0.0,0.0,BG
2004-11-23 00:00:00-05:00,33.338191026552664,34.38252083742055,33.00347022798544,34.14152145385742,1563400,0.0,0.0,BG
2004-11-24 00:00:00-05:00,34.54319146204941,35.23271816481843,34.3289703176117,35.00510787963867,1092000,0.0,0.0,BG
2004-11-26 00:00:00-05:00,35.03188854422947,35.15238571166992,34.77749996026039,35.15238571166992,235500,0.0,0.0,BG
2004-11-29 00:00:00-05:00,35.27956740443493,35.44023193364176,34.68376488066934,34.93145751953125,615200,0.0,0.0,BG
2004-11-30 00:00:00-05:00,34.96493362085707,35.30635025872959,34.630212828905094,35.29296112060547,945700,0.0,0.0,BG
2004-12-01 00:00:00-05:00,35.31973409748872,36.23017498941792,35.19923697117271,36.11637115478516,1129000,0.0,0.0,BG
2004-12-02 00:00:00-05:00,36.01596431270646,36.48457403119002,35.66116101546431,35.66785430908203,694000,0.0,0.0,BG
2004-12-03 00:00:00-05:00,35.815127418331194,36.13645909619913,35.527267311419195,35.67454528808594,390800,0.0,0.0,BG
2004-12-06 00:00:00-05:00,35.88206614356997,35.96240096843653,35.34651341304384,35.80842971801758,623500,0.0,0.0,BG
2004-12-07 00:00:00-05:00,35.808413652052124,35.969078122267085,35.051944323119194,35.22599792480469,515800,0.0,0.0,BG
2004-12-08 00:00:00-05:00,35.34651407141104,35.795041247261324,35.00509999737795,35.71470642089844,397500,0.0,0.0,BG
2004-12-09 00:00:00-05:00,35.7147127703067,36.17662916600422,35.42015934909407,36.1699333190918,343100,0.0,0.0,BG
2004-12-10 00:00:00-05:00,36.18332933017771,36.216800909943785,35.841915130615234,35.841915130615234,387700,0.0,0.0,BG
2004-12-13 00:00:00-05:00,36.81928018985669,36.81928018985669,35.902146107440885,36.52472686767578,787600,0.0,0.0,BG
2004-12-14 00:00:00-05:00,36.58497867941431,36.58497867941431,36.256951223621904,36.35736846923828,720600,0.0,0.0,BG
2004-12-15 00:00:00-05:00,36.40423520001493,36.7523451411095,36.23017895260912,36.72556686401367,573100,0.0,0.0,BG
2004-12-16 00:00:00-05:00,36.55820075510789,36.88622566030932,36.43100523561959,36.81928253173828,671500,0.0,0.0,BG
2004-12-17 00:00:00-05:00,36.81929389545999,36.9197111730255,36.41093404547919,36.8929328918457,513000,0.0,0.0,BG
2004-12-20 00:00:00-05:00,36.96656368897714,37.42178415319509,36.69209275205604,37.14061737060547,591900,0.0,0.0,BG
2004-12-21 00:00:00-05:00,37.421790557383765,37.6761765545506,37.17409529959671,37.59584426879883,729800,0.0,0.0,BG
2004-12-22 00:00:00-05:00,37.582464065810335,38.13810201253823,37.354853740624606,37.74982452392578,636900,0.0,0.0,BG
2004-12-23 00:00:00-05:00,37.74981101226607,38.02428196318625,37.65608959786167,37.99081039428711,514200,0.0,0.0,BG
2004-12-27 00:00:00-05:00,38.12472407634496,38.14480652003238,37.88372453722115,37.97075271606445,518700,0.0,0.0,BG
2004-12-28 00:00:00-05:00,37.71634798719252,37.9439582824707,37.66948726937503,37.9439582824707,794500,0.0,0.0,BG
2004-12-29 00:00:00-05:00,37.977434452191936,38.15818405151367,37.696270111281166,38.15818405151367,498900,0.0,0.0,BG
2004-12-30 00:00:00-05:00,38.15817439875748,38.45942365475428,37.923870840602895,38.21173095703125,258500,0.0,0.0,BG
2004-12-31 00:00:00-05:00,38.1916494974299,38.42595563093753,38.151484628733016,38.16487121582031,146500,0.0,0.0,BG
2005-01-03 00:00:00-05:00,38.164873084745935,38.27867951030101,37.70965504367852,38.14479064941406,834900,0.0,0.0,BG
2005-01-04 00:00:00-05:00,38.14479193217232,38.25859836155455,36.55151979684509,37.04021453857422,1163600,0.0,0.0,BG
2005-01-05 00:00:00-05:00,36.953181953492575,36.95987524678496,35.81513056498327,36.10968399047852,1650900,0.0,0.0,BG
2005-01-06 00:00:00-05:00,35.882073634645074,36.61846102735583,35.761573925905445,36.18332290649414,789200,0.0,0.0,BG
2005-01-07 00:00:00-05:00,36.48456344262368,37.60922541909731,36.223481654106,37.32136535644531,981500,0.0,0.0,BG
2005-01-10 00:00:00-05:00,37.32805526936525,37.68286098523773,37.07366934926533,37.522193908691406,485600,0.0,0.0,BG
2005-01-11 00:00:00-05:00,37.35484054572567,37.48872937566789,36.7188705187879,36.89962005615234,612900,0.0,0.0,BG
2005-01-12 00:00:00-05:00,36.86615656219954,37.02012785655776,36.55821397348311,36.79921340942383,734500,0.0,0.0,BG
2005-01-13 00:00:00-05:00,37.13393596609895,37.41510028497899,36.96657552284625,37.15401840209961,398600,0.0,0.0,BG
2005-01-14 00:00:00-05:00,37.15401301866058,37.68956584872663,36.9866525996576,37.44856643676758,431200,0.0,0.0,BG
2005-01-18 00:00:00-05:00,37.31467515230456,38.894555151202006,37.22095118507942,38.66025161743164,1044800,0.0,0.0,BG
2005-01-19 00:00:00-05:00,38.76068147030182,38.78076390723067,37.65610147229406,37.930572509765625,893100,0.0,0.0,BG
2005-01-20 00:00:00-05:00,37.9305577364385,38.17155710059076,37.53558712379272,37.75650405883789,457600,0.0,0.0,BG
2005-01-21 00:00:00-05:00,37.85693721843128,37.87702221104932,37.381634103866254,37.46866226196289,259400,0.0,0.0,BG
2005-01-24 00:00:00-05:00,37.25443202662059,37.27451446064672,36.752350746227954,36.8929328918457,931800,0.0,0.0,BG
2005-01-25 00:00:00-05:00,36.91971777584058,37.12054981317145,36.49127286149204,36.51805114746094,519300,0.0,0.0,BG
2005-01-26 00:00:00-05:00,36.51134565096336,37.24103710059091,36.38415011197803,37.1004524230957,471500,0.0,0.0,BG
2005-01-27 00:00:00-05:00,37.0536037545493,37.56907426293851,36.8527717190813,37.34815979003906,200900,0.0,0.0,BG
2005-01-28 00:00:00-05:00,37.36823430090684,37.47534486735064,36.959874468303205,37.18748474121094,215100,0.0,0.0,BG
2005-01-31 00:00:00-05:00,37.52221498631874,38.0845462395385,37.30130050490274,37.850242614746094,507800,0.0,0.0,BG
2005-02-01 00:00:00-05:00,38.11131704406965,38.45273119512716,37.82345690228583,38.31214904785156,460200,0.0,0.0,BG
2005-02-02 00:00:00-05:00,38.533057826075925,38.55983354814664,38.15147633411129,38.25858688354492,457100,0.0,0.0,BG
2005-02-03 00:00:00-05:00,38.158184450322345,38.3255449084378,37.52221419874006,37.74982452392578,468500,0.0,0.0,BG
2005-02-04 00:00:00-05:00,37.850242614746094,37.98413149479232,37.6226322847829,37.850242614746094,599000,0.0,0.0,BG
2005-02-07 00:00:00-05:00,37.83685120093447,38.55315372942371,37.69626903449478,38.392486572265625,497600,0.0,0.0,BG
2005-02-08 00:00:00-05:00,38.15815406514825,38.15815406514825,35.68122074666738,37.50210189819336,2521900,0.0,0.0,BG
2005-02-09 00:00:00-05:00,37.48873687429421,37.90379003179012,36.89962743694296,37.12054443359375,735300,0.0,0.0,BG
2005-02-10 00:00:00-05:00,37.38894131100096,37.50301258563174,36.97962191903305,37.25473785400391,387900,0.13,0.0,BG
2005-02-11 00:00:00-05:00,37.24132495416251,37.24132495416251,36.04691931528309,36.42939758300781,1429400,0.0,0.0,BG
2005-02-14 00:00:00-05:00,36.22138465935553,36.369008759173845,35.79864454787865,35.84561538696289,914500,0.0,0.0,BG
2005-02-15 00:00:00-05:00,35.59733081601164,35.59733081601164,33.71849008915648,34.21504211425781,4188400,0.0,0.0,BG
2005-02-16 00:00:00-05:00,34.22177177243295,36.16771668141992,33.148148583852304,36.04022216796875,2872200,0.0,0.0,BG
2005-02-17 00:00:00-05:00,36.04020311982376,36.10730613346918,35.577203844402426,35.79863739013672,1181600,0.0,0.0,BG
2005-02-18 00:00:00-05:00,35.4967004133255,35.6107717535865,35.1544812731035,35.22158432006836,824500,0.0,0.0,BG
2005-02-22 00:00:00-05:00,35.02696791541558,35.060518138532785,33.95334285763931,34.11438751220703,887900,0.0,0.0,BG
2005-02-23 00:00:00-05:00,34.18820485885056,34.48345045182966,33.77217639608039,34.349246978759766,830300,0.0,0.0,BG
2005-02-24 00:00:00-05:00,34.35596129920332,35.02026457629584,34.09426591369909,34.89277267456055,871700,0.0,0.0,BG
2005-02-25 00:00:00-05:00,34.7384376863529,35.98652566641755,34.68475527185969,35.906002044677734,630500,0.0,0.0,BG
2005-02-28 00:00:00-05:00,36.07375895206211,36.899109509978274,35.69799225613268,36.71122360229492,1080100,0.0,0.0,BG
2005-03-01 00:00:00-05:00,36.54348084632348,36.832017537110616,36.281785373218725,36.38243865966797,762600,0.0,0.0,BG
2005-03-02 00:00:00-05:00,36.38243164701758,36.38243164701758,35.98653272152913,36.16099548339844,974800,0.0,0.0,BG
2005-03-03 00:00:00-05:00,36.23479836105323,36.42939326288016,35.87916134439718,36.16769790649414,309500,0.0,0.0,BG
2005-03-04 00:00:00-05:00,36.201246364127904,36.51662155680088,36.13414335313078,36.42267990112305,588500,0.0,0.0,BG
2005-03-07 00:00:00-05:00,36.55017143063658,36.56359203176695,36.27505550675899,36.3287353515625,552300,0.0,0.0,BG
2005-03-08 00:00:00-05:00,35.99995280189342,36.23480700861728,35.67115435276114,36.14086532592773,709000,0.0,0.0,BG
2005-03-09 00:00:00-05:00,36.14085384401232,36.2549251196896,35.89928813114505,36.107303619384766,250900,0.0,0.0,BG
2005-03-10 00:00:00-05:00,36.3824276216151,37.00647166494533,36.15428245997051,36.88568878173828,658500,0.0,0.0,BG
2005-03-11 00:00:00-05:00,36.905812354333214,37.38894380789977,36.89910333290844,37.18763732910156,823800,0.0,0.0,BG
2005-03-14 00:00:00-05:00,37.34199260147763,37.34199260147763,36.751498576790674,37.10713577270508,374100,0.0,0.0,BG
2005-03-15 00:00:00-05:00,37.34195190099088,37.34195190099088,36.58370492207562,36.61054611206055,281300,0.0,0.0,BG
2005-03-16 00:00:00-05:00,36.56359287743853,36.60385212204283,35.738242526998455,35.92612838745117,443500,0.0,0.0,BG
2005-03-17 00:00:00-05:00,35.75836371361314,35.85901435389264,34.89275438473659,35.46311569213867,700200,0.0,0.0,BG
2005-03-18 00:00:00-05:00,35.45641444737181,35.45641444737181,34.053993717030515,34.49015426635742,1139200,0.0,0.0,BG
2005-03-21 00:00:00-05:00,34.49686905647239,34.53713086397623,34.04729039141145,34.40292739868164,776900,0.0,0.0,BG
2005-03-22 00:00:00-05:00,34.49688090621243,34.97330093992706,34.06743171752775,34.5975341796875,647200,0.0,0.0,BG
2005-03-23 00:00:00-05:00,34.42307380336599,34.59082757683241,34.12111649918254,34.3626823425293,533700,0.0,0.0,BG
2005-03-24 00:00:00-05:00,34.62435560548128,34.62435560548128,34.262009632652486,34.44318389892578,339600,0.0,0.0,BG
2005-03-28 00:00:00-05:00,34.34253417221797,34.81895401737924,34.34253417221797,34.624359130859375,561200,0.0,0.0,BG
2005-03-29 00:00:00-05:00,34.63777488369457,35.026964602251375,34.543833243965054,34.617645263671875,561400,0.0,0.0,BG
2005-03-30 00:00:00-05:00,34.70488035290317,35.362474437521975,34.66461855027504,35.24169158935547,668200,0.0,0.0,BG
2005-03-31 00:00:00-05:00,35.496679865536144,36.2347950368439,35.362476409011634,36.154273986816406,641600,0.0,0.0,BG
2005-04-01 00:00:00-05:00,36.30189513534864,36.85212699804946,36.033490784604695,36.78502655029297,814900,0.0,0.0,BG
2005-04-04 00:00:00-04:00,36.7850408773046,36.7850408773046,36.36901230780026,36.536766052246094,469900,0.0,0.0,BG
2005-04-05 00:00:00-04:00,36.5367598588653,36.56360106775932,35.76509174133307,36.42939758300781,468200,0.0,0.0,BG
2005-04-06 00:00:00-04:00,36.42267825381745,36.42938983447269,34.577387770203785,34.60422897338867,1421100,0.0,0.0,BG
2005-04-07 00:00:00-04:00,34.691452727229,35.36917629606822,34.691452727229,35.22826385498047,593700,0.0,0.0,BG
2005-04-08 00:00:00-04:00,35.31550266228183,35.563777372500944,34.92631292652199,35.30208206176758,746500,0.0,0.0,BG
2005-04-11 00:00:00-04:00,35.362487032176354,35.362487032176354,34.92632630737515,35.0068473815918,594300,0.0,0.0,BG
2005-04-12 00:00:00-04:00,35.24170121699774,35.29538107544877,34.77199029688796,35.188018798828125,452600,0.0,0.0,BG
2005-04-13 00:00:00-04:00,35.29538691131468,35.550373320343546,34.69147496536506,34.758575439453125,343900,0.0,0.0,BG
2005-04-14 00:00:00-04:00,34.72502106963693,34.758571302688004,33.812440396222875,34.01374435424805,579700,0.0,0.0,BG
2005-04-15 00:00:00-04:00,33.87283484286563,34.154662456863484,32.436863239325014,32.873023986816406,1149100,0.0,0.0,BG
2005-04-18 00:00:00-04:00,33.550745503238424,34.033877057595056,32.65829444418729,33.69165802001953,1027000,0.0,0.0,BG
2005-04-19 00:00:00-04:00,33.66480026483924,34.369367621925136,33.617829448995835,34.282135009765625,672800,0.0,0.0,BG
2005-04-20 00:00:00-04:00,34.36938206098972,34.38951168774578,33.725205847891694,33.85940933227539,371700,0.0,0.0,BG
2005-04-21 00:00:00-04:00,34.241877102046566,34.886053117671345,34.22174748146128,34.79882049560547,726300,0.0,0.0,BG
2005-04-22 00:00:00-04:00,34.79882380915836,35.23498184158328,34.664620353136065,35.053810119628906,730200,0.0,0.0,BG
2005-04-25 00:00:00-04:00,35.28866291842369,35.91941581033222,35.28866291842369,35.711402893066406,659600,0.0,0.0,BG
2005-04-26 00:00:00-04:00,35.86573788557637,35.86573788557637,35.48325969366587,35.59062194824219,446900,0.0,0.0,BG
2005-04-27 00:00:00-04:00,35.570488434598126,36.16769367303093,35.07393898565862,36.006649017333984,1163100,0.0,0.0,BG
2005-04-28 00:00:00-04:00,36.9058067116185,38.91214169367142,36.872256490187866,37.79154586791992,2208600,0.0,0.0,BG
2005-04-29 00:00:00-04:00,38.08680243743018,38.24784713057191,37.643932730938616,38.11364364624024,1434400,0.0,0.0,BG
2005-05-02 00:00:00-04:00,38.24783886328935,38.274680066297655,37.61037437029092,37.78483963012695,933500,0.0,0.0,BG
2005-05-03 00:00:00-04:00,37.7915803751124,37.93249296961794,37.28831891497538,37.449363708496094,1002600,0.0,0.0,BG
2005-05-04 00:00:00-04:00,37.54998822030301,38.046540306865545,37.50972896985088,37.74458312988281,1395500,0.0,0.0,BG
2005-05-05 00:00:00-04:00,37.74457648731192,37.74457648731192,37.21447426542448,37.47616958618164,827800,0.0,0.0,BG
2005-05-06 00:00:00-04:00,37.64392841506648,37.7714228624377,37.24132056794893,37.26816177368164,616900,0.0,0.0,BG
2005-05-09 00:00:00-04:00,37.04673187591628,37.52986342121679,36.93936959470713,37.442630767822266,943700,0.0,0.0,BG
2005-05-10 00:00:00-04:00,37.442623600050894,37.77142196315266,37.27486990779285,37.395652770996094,531500,0.0,0.0,BG
2005-05-11 00:00:00-04:00,37.57680767056583,37.81166169462011,37.27485066841255,37.75127029418945,2402800,0.0,0.0,BG
2005-05-12 00:00:00-04:00,37.77813999225226,37.85866106701419,37.45605313348577,37.77143096923828,549000,0.0,0.0,BG
2005-05-13 00:00:00-04:00,37.670542328781885,38.24895136941512,37.596561984720125,37.81850814819336,1198500,0.13,0.0,BG
2005-05-16 00:00:00-04:00,37.98664013025999,38.27584457397461,37.79159479554208,38.27584457397461,1154300,0.0,0.0,BG
2005-05-17 00:00:00-04:00,38.27585744139338,38.47090284168085,37.93284877678798,38.32293701171875,1045000,0.0,0.0,BG
2005-05-18 00:00:00-04:00,38.45744864911504,39.06948558888025,38.35656239608969,38.78028106689453,755900,0.0,0.0,BG
2005-05-19 00:00:00-04:00,38.934961394617375,38.95513761375927,38.632305279272366,38.82735061645508,438200,0.0,0.0,BG
2005-05-20 00:00:00-04:00,38.67268182401927,39.33852564865565,38.457460147815446,39.13675308227539,547300,0.0,0.0,BG
2005-05-23 00:00:00-04:00,39.29141843844387,40.64328145576898,39.25106600342368,40.28009414672852,1142700,0.0,0.0,BG
2005-05-24 00:00:00-04:00,40.42134915544874,40.65674957276531,40.118695507768265,40.38099670410156,793700,0.0,0.0,BG
2005-05-25 00:00:00-04:00,40.38098166616361,40.38770621700253,39.89673190517953,40.13212966918945,358500,0.0,0.0,BG
2005-05-26 00:00:00-04:00,40.132135052161104,40.69036777546565,40.111958831294906,40.48859786987305,570300,0.0,0.0,BG
2005-05-27 00:00:00-04:00,40.78453149724511,41.16789513083622,40.6365656858086,41.10063934326172,653800,0.0,0.0,BG
2005-05-31 00:00:00-04:00,41.26878486129549,41.72613143920898,40.69037580301406,41.72613143920898,1540100,0.0,0.0,BG
2005-06-01 00:00:00-04:00,41.72611747325146,41.72611747325146,41.01319450144217,41.16788482666016,807600,0.0,0.0,BG
2005-06-02 00:00:00-04:00,41.16116092533573,41.28894791801657,40.65673493989201,41.09390258789063,860800,0.0,0.0,BG
2005-06-03 00:00:00-04:00,41.11408658484388,41.67231674537902,41.11408658484388,41.66559219360352,732300,0.0,0.0,BG
2005-06-06 00:00:00-04:00,41.69249524481413,42.02205215805869,41.5647056711677,41.685768127441406,505300,0.0,0.0,BG
2005-06-07 00:00:00-04:00,41.69922615189489,42.81568920107793,41.69250159914082,42.40542221069336,991400,0.0,0.0,BG
2005-06-08 00:00:00-04:00,42.35833143361118,42.35833143361118,41.05355046491999,41.18806457519531,590400,0.0,0.0,BG
2005-06-09 00:00:00-04:00,40.55585050317958,41.625233742056224,40.52222261579721,41.61178207397461,395700,0.0,0.0,BG
2005-06-10 00:00:00-04:00,41.54451246392166,41.82698970263406,41.28893598677056,41.362918853759766,476200,0.0,0.0,BG
2005-06-13 00:00:00-04:00,41.36294145305341,41.82701255548026,41.36294145305341,41.49745559692383,379300,0.0,0.0,BG
2005-06-14 00:00:00-04:00,41.5579770322999,41.88753391313324,41.55124991558877,41.70594024658203,325700,0.0,0.0,BG
2005-06-15 00:00:00-04:00,41.59160143454734,41.867354186806615,41.56469810124325,41.80009841918945,427900,0.0,0.0,BG
2005-06-16 00:00:00-04:00,41.833734210070325,41.86736210023498,41.61178551682523,41.66559219360352,305100,0.0,0.0,BG
2005-06-17 00:00:00-04:00,41.638692760361074,42.6542695061848,41.517630291899465,42.23727798461914,770100,0.0,0.0,BG
2005-06-20 00:00:00-04:00,42.03551122403193,42.27090906062891,41.74630670155907,41.820289611816406,350900,0.0,0.0,BG
2005-06-21 00:00:00-04:00,42.27090352125765,43.80435794875343,42.14984105954549,42.77532958984375,1144500,0.0,0.0,BG
2005-06-22 00:00:00-04:00,42.87621383259654,43.8514354672545,42.83585882535772,43.7841796875,979000,0.0,0.0,BG
2005-06-23 00:00:00-04:00,43.63621768679583,43.7371039308417,42.75515509345615,42.91657257080078,514500,0.0,0.0,BG
2005-06-24 00:00:00-04:00,42.86949037960285,42.86949037960285,41.9480702663607,42.196922302246094,386300,0.0,0.0,BG
2005-06-27 00:00:00-04:00,42.19691149988776,42.41885757446289,41.84717588131692,42.41885757446289,630200,0.0,0.0,BG
2005-06-28 00:00:00-04:00,42.37180617839866,42.667735329663344,42.24401911514351,42.54667282104492,426900,0.0,0.0,BG
2005-06-29 00:00:00-04:00,43.0107283472278,43.20577113653945,42.74170009448656,42.9434700012207,458400,0.0,0.0,BG
2005-06-30 00:00:00-04:00,43.11161132108702,43.21249755564554,42.37178748646956,42.64081573486328,361900,0.0,0.0,BG
2005-07-01 00:00:00-04:00,42.593738760354846,43.32011353570012,42.43904584047512,42.86949157714844,453600,0.0,0.0,BG
2005-07-05 00:00:00-04:00,43.01073292853772,43.77073564268675,42.97710503477407,43.66984939575195,500600,0.0,0.0,BG
2005-07-06 00:00:00-04:00,43.66984394198756,44.01957707222531,43.39408857688967,43.46134948730469,518200,0.0,0.0,BG
2005-07-07 00:00:00-04:00,43.44788502541625,43.93886184692383,43.25956683567169,43.93886184692383,218700,0.0,0.0,BG
2005-07-08 00:00:00-04:00,43.77071172470208,44.05318895673306,43.72363218603024,43.79761505126953,290800,0.0,0.0,BG
2005-07-11 00:00:00-04:00,43.535341928327256,43.790915997559935,43.11834779625357,43.42100143432617,569700,0.0,0.0,BG
2005-07-12 00:00:00-04:00,43.45462391215184,43.95232285290605,43.45462391215184,43.85143661499024,373500,0.0,0.0,BG
2005-07-13 00:00:00-04:00,43.68328668995687,43.918689579587365,43.61603092061371,43.7236442565918,298100,0.0,0.0,BG
2005-07-14 00:00:00-04:00,43.78418322566695,44.14737062323465,43.49497873119383,43.65639877319336,725200,0.0,0.0,BG
2005-07-15 00:00:00-04:00,43.454629128762456,43.95232812926408,43.454629128762456,43.75056076049805,454900,0.0,0.0,BG
2005-07-18 00:00:00-04:00,43.73037475408141,44.2146245976732,43.71692565010932,44.03976058959961,783800,0.0,0.0,BG
2005-07-19 00:00:00-04:00,43.98595555483919,45.72790450205097,43.95232509672131,45.23020553588867,945100,0.0,0.0,BG
2005-07-20 00:00:00-04:00,45.062066730624665,45.36472035018089,44.557640610505736,45.27056121826172,513300,0.0,0.0,BG
2005-07-21 00:00:00-04:00,45.10239444781649,45.10912156249009,43.88504838743301,44.05991744995117,694300,0.0,0.0,BG
2005-07-22 00:00:00-04:00,43.95904934054579,44.38276537617603,43.18559503599048,44.15409469604492,519800,0.0,0.0,BG
2005-07-25 00:00:00-04:00,44.26843861847667,44.26843861847667,43.246137214559056,43.48826217651367,312300,0.0,0.0,BG
2005-07-26 00:00:00-04:00,43.58914739379907,43.61605074001864,42.97711294399187,43.04436874389648,681500,0.0,0.0,BG
2005-07-27 00:00:00-04:00,42.37179067057948,42.37851522275506,41.36293851175616,41.69922256469727,1482500,0.0,0.0,BG
2005-07-28 00:00:00-04:00,40.959395683168026,40.99302357287751,39.17708930648676,40.017799377441406,3333100,0.0,0.0,BG
2005-07-29 00:00:00-04:00,40.35409015834194,41.34949074103709,40.28683436766895,41.28895950317383,1242700,0.0,0.0,BG
2005-08-01 00:00:00-04:00,41.29568766856482,41.591616746929965,39.950551295851234,40.212852478027344,1306900,0.0,0.0,BG
2005-08-02 00:00:00-04:00,40.08506032586795,40.42807151580945,39.37886428833008,39.37886428833008,2717800,0.0,0.0,BG
2005-08-03 00:00:00-04:00,39.38557959849173,39.64788068531116,39.298145047670886,39.43265914916992,886500,0.0,0.0,BG
2005-08-04 00:00:00-04:00,39.385586376349245,39.69496706708814,39.08293023730314,39.6075325012207,670000,0.0,0.0,BG
2005-08-05 00:00:00-04:00,39.74877857784533,40.340639297098924,39.18382120165872,39.25107955932617,812600,0.0,0.0,BG
2005-08-08 00:00:00-04:00,39.13672215744125,39.44610531745678,38.9887589754958,39.07619094848633,857600,0.0,0.0,BG
2005-08-09 00:00:00-04:00,39.12328264395658,39.49319712781928,39.04930231282757,39.23089599609375,417400,0.0,0.0,BG
2005-08-10 00:00:00-04:00,39.23762559395128,39.76222792486903,39.21744937065255,39.37886428833008,536000,0.0,0.0,BG
2005-08-11 00:00:00-04:00,39.37885852033941,40.16104120323908,39.37885852033941,40.08686828613281,712800,0.15,0.0,BG
2005-08-12 00:00:00-04:00,40.15429677402294,40.43075782794759,39.72274806274867,40.05315399169922,465000,0.0,0.0,BG
2005-08-15 00:00:00-04:00,40.08013670219217,40.32962797079612,39.85762045197957,40.24871063232422,575700,0.0,0.0,BG
2005-08-16 00:00:00-04:00,40.29589641366515,40.29589641366515,39.37885672926383,39.446285247802734,307000,0.0,0.0,BG
2005-08-17 00:00:00-04:00,39.37884761520764,39.513704621073394,39.19004317697707,39.243988037109375,381600,0.0,0.0,BG
2005-08-18 00:00:00-04:00,39.12935712003922,39.31141716754309,38.59666576500848,38.657352447509766,594800,0.0,0.0,BG
2005-08-19 00:00:00-04:00,38.46857187527034,38.502286148194,38.1651382744892,38.23931121826172,877100,0.0,0.0,BG
2005-08-22 00:00:00-04:00,38.23929822530913,39.5002326965332,38.15838348333875,39.5002326965332,1131600,0.0,0.0,BG
2005-08-23 00:00:00-04:00,39.17658382269649,39.73625055524881,39.17658382269649,39.70927810668945,973500,0.0,0.0,BG
2005-08-24 00:00:00-04:00,39.64857494303748,40.12058230816846,39.453028630418,39.79692077636719,739700,0.0,0.0,BG
2005-08-25 00:00:00-04:00,39.7969247813868,40.19475926988956,39.7969247813868,40.04641342163086,530000,0.0,0.0,BG
2005-08-26 00:00:00-04:00,40.10035539640279,40.12058343888758,39.547433275796784,39.601375579833984,336400,0.0,0.0,BG
2005-08-29 00:00:00-04:00,39.27773274270062,39.27773274270062,38.19211602701009,38.99452972412109,689300,0.0,0.0,BG
2005-08-30 00:00:00-04:00,38.99451353625544,39.54069129456145,38.99451353625544,39.432804107666016,651900,0.0,0.0,BG
2005-08-31 00:00:00-04:00,39.43280674717051,39.64183931112451,38.91359882165919,39.59463882446289,691600,0.0,0.0,BG
2005-09-01 00:00:00-04:00,39.58114440971557,39.635086709490345,38.75176129434298,38.9405632019043,1253500,0.0,0.0,BG
2005-09-02 00:00:00-04:00,39.17657839973369,39.17657839973369,38.50228271249399,38.9608039855957,584100,0.0,0.0,BG
2005-09-06 00:00:00-04:00,39.26423741069447,39.28446545812025,38.60342794836863,38.7113151550293,444900,0.0,0.0,BG
2005-09-07 00:00:00-04:00,38.71806285306668,38.71806285306668,36.71540611488914,37.4908447265625,3341800,0.0,0.0,BG
2005-09-08 00:00:00-04:00,37.75381896960565,38.805718659810985,37.58524503748463,38.65063095092773,1090400,0.0,0.0,BG
2005-09-09 00:00:00-04:00,38.74501514976718,38.86638853407137,38.25277978997037,38.40786743164063,577300,0.0,0.0,BG
2005-09-12 00:00:00-04:00,38.50229261721125,38.73155331273944,38.43486406003485,38.46857833862305,509200,0.0,0.0,BG
2005-09-13 00:00:00-04:00,38.29998492330769,38.43484454140841,37.87517802657207,37.88866424560547,477800,0.0,0.0,BG
2005-09-14 00:00:00-04:00,37.78076742645903,37.8819127572874,37.03229918058044,37.1873893737793,907800,0.0,0.0,BG
2005-09-15 00:00:00-04:00,37.28180067749561,37.69312136463076,37.28180067749561,37.36945724487305,416400,0.0,0.0,BG
2005-09-16 00:00:00-04:00,37.457125409238046,37.78078703474403,37.35598259814903,37.57849884033203,586900,0.0,0.0,BG
2005-09-19 00:00:00-04:00,37.54477907124292,37.75381163245344,36.83002481195234,36.97837066650391,355900,0.0,0.0,BG
2005-09-20 00:00:00-04:00,36.93116498422328,37.15368116250889,36.78281915054407,36.85025024414063,640100,0.0,0.0,BG
2005-09-21 00:00:00-04:00,36.88398856496459,36.88398856496459,36.00065995438639,36.03437423706055,1295400,0.0,0.0,BG
2005-09-22 00:00:00-04:00,36.034347945698165,36.64121487999054,36.034347945698165,36.51309967041016,1021900,0.0,0.0,BG
2005-09-23 00:00:00-04:00,36.68167627810348,37.17391168509585,36.2770974342208,36.74236297607422,1216000,0.0,0.0,BG
2005-09-26 00:00:00-04:00,36.74910822213647,36.78282248587523,36.175958021877264,36.19618606567383,702900,0.0,0.0,BG
2005-09-27 00:00:00-04:00,35.69046514671934,35.69720697071611,34.6587937355692,35.50166320800781,2292200,0.0,0.0,BG
2005-09-28 00:00:00-04:00,35.508392557659306,35.73765307651113,35.28587643266839,35.73091125488281,785500,0.0,0.0,BG
2005-09-29 00:00:00-04:00,35.366791688081626,35.37353350981188,34.45649142053981,35.02964401245117,815800,0.0,0.0,BG
2005-09-30 00:00:00-04:00,34.81388640559183,35.49492390526777,34.77342773910493,35.48143768310547,471500,0.0,0.0,BG
2005-10-03 00:00:00-04:00,35.48143602017579,35.602809441714136,34.73296744476728,34.84085464477539,1082600,0.0,0.0,BG
2005-10-04 00:00:00-04:00,35.19147501503014,35.41399372547387,34.81387124782781,35.30610656738281,766000,0.0,0.0,BG
2005-10-05 00:00:00-04:00,35.39377093144608,35.60954527959946,35.27913936210846,35.47468566894531,992100,0.0,0.0,BG
2005-10-06 00:00:00-04:00,35.64326092229044,35.80509040356847,35.3061131686891,35.60954666137695,848900,0.0,0.0,BG
2005-10-07 00:00:00-04:00,35.53537145181562,36.00063439576968,35.52188523387351,35.88600540161133,913500,0.0,0.0,BG
2005-10-10 00:00:00-04:00,35.97366562296365,36.14223950605576,35.656748471869136,35.66349029541016,462000,0.0,0.0,BG
2005-10-11 00:00:00-04:00,35.67022814499246,36.97161848941138,35.67022814499246,36.782814025878906,1132200,0.0,0.0,BG
2005-10-12 00:00:00-04:00,36.5130980140662,37.55825540039559,36.452411323389896,37.43688201904297,1433900,0.0,0.0,BG
2005-10-13 00:00:00-04:00,37.43688395571443,37.450370173477154,36.58052841952937,36.76258850097656,693300,0.0,0.0,BG
2005-10-14 00:00:00-04:00,36.93116602101519,36.94465224011311,36.202925623127314,36.546817779541016,665400,0.0,0.0,BG
2005-10-17 00:00:00-04:00,36.63449479568547,37.11998605897036,36.59403611864734,36.62775039672852,481300,0.0,0.0,BG
2005-10-18 00:00:00-04:00,36.4861526161377,36.533353124724485,36.135518429325344,36.263633728027344,409400,0.0,0.0,BG
2005-10-19 00:00:00-04:00,36.08829460880486,36.095036431861615,35.36679864677434,35.65674591064453,981600,0.0,0.0,BG
2005-10-20 00:00:00-04:00,35.69047029353921,35.88601665668018,35.39378112246018,35.51515197753906,456700,0.0,0.0,BG
2005-10-21 00:00:00-04:00,35.53536524919121,35.53536524919121,34.55089466135195,34.780155181884766,1097800,0.0,0.0,BG
2005-10-24 00:00:00-04:00,34.220513663736135,34.786922268645974,34.13285448486446,34.24748611450195,1261400,0.0,0.0,BG
2005-10-25 00:00:00-04:00,34.267696473556526,34.47672900071343,34.112608820078755,34.37558364868164,615000,0.0,0.0,BG
2005-10-26 00:00:00-04:00,34.321642306353176,34.69924614372661,33.9372940734648,34.004722595214844,649600,0.0,0.0,BG
2005-10-27 00:00:00-04:00,33.997975647314604,34.00472004232321,31.455884042472512,32.5684700012207,4045000,0.0,0.0,BG
2005-10-28 00:00:00-04:00,33.71477374773484,35.609544958361454,33.62037279279848,35.1173095703125,2354300,0.0,0.0,BG
2005-10-31 00:00:00-05:00,35.02966309880953,35.44772572415291,34.88131721758954,35.022918701171875,1190600,0.0,0.0,BG
2005-11-01 00:00:00-05:00,34.90828408882892,35.19148701076616,33.88335445147932,34.28118896484375,854500,0.0,0.0,BG
2005-11-02 00:00:00-05:00,34.193529944063464,34.65205116703308,33.93729946293558,34.456504821777344,839000,0.0,0.0,BG
2005-11-03 00:00:00-05:00,34.4564938357363,35.04313268446071,34.4564938357363,34.92850112915039,1016200,0.0,0.0,BG
2005-11-04 00:00:00-05:00,34.847586575668146,35.279135221323145,34.638554075077145,35.11056137084961,765300,0.0,0.0,BG
2005-11-07 00:00:00-05:00,35.110568937204135,35.467944754108295,34.90153639156646,35.04314041137695,828000,0.0,0.0,BG
2005-11-08 00:00:00-05:00,35.043150442356286,35.11057898748465,34.658802076209525,34.72623062133789,791300,0.0,0.0,BG
2005-11-09 00:00:00-05:00,34.55763722303551,34.71272484727098,34.2272313646329,34.25420379638672,794200,0.0,0.0,BG
2005-11-10 00:00:00-05:00,34.260954239996515,34.49021480591984,33.660829102555226,33.91032028198242,1025900,0.0,0.0,BG
2005-11-11 00:00:00-05:00,33.68105667787659,34.739700279437,33.377623225020734,34.70598602294922,548900,0.0,0.0,BG
2005-11-14 00:00:00-05:00,34.70598307631083,34.70598307631083,33.590142753365235,33.77949905395508,421700,0.15,0.0,BG
2005-11-15 00:00:00-05:00,33.651012229070744,33.85389419659469,33.38050723862445,33.4616584777832,445300,0.0,0.0,BG
2005-11-16 00:00:00-05:00,33.745700507783454,33.76598767793968,33.0491442353124,33.245262145996094,865100,0.0,0.0,BG
2005-11-17 00:00:00-05:00,33.24525265828118,33.387267968349754,32.96798356634912,33.2925910949707,523900,0.0,0.0,BG
2005-11-18 00:00:00-05:00,33.30611752783253,33.5766250980302,33.21144065218876,33.4616584777832,495600,0.0,0.0,BG
2005-11-21 00:00:00-05:00,33.14380045652264,33.907981872558594,33.14380045652264,33.907981872558594,988800,0.0,0.0,BG
2005-11-22 00:00:00-05:00,34.07706316421464,34.81419363650378,33.90799656579742,34.71951675415039,890800,0.0,0.0,BG
2005-11-23 00:00:00-05:00,35.50399968423066,37.194666335860695,35.19967917098674,35.456661224365234,1360300,0.0,0.0,BG
2005-11-25 00:00:00-05:00,35.55807603651294,36.17347814074763,35.55807603651294,35.91649627685547,335700,0.0,0.0,BG
2005-11-28 00:00:00-05:00,35.842117983231006,35.94355897168792,35.55808734315405,35.87593078613281,548800,0.0,0.0,BG
2005-11-29 00:00:00-05:00,35.90973496363424,36.180242481376666,35.84210937407408,36.132904052734375,793800,0.0,0.0,BG
2005-11-30 00:00:00-05:00,36.37635844244968,36.94442213685703,36.04498687914924,36.18024063110352,1101700,0.0,0.0,BG
2005-12-01 00:00:00-05:00,36.24786621720528,36.42369686867106,35.990886926217975,36.18024063110352,843600,0.0,0.0,BG
2005-12-02 00:00:00-05:00,36.28168102485601,36.41693219495277,36.17347854092819,36.24110412597656,633300,0.0,0.0,BG
2005-12-05 00:00:00-05:00,36.24111829349372,36.52514895743211,36.132915767266944,36.45752334594727,788200,0.0,0.0,BG
2005-12-06 00:00:00-05:00,36.43046837474465,36.64687340525081,36.1058608289854,36.5927734375,730300,0.0,0.0,BG
2005-12-07 00:00:00-05:00,36.011180302659824,36.47104159083914,35.84887525634604,36.072044372558594,1053300,0.0,0.0,BG
2005-12-08 00:00:00-05:00,36.07882109930876,36.32904159194216,35.88946728196653,35.97738265991211,731800,0.0,0.0,BG
2005-12-09 00:00:00-05:00,35.8488799138439,35.88945682563191,35.37549550840811,35.62571334838867,798400,0.0,0.0,BG
2005-12-12 00:00:00-05:00,35.45665780579587,36.32904233306625,35.368742426056784,36.14645004272461,661500,0.0,0.0,BG
2005-12-13 00:00:00-05:00,36.1464292012503,36.70772881036544,36.132903567569706,36.24786758422852,739500,0.0,0.0,BG
2005-12-14 00:00:00-05:00,36.55219953982366,36.61306362090494,36.18025352421663,36.38313293457031,655700,0.0,0.0,BG
2005-12-15 00:00:00-05:00,36.38314122771974,36.755087328107926,36.247887396737056,36.416954040527344,775500,0.0,0.0,BG
2005-12-16 00:00:00-05:00,36.55218879297399,36.586001588132895,36.47103756864243,36.49808883666992,625100,0.0,0.0,BG
2005-12-19 00:00:00-05:00,36.52514534576851,36.75507601373346,36.48457101479034,36.68745040893555,814200,0.0,0.0,BG
2005-12-20 00:00:00-05:00,36.80919308840732,37.3569699905601,36.42372131347656,36.42372131347656,832900,0.0,0.0,BG
2005-12-21 00:00:00-05:00,36.59277770124876,37.17436725590702,36.59277770124876,37.14731597900391,1428500,0.0,0.0,BG
2005-12-22 00:00:00-05:00,37.19466513889632,38.75007789239057,37.18113949654824,38.188777923583984,1521400,0.0,0.0,BG
2005-12-23 00:00:00-05:00,38.4998573256732,38.52014449793182,37.810065091604784,38.06704711914063,479900,0.0,0.0,BG
2005-12-27 00:00:00-05:00,38.19552127810837,38.37135196520528,37.79652404785156,37.79652404785156,313100,0.0,0.0,BG
2005-12-28 00:00:00-05:00,37.8235711836592,38.37134776929063,37.803284021886135,38.08731460571289,315500,0.0,0.0,BG
2005-12-29 00:00:00-05:00,38.20904892923164,39.1084844166429,38.14142332585923,38.5539436340332,811600,0.0,0.0,BG
2005-12-30 00:00:00-05:00,38.48632286628723,38.49308439557346,38.05351275891984,38.28344345092773,235800,0.0,0.0,BG
2006-01-03 00:00:00-05:00,39.13554428512631,39.14906992561325,38.45251620892415,38.88532638549805,824100,0.0,0.0,BG
2006-01-04 00:00:00-05:00,39.87941666301464,40.53539309027254,39.31811450655353,39.76445007324219,1387100,0.0,0.0,BG
2006-01-05 00:00:00-05:00,39.59539471501248,39.892953563348414,39.34517688507206,39.53453063964844,782700,0.0,0.0,BG
2006-01-06 00:00:00-05:00,39.710368075571004,39.89296033264657,38.63510428151614,39.176116943359375,814700,0.0,0.0,BG
2006-01-09 00:00:00-05:00,39.05437724095856,39.08819003863688,38.39163660340939,38.46602630615234,710000,0.0,0.0,BG
2006-01-10 00:00:00-05:00,38.44574628295095,39.723892028219815,38.37812067049835,39.49396133422852,1149500,0.0,0.0,BG
2006-01-11 00:00:00-05:00,39.41957226240933,39.71712857375767,39.29784409418688,39.48719787597656,1126600,0.0,0.0,BG
2006-01-12 00:00:00-05:00,39.48718600098887,39.89970882704561,39.311357910739794,39.68330383300781,821000,0.0,0.0,BG
2006-01-13 00:00:00-05:00,39.615688556586754,39.906480747006114,39.426332202677806,39.8591423034668,752400,0.0,0.0,BG
2006-01-17 00:00:00-05:00,39.56836038091426,39.69685269488599,38.716265540784605,39.10850143432617,857500,0.0,0.0,BG
2006-01-18 00:00:00-05:00,39.10849586695485,39.3925265799801,38.79064976259139,39.30461120605469,638400,0.0,0.0,BG
2006-01-19 00:00:00-05:00,39.47368423326013,39.79829192058349,39.1693637202218,39.331668853759766,531700,0.0,0.0,BG
2006-01-20 00:00:00-05:00,39.39251949953855,39.39251949953855,38.34430705026512,38.47956085205078,725900,0.0,0.0,BG
2006-01-23 00:00:00-05:00,38.47956757378454,38.60805728906249,37.55984465668392,38.03999328613281,1280200,0.0,0.0,BG
2006-01-24 00:00:00-05:00,38.1752344652132,38.89883922474471,38.14142166499936,38.81768798828125,902000,0.0,0.0,BG
2006-01-25 00:00:00-05:00,38.98676450195534,39.521013072850245,38.614815865586046,39.28432083129883,653200,0.0,0.0,BG
2006-01-26 00:00:00-05:00,39.45338474385736,40.48807158546433,39.3519437445912,39.8726692199707,1278500,0.0,0.0,BG
2006-01-27 00:00:00-05:00,39.872666375861805,39.89971765103679,38.79064116637839,39.5210075378418,783400,0.0,0.0,BG
2006-01-30 00:00:00-05:00,39.6495104320741,39.75771298202334,39.09497204111521,39.20317459106445,766400,0.0,0.0,BG
2006-01-31 00:00:00-05:00,39.291079660981865,40.12288966356008,38.986761822686944,39.8726692199707,1260300,0.0,0.0,BG
2006-02-01 00:00:00-05:00,39.89971717126856,41.522757545729256,39.89971717126856,40.42720413208008,3733700,0.0,0.0,BG
2006-02-02 00:00:00-05:00,40.57598197568375,40.92764079570985,39.80503873090599,40.08906936645508,1535300,0.0,0.0,BG
2006-02-03 00:00:00-05:00,40.089070935713394,40.72476299592376,40.0687837694519,40.42720413208008,652100,0.0,0.0,BG
2006-02-06 00:00:00-05:00,40.59625241674471,40.792370201306376,39.5277533397112,39.63595581054688,1048600,0.0,0.0,BG
2006-02-07 00:00:00-05:00,39.7644605525623,41.25224702685828,39.7644605525623,40.772098541259766,1150600,0.0,0.0,BG
2006-02-08 00:00:00-05:00,40.57597371061885,40.67065056985015,39.9673330730592,40.19050216674805,2263200,0.0,0.0,BG
2006-02-09 00:00:00-05:00,40.19052655555489,40.19052655555489,37.39078308331473,38.188777923583984,4812000,0.0,0.0,BG
2006-02-10 00:00:00-05:00,38.83970181136731,39.063465306278594,37.57849596963244,37.65308380126953,1519300,0.15,0.0,BG
2006-02-13 00:00:00-05:00,37.70056317659535,37.89720343086079,37.66666030883789,37.66666030883789,1272400,0.0,0.0,BG
2006-02-14 00:00:00-05:00,37.632754991214455,38.64985647746349,37.62597545275351,38.54814529418945,1074600,0.0,0.0,BG
2006-02-15 00:00:00-05:00,38.44643248071844,38.710878424279,38.38540629477196,38.56170272827149,777100,0.0,0.0,BG
2006-02-16 00:00:00-05:00,38.819375942440125,39.49744364449148,38.717664752483216,39.42963790893555,1261400,0.0,0.0,BG
2006-02-17 00:00:00-05:00,39.49743259705516,39.65338781451152,39.32791571895621,39.39572143554688,700200,0.0,0.0,BG
2006-02-21 00:00:00-05:00,39.39572744905429,39.65339386735007,38.1684267197165,38.33116149902344,1060100,0.0,0.0,BG
2006-02-22 00:00:00-05:00,38.75155174852124,39.28722301215429,38.52100873617243,39.03633880615234,884900,0.0,0.0,BG
2006-02-23 00:00:00-05:00,39.03635608987794,39.46353945208596,38.81937463943452,39.3482666015625,490500,0.0,0.0,BG
2006-02-24 00:00:00-05:00,39.11094564958844,39.13128685313258,38.17521148721213,38.95499038696289,897700,0.0,0.0,BG
2006-02-27 00:00:00-05:00,39.463533966386905,39.49743682831416,38.75834305716064,39.02278900146485,570900,0.0,0.0,BG
2006-02-28 00:00:00-05:00,39.12449733424921,39.151620656471465,38.392183153982806,38.43964767456055,584700,0.0,0.0,BG
2006-03-01 00:00:00-05:00,38.50745719817763,38.582045043336976,37.9853448686847,38.039588928222656,1093000,0.0,0.0,BG
2006-03-02 00:00:00-05:00,37.89719607680977,38.17520367706958,37.55138275419292,37.93109893798828,1034300,0.0,0.0,BG
2006-03-03 00:00:00-05:00,37.931095418977854,37.97178040059107,37.6463083075521,37.83616638183594,446500,0.0,0.0,BG
2006-03-06 00:00:00-05:00,37.90397785998197,37.90397785998197,37.00214675833711,37.30727767944336,814400,0.0,0.0,BG
2006-03-07 00:00:00-05:00,37.00892654131431,37.049608937139936,36.120657157534936,36.43256759643555,880500,0.0,0.0,BG
2006-03-08 00:00:00-05:00,36.43255819739039,36.43255819739039,35.544289042770934,36.10708618164063,1553500,0.0,0.0,BG
2006-03-09 00:00:00-05:00,35.7341589031951,35.740938440296816,34.676372638387576,34.77808380126953,2310800,0.0,0.0,BG
2006-03-10 00:00:00-05:00,34.77807882389614,34.988278070056126,34.14069378941889,34.24240493774414,1390200,0.0,0.0,BG
2006-03-13 00:00:00-05:00,34.26274889863727,34.90013398456773,34.26274889863727,34.72383499145508,1210600,0.0,0.0,BG
2006-03-14 00:00:00-05:00,34.65604112792396,35.35445004263241,34.61535613407396,35.19171524047852,940100,0.0,0.0,BG
2006-03-15 00:00:00-05:00,35.28665133733053,35.462947839229635,34.48653107187801,34.920494079589844,863500,0.0,0.0,BG
2006-03-16 00:00:00-05:00,34.92047446396829,36.7783804570582,34.73061640139783,36.42578506469727,1783800,0.0,0.0,BG
2006-03-17 00:00:00-05:00,36.62242461575595,36.75803863337247,36.07997113191218,36.276611328125,591200,0.0,0.0,BG
2006-03-20 00:00:00-05:00,35.971475179210415,36.29016768605046,35.63244147801782,36.13421249389648,725700,0.0,0.0,BG
2006-03-21 00:00:00-05:00,36.14099654960207,36.51393315022903,35.93757682077119,36.025726318359375,326400,0.0,0.0,BG
2006-03-22 00:00:00-05:00,36.14099744165322,36.54105737243137,35.598543955841045,35.72059631347656,492400,0.0,0.0,BG
2006-03-23 00:00:00-05:00,35.890115399916766,36.03929108768614,34.73740005493164,34.73740005493164,1150700,0.0,0.0,BG
2006-03-24 00:00:00-05:00,34.77130392373362,34.92047961583113,34.01186897478926,34.15426254272461,1251100,0.0,0.0,BG
2006-03-27 00:00:00-05:00,33.903392373183245,34.25598796425918,33.8084632883981,33.916954040527344,986000,0.0,0.0,BG
2006-03-28 00:00:00-05:00,33.916934180897194,35.56463829237156,33.90337252149395,34.58143997192383,1762900,0.0,0.0,BG
2006-03-29 00:00:00-05:00,35.59853907220143,37.24624308761594,35.4086810248687,37.0563850402832,2597100,0.0,0.0,BG
2006-03-30 00:00:00-05:00,37.17166919225293,37.7548077980735,36.83941748487703,37.3547477722168,1586700,0.0,0.0,BG
2006-03-31 00:00:00-05:00,37.34796574620028,37.897198862888544,37.29371909502862,37.775146484375,1206300,0.0,0.0,BG
2006-04-03 00:00:00-04:00,37.775144524587176,38.35150352358226,37.70055667640713,37.92432022094727,1048300,0.0,0.0,BG
2006-04-04 00:00:00-04:00,37.8565135581984,37.863293095763645,37.05639362113048,37.47001266479492,839900,0.0,0.0,BG
2006-04-05 00:00:00-04:00,37.80903231286862,38.10060146499063,37.6734209192857,38.005672454833984,613600,0.0,0.0,BG
2006-04-06 00:00:00-04:00,38.64307005077391,38.64984958802639,37.727677324347226,37.80226516723633,531700,0.0,0.0,BG
2006-04-07 00:00:00-04:00,37.79549169965314,37.98534981268072,37.388649560364726,37.93788528442383,720000,0.0,0.0,BG
2006-04-10 00:00:00-04:00,37.971791793714765,38.30404611002391,37.73446912965326,37.75481033325195,861300,0.0,0.0,BG
2006-04-11 00:00:00-04:00,37.92431246815661,38.29724904619561,37.74123394731085,37.84294509887695,454300,0.0,0.0,BG
2006-04-12 00:00:00-04:00,37.83616051930103,37.95143332269971,37.51747059922156,37.88362503051758,373900,0.0,0.0,BG
2006-04-13 00:00:00-04:00,37.55815871194094,37.75479890930516,36.65633027476183,37.09707260131836,1404900,0.0,0.0,BG
2006-04-17 00:00:00-04:00,37.09028475464825,37.49712413210917,36.86652128640957,37.22589874267578,417000,0.0,0.0,BG
2006-04-18 00:00:00-04:00,37.37509642061982,37.727691987098346,37.3208523416511,37.63276290893555,474700,0.0,0.0,BG
2006-04-19 00:00:00-04:00,37.802260165114326,37.83616302013531,37.36151528997539,37.54459381103516,526900,0.0,0.0,BG
2006-04-20 00:00:00-04:00,37.68021099932934,37.720895980763046,37.164880834280325,37.39542388916016,537900,0.0,0.0,BG
2006-04-21 00:00:00-04:00,37.22590870402306,39.15840014401376,37.18522372074133,39.09737396240234,2130100,0.0,0.0,BG
2006-04-24 00:00:00-04:00,39.26689335820571,40.23653020216174,39.2533316962442,40.13481903076172,2154600,0.0,0.0,BG
2006-04-25 00:00:00-04:00,39.8771542498622,39.9042749865074,39.27367194695779,39.34148025512695,1529300,0.0,0.0,BG
2006-04-26 00:00:00-04:00,39.32792282104492,39.65339497537608,39.15840591233352,39.32792282104492,973800,0.0,0.0,BG
2006-04-27 00:00:00-04:00,37.29371881096524,37.81583118471347,35.93758358147559,37.1309814453125,4308800,0.0,0.0,BG
2006-04-28 00:00:00-04:00,36.886872998532326,37.02248442910175,35.92401580443151,36.17490005493164,1935800,0.0,0.0,BG
2006-05-01 00:00:00-04:00,36.05964132693303,39.07704317904543,36.05964132693303,38.48034286499024,2644600,0.0,0.0,BG
2006-05-02 00:00:00-04:00,38.4803370418768,40.51453988109496,38.31082013860862,40.10770034790039,2443100,0.0,0.0,BG
2006-05-03 00:00:00-04:00,40.073807299190506,40.37215879670888,39.4364244768418,39.700870513916016,1269500,0.0,0.0,BG
2006-05-04 00:00:00-04:00,38.31081098710409,39.43640285246386,38.14129412432929,38.66340637207031,2168500,0.0,0.0,BG
2006-05-05 00:00:00-04:00,39.32790067206501,39.49063795089037,38.548122296504864,38.7447624206543,1162300,0.0,0.0,BG
2006-05-08 00:00:00-04:00,39.02279011726413,40.087356049279656,39.00244891685066,40.01955032348633,1446500,0.0,0.0,BG
2006-05-09 00:00:00-04:00,40.27721177973409,41.301092598271424,39.91783423472157,41.13835525512695,2506000,0.0,0.0,BG
2006-05-10 00:00:00-04:00,41.32143208142827,42.16901644745658,41.22650304629265,41.47060775756836,1818600,0.0,0.0,BG
2006-05-11 00:00:00-04:00,41.61300657543611,42.01306655028471,40.60268733180625,40.8739128112793,1537600,0.0,0.0,BG
2006-05-12 00:00:00-04:00,40.69082529102175,40.69760741382253,39.27366426042985,39.89748764038086,2043600,0.0,0.0,BG
2006-05-15 00:00:00-04:00,39.89748978850109,39.90428924560547,39.02734599192158,39.90428924560547,986200,0.15,0.0,BG
2006-05-16 00:00:00-04:00,39.97907825841724,40.10144258623768,39.36725661931507,39.68676376342773,841400,0.0,0.0,BG
2006-05-17 00:00:00-04:00,39.6595570665905,39.66635392984691,38.39512785580554,39.074928283691406,1051400,0.0,0.0,BG
2006-05-18 00:00:00-04:00,39.05455190742407,39.42164491883311,38.29997269282792,38.53110504150391,1097700,0.0,0.0,BG
2006-05-19 00:00:00-04:00,38.57868482312933,38.57868482312933,37.837702050550455,38.36114883422852,1190700,0.0,0.0,BG
2006-05-22 00:00:00-04:00,38.02123864937903,38.51069579386012,37.13749859991374,38.333946228027344,1010500,0.0,0.0,BG
2006-05-23 00:00:00-04:00,38.442721690737,38.95257211791715,37.722134746658405,37.749324798583984,933600,0.0,0.0,BG
2006-05-24 00:00:00-04:00,37.858101514053466,40.747254600826224,37.82411199638528,39.57799911499024,2610200,0.0,0.0,BG
2006-05-25 00:00:00-04:00,39.57798819135902,39.74113886842984,38.4971052311401,39.33325958251953,729500,0.0,0.0,BG
2006-05-26 00:00:00-04:00,39.33325720003416,39.38763989135262,38.9525679878725,39.0953254699707,837400,0.0,0.0,BG
2006-05-30 00:00:00-04:00,38.94578210163925,39.25169293038671,38.51071007552458,38.680660247802734,1677700,0.0,0.0,BG
2006-05-31 00:00:00-04:00,38.57868239611521,38.93217900414868,38.109620935788136,38.47671127319336,696600,0.0,0.0,BG
2006-06-01 00:00:00-04:00,38.49709159425787,38.55827372479511,37.78330180014501,38.456302642822266,611800,0.0,0.0,BG
2006-06-02 00:00:00-04:00,38.46311977997332,38.74863479158024,38.06883418120164,38.34075546264648,561500,0.0,0.0,BG
2006-06-05 00:00:00-04:00,38.34075235917064,38.9865608121688,37.89888096089823,38.11641693115234,738600,0.0,0.0,BG
2006-06-06 00:00:00-04:00,38.272760315860936,38.68064209383788,37.64054576424439,38.191184997558594,749500,0.0,0.0,BG
2006-06-07 00:00:00-04:00,38.0688371336939,38.517505467611656,37.40942966065048,38.28637313842773,847000,0.0,0.0,BG
2006-06-08 00:00:00-04:00,38.11643390269106,38.15042342694603,35.76432355625837,36.54609298706055,1735400,0.0,0.0,BG
2006-06-09 00:00:00-04:00,37.38902252187248,38.93216976259952,37.38902252187248,38.15039825439453,1643500,0.0,0.0,BG
2006-06-12 00:00:00-04:00,38.1435950039031,38.60585941240447,37.28024831723827,37.46379470825195,1253500,0.0,0.0,BG
2006-06-13 00:00:00-04:00,36.92677594539552,37.37544432953221,35.31564891961841,35.7507209777832,1306900,0.0,0.0,BG
2006-06-14 00:00:00-04:00,35.82547406986421,36.80438550658058,35.82547406986421,36.34212112426758,534600,0.0,0.0,BG
2006-06-15 00:00:00-04:00,36.87238451506684,36.94036353561648,35.09130513245214,35.907066345214844,2142700,0.0,0.0,BG
2006-06-16 00:00:00-04:00,35.757503379254594,36.60725395949575,35.73031333154393,36.30134582519531,1263000,0.0,0.0,BG
2006-06-19 00:00:00-04:00,36.13140227672279,36.43731046662791,35.90026997315515,36.2265739440918,971100,0.0,0.0,BG
2006-06-20 00:00:00-04:00,36.117810220523815,36.59367120681772,35.94786005350698,36.12460708618164,457800,0.0,0.0,BG
2006-06-21 00:00:00-04:00,36.12462274929536,36.32856251949415,35.961471970430274,36.07024002075195,888600,0.0,0.0,BG
2006-06-22 00:00:00-04:00,36.070221006467655,36.32174650401426,35.240863439185844,35.505985260009766,1131800,0.0,0.0,BG
2006-06-23 00:00:00-04:00,35.34963134412578,36.64125352668532,35.11849903545408,35.64874267578125,683200,0.0,0.0,BG
2006-06-26 00:00:00-04:00,32.12057549612862,33.95603747169691,32.12057549612862,33.31022644042969,4094200,0.0,0.0,BG
2006-06-27 00:00:00-04:00,33.31022760684838,33.39860240619638,32.637223908054686,32.88875198364258,1110400,0.0,0.0,BG
2006-06-28 00:00:00-04:00,32.88874478111338,32.88874478111338,32.52844879801368,32.786773681640625,727400,0.0,0.0,BG
2006-06-29 00:00:00-04:00,32.78677212134782,33.74529055649215,32.657610982297406,33.595733642578125,1131500,0.0,0.0,BG
2006-06-30 00:00:00-04:00,33.68412734970186,34.64944578341176,33.68412734970186,34.15998840332031,1192200,0.0,0.0,BG
2006-07-03 00:00:00-04:00,34.16676560499697,34.70380852202769,33.92203964903925,34.33671569824219,490400,0.0,0.0,BG
2006-07-05 00:00:00-04:00,34.33672006603812,34.785388265548946,34.085194622145075,34.656227111816406,850600,0.0,0.0,BG
2006-07-06 00:00:00-04:00,34.76499581743928,35.26804930910599,34.57465251459766,34.99612808227539,716200,0.0,0.0,BG
2006-07-07 00:00:00-04:00,34.8737699819852,34.8737699819852,34.09200085418792,34.669830322265625,747000,0.0,0.0,BG
2006-07-10 00:00:00-04:00,34.6902242663062,35.39721752242684,34.595052595911795,34.866973876953125,397900,0.0,0.0,BG
2006-07-11 00:00:00-04:00,34.79220185368134,35.26806288722372,34.47269467813086,35.14569854736328,579700,0.0,0.0,BG
2006-07-12 00:00:00-04:00,35.01650885385111,35.60113746903209,34.95532672916398,35.4175910949707,803100,0.0,0.0,BG
2006-07-13 00:00:00-04:00,35.41762099756179,35.85949255928268,35.030134745138234,35.28845977783203,990800,0.0,0.0,BG
2006-07-14 00:00:00-04:00,35.349629455178004,35.68952973840087,35.1728824489248,35.21366882324219,1198400,0.0,0.0,BG
2006-07-17 00:00:00-04:00,35.13209877080799,35.38362429215686,34.99613811840215,35.18648147583008,396800,0.0,0.0,BG
2006-07-18 00:00:00-04:00,35.19325836660596,35.60113746903209,35.043701485541405,35.4175910949707,590600,0.0,0.0,BG
2006-07-19 00:00:00-04:00,35.48559216080786,36.52568625841579,35.31564200926494,35.36322784423828,1357200,0.0,0.0,BG
2006-07-20 00:00:00-04:00,35.11171970732074,35.145709235789006,34.44551250181572,34.554283142089844,898500,0.0,0.0,BG
2006-07-21 00:00:00-04:00,34.63584627149393,34.63584627149393,33.84047810199502,33.983238220214844,1238200,0.0,0.0,BG
2006-07-24 00:00:00-04:00,33.98321908903296,34.62223045535187,33.82006587144493,34.268733978271484,982900,0.0,0.0,BG
2006-07-25 00:00:00-04:00,34.26874544311517,35.34283155126756,34.1123916286183,35.13888931274414,970100,0.0,0.0,BG
2006-07-26 00:00:00-04:00,35.342829385946565,35.635141217239166,34.99612967628437,35.03691864013672,1424900,0.0,0.0,BG
2006-07-27 00:00:00-04:00,36.39652442726936,37.91927630570788,36.02943148411181,37.04233551025391,2239100,0.0,0.0,BG
2006-07-28 00:00:00-04:00,37.03553569790609,37.395829179466766,36.56647422606861,37.30745697021485,789700,0.0,0.0,BG
2006-07-31 00:00:00-04:00,37.55897303013317,37.68813417576801,37.042325854361,37.10350799560547,979100,0.0,0.0,BG
2006-08-01 00:00:00-04:00,37.10351631510504,37.38223444477337,36.34213781040289,36.66844177246094,758600,0.0,0.0,BG
2006-08-02 00:00:00-04:00,36.70923167348517,37.35504274935058,36.53928152684867,36.58007049560547,646900,0.0,0.0,BG
2006-08-03 00:00:00-04:00,36.77720720183572,37.07632109117625,36.28775258940853,36.97434997558594,472700,0.0,0.0,BG
2006-08-04 00:00:00-04:00,37.00834026054789,37.30745415617252,36.47129980775806,37.17149353027344,472600,0.0,0.0,BG
2006-08-07 00:00:00-04:00,37.01512655412315,37.12389449751371,36.7703980331863,36.9675407409668,475300,0.0,0.0,BG
2006-08-08 00:00:00-04:00,37.29386296174841,37.66095592417713,36.83159832607527,36.91317367553711,512200,0.0,0.0,BG
2006-08-09 00:00:00-04:00,36.91317264425612,37.06272960845252,36.51888963851134,36.53248596191406,474800,0.0,0.0,BG
2006-08-10 00:00:00-04:00,36.437319639698,36.45091596606407,36.01584389528611,36.19939041137695,518100,0.0,0.0,BG
2006-08-11 00:00:00-04:00,36.13140560544482,36.72962831065849,36.13140560544482,36.63445663452149,567500,0.0,0.0,BG
2006-08-14 00:00:00-04:00,36.729633388553744,36.83840140392381,36.37613669029251,36.42372512817383,231500,0.0,0.0,BG
2006-08-15 00:00:00-04:00,36.47825869289148,37.064638594582114,36.47825869289148,36.88735961914063,285900,0.16,0.0,BG
2006-08-16 00:00:00-04:00,36.873733199010175,37.62375259399414,36.873733199010175,37.62375259399414,558400,0.0,0.0,BG
2006-08-17 00:00:00-04:00,37.62374009372586,37.62374009372586,37.01690599560124,37.16690826416016,385300,0.0,0.0,BG
2006-08-18 00:00:00-04:00,37.15328238189878,37.42601549729373,36.79190716752464,37.33055877685547,443100,0.0,0.0,BG
2006-08-21 00:00:00-04:00,37.33736957702312,37.94420631157289,37.07827355211435,37.67147064208984,469000,0.0,0.0,BG
2006-08-22 00:00:00-04:00,37.07827623379592,37.30328096654277,36.77826645546637,37.05781936645508,431900,0.0,0.0,BG
2006-08-23 00:00:00-04:00,37.10554247377055,37.10554247377055,35.78278055049866,35.78960037231445,1010900,0.0,0.0,BG
2006-08-24 00:00:00-04:00,35.79642422865841,35.98733765889112,35.59187375326616,35.762332916259766,961900,0.0,0.0,BG
2006-08-25 00:00:00-04:00,35.76914186241552,36.13733419353298,35.6600481273807,35.728233337402344,405300,0.0,0.0,BG
2006-08-28 00:00:00-04:00,35.76232137358748,36.369155381822495,35.666864689280786,36.35551834106445,427700,0.0,0.0,BG
2006-08-29 00:00:00-04:00,36.51234843190395,37.69192540619178,36.50553121052664,37.68510818481445,948600,0.0,0.0,BG
2006-08-30 00:00:00-04:00,37.63737794671786,37.9101110051506,37.50101011700149,37.78738021850586,468000,0.0,0.0,BG
2006-08-31 00:00:00-04:00,37.869211631232886,38.44877179637717,37.78057213034001,38.41468048095703,1029000,0.0,0.0,BG
2006-09-01 00:00:00-04:00,38.18286289953593,38.36695915777882,38.026040739032965,38.08740615844727,507000,0.0,0.0,BG
2006-09-05 00:00:00-04:00,38.27149993103178,38.285136979016045,37.70557414418888,38.01921844482422,403400,0.0,0.0,BG
2006-09-06 00:00:00-04:00,38.0192120418313,38.0192120418313,36.901000305453984,37.29646682739258,839600,0.0,0.0,BG
2006-09-07 00:00:00-04:00,37.37146839565454,37.76693230725383,37.35783135028898,37.71920394897461,609800,0.0,0.0,BG
2006-09-08 00:00:00-04:00,37.75328941034886,37.91011150624556,37.54192174244465,37.80101776123047,491300,0.0,0.0,BG
2006-09-11 00:00:00-04:00,37.86919541015883,38.101019897115854,37.4737290378794,37.48054885864258,695300,0.0,0.0,BG
2006-09-12 00:00:00-04:00,37.47373804885096,37.74647372297075,37.228276462343175,37.705562591552734,744800,0.0,0.0,BG
2006-09-13 00:00:00-04:00,37.81466971262537,38.08740548318711,37.75330429429903,37.89649200439453,595800,0.0,0.0,BG
2006-09-14 00:00:00-04:00,37.67147306051226,38.25103314412003,37.67147306051226,38.216941833496094,843900,0.0,0.0,BG
2006-09-15 00:00:00-04:00,38.33286199591568,39.20561218261719,38.32604217201917,39.20561218261719,1096000,0.0,0.0,BG
2006-09-18 00:00:00-04:00,39.26015322888297,39.71698250883061,39.09651129814039,39.21924209594727,745000,0.0,0.0,BG
2006-09-19 00:00:00-04:00,39.30788339926128,39.669255986719065,39.18515259578498,39.59425354003906,573000,0.0,0.0,BG
2006-09-20 00:00:00-04:00,39.71015890054204,40.41244966315316,39.63515646938943,39.98971176147461,1094300,0.0,0.0,BG
2006-09-21 00:00:00-04:00,39.92152779892264,39.9556191047851,39.32833075371608,39.49197006225586,529200,0.0,0.0,BG
2006-09-22 00:00:00-04:00,39.53969211592259,39.54650933516136,38.78967055069062,38.96694946289063,698000,0.0,0.0,BG
2006-09-25 00:00:00-04:00,38.5101416346323,38.864697077990215,38.44195899594848,38.741966247558594,597200,0.0,0.0,BG
2006-09-26 00:00:00-04:00,39.37605553729394,39.41696666122504,39.09650269293063,39.19195938110352,389500,0.0,0.0,BG
2006-09-27 00:00:00-04:00,39.219242281533546,39.52606927750265,39.00105477351112,39.103328704833984,656900,0.0,0.0,BG
2006-09-28 00:00:00-04:00,39.11014546078956,39.23969347070708,38.66695065680848,38.95332336425781,598400,0.0,0.0,BG
2006-09-29 00:00:00-04:00,38.796511668726026,39.64880759641332,38.796511668726026,39.5124397277832,699000,0.0,0.0,BG
2006-10-02 00:00:00-04:00,39.24651569893636,39.75107332723215,39.226058832221504,39.635162353515625,446600,0.0,0.0,BG
2006-10-03 00:00:00-04:00,39.6488008152112,39.955625215901314,39.28742563499788,39.72380065917969,547700,0.0,0.0,BG
2006-10-04 00:00:00-04:00,39.4851751014424,39.532903476756935,39.13743942400775,39.45790100097656,893100,0.0,0.0,BG
2006-10-05 00:00:00-04:00,39.478325058800216,39.81242340826857,39.44423116105922,39.771514892578125,314000,0.0,0.0,BG
2006-10-06 00:00:00-04:00,39.76471830049193,39.96245157849558,39.532893705832656,39.67607879638672,462300,0.0,0.0,BG
2006-10-09 00:00:00-04:00,39.7169958209806,40.119279659516415,39.61471925486089,40.04427719116211,370000,0.0,0.0,BG
2006-10-10 00:00:00-04:00,40.05789711175358,40.07153415480524,39.396514829248034,39.66925048828125,1074400,0.0,0.0,BG
2006-10-11 00:00:00-04:00,39.54650400909252,39.96924177194449,39.0828551333198,39.79196548461914,613800,0.0,0.0,BG
2006-10-12 00:00:00-04:00,39.79199537819107,40.50110626220703,39.67608177166878,40.50110626220703,816100,0.0,0.0,BG
2006-10-13 00:00:00-04:00,40.501093493402976,41.080653540293376,40.33745157137504,40.910194396972656,1106000,0.0,0.0,BG
2006-10-16 00:00:00-04:00,40.91018574718897,41.15564727783203,40.70563533865293,41.15564727783203,707100,0.0,0.0,BG
2006-10-17 00:00:00-04:00,40.98520193373681,41.17611536568088,40.78746867865164,40.9783821105957,910700,0.0,0.0,BG
2006-10-18 00:00:00-04:00,40.903375957744245,40.91019317883404,40.30335906284133,40.56927490234375,1526700,0.0,0.0,BG
2006-10-19 00:00:00-04:00,40.91020385712252,40.91020385712252,40.4601917187342,40.855655670166016,529300,0.0,0.0,BG
2006-10-20 00:00:00-04:00,40.75338870571713,40.83520839917399,40.48747275123146,40.821571350097656,435900,0.0,0.0,BG
2006-10-23 00:00:00-04:00,40.28972676926916,40.37836625988603,39.07605839420887,39.44424819946289,1972700,0.0,0.0,BG
2006-10-24 00:00:00-04:00,39.44426120255921,40.01018704328968,39.41016987985283,39.7988166809082,1518300,0.0,0.0,BG
2006-10-25 00:00:00-04:00,39.5874503258404,40.13291931152344,39.36926273156719,40.13291931152344,1533400,0.0,0.0,BG
2006-10-26 00:00:00-04:00,40.228348306634,43.15342713825456,40.228348306634,42.74432373046875,3420800,0.0,0.0,BG
2006-10-27 00:00:00-04:00,42.17159977319542,42.41024418399401,41.932957963397484,42.00114059448242,1220500,0.0,0.0,BG
2006-10-30 00:00:00-05:00,41.455657756440274,42.57386917537389,41.42156645239957,42.45795822143555,1644800,0.0,0.0,BG
2006-10-31 00:00:00-05:00,42.28750124333215,43.80117654764949,42.13749637675119,43.71253967285156,2760100,0.0,0.0,BG
2006-11-01 00:00:00-05:00,43.71937109181757,44.89894567010423,43.71937109181757,44.02619552612305,1631500,0.0,0.0,BG
2006-11-02 00:00:00-05:00,44.08755102046482,44.21709641937885,43.70571903935057,43.79436111450195,522500,0.0,0.0,BG
2006-11-03 00:00:00-05:00,43.83527154098414,44.24437242234564,43.80117763337071,44.03300476074219,715400,0.0,0.0,BG
2006-11-06 00:00:00-05:00,44.14209451544967,44.18982286340985,43.889818334231485,44.1489143371582,941200,0.0,0.0,BG
2006-11-07 00:00:00-05:00,44.18300354600888,44.74210922066767,44.14890964309097,44.414825439453125,1013400,0.0,0.0,BG
2006-11-08 00:00:00-05:00,44.31937538715445,45.389858553810335,44.16937051506254,44.95348358154297,1050300,0.0,0.0,BG
2006-11-09 00:00:00-05:00,45.68304333576454,47.523999717749305,45.68304333576454,46.47397613525391,1947800,0.0,0.0,BG
2006-11-10 00:00:00-05:00,46.41944787420268,46.62399578102339,45.587606194594215,46.09898376464844,855000,0.0,0.0,BG
2006-11-13 00:00:00-05:00,46.023963928222656,46.08532671650044,45.417129857032734,46.023963928222656,380600,0.0,0.0,BG
2006-11-14 00:00:00-05:00,45.989802093495534,45.99663812053511,44.88260035932176,45.01245880126953,2513400,0.16,0.0,BG
2006-11-15 00:00:00-05:00,45.01247240345427,45.10815595347932,44.66390792015591,45.0603141784668,3432600,0.0,0.0,BG
2006-11-16 00:00:00-05:00,45.24483367995315,45.525053443631,45.02612773376894,45.23116683959961,1332800,0.0,0.0,BG
2006-11-17 00:00:00-05:00,45.231162579147394,45.36102101489915,44.96461489529105,45.12864303588867,964300,0.0,0.0,BG
2006-11-20 00:00:00-05:00,44.76641759209996,45.25167126393983,44.62289229882573,45.190162658691406,535100,0.0,0.0,BG
2006-11-21 00:00:00-05:00,45.24483878401968,46.81679153442383,45.21750510022908,46.81679153442383,2157000,0.0,0.0,BG
2006-11-22 00:00:00-05:00,46.47506404801114,47.602768850872,46.47506404801114,47.17902374267578,1506100,0.0,0.0,BG
2006-11-24 00:00:00-05:00,47.4865516587707,47.80777177786472,47.32251837294924,47.52755737304688,379600,0.0,0.0,BG
2006-11-27 00:00:00-05:00,47.445562438146624,47.445562438146624,46.22217433036669,46.543399810791016,1296300,0.0,0.0,BG
2006-11-28 00:00:00-05:00,46.37255046342872,46.46823401401565,45.88046065220315,46.2768669128418,972500,0.0,0.0,BG
2006-11-29 00:00:00-05:00,46.64592422714385,47.69161224365234,46.598082462152,47.69161224365234,961400,0.0,0.0,BG
2006-11-30 00:00:00-05:00,47.80777834103928,48.45022909614135,47.69842801650479,48.18368148803711,1060600,0.0,0.0,BG
2006-12-01 00:00:00-05:00,48.28623445360094,48.45709869072312,47.732630779558434,47.82831954956055,628000,0.0,0.0,BG
2006-12-04 00:00:00-05:00,47.8077863233874,48.92182390084774,47.78045264845926,48.45707321166992,971300,0.0,0.0,BG
2006-12-05 00:00:00-05:00,48.25202764655668,49.00382875040397,48.25202764655668,48.819297790527344,841600,0.0,0.0,BG
2006-12-06 00:00:00-05:00,48.409249475872464,49.3455820142627,48.26572416446291,49.215728759765625,1727500,0.0,0.0,BG
2006-12-07 00:00:00-05:00,49.17470264609114,49.45492236844277,49.01751054058291,49.20887756347656,1363300,0.0,0.0,BG
2006-12-08 00:00:00-05:00,49.31141545015412,49.65997992261787,49.25673764773584,49.61896896362305,469800,0.0,0.0,BG
2006-12-11 00:00:00-05:00,49.72146914879353,50.063197459094525,49.352401947945246,49.97434997558594,839100,0.0,0.0,BG
2006-12-12 00:00:00-05:00,49.89235871507688,49.9948783032544,49.126885032962605,49.50962448120117,1561900,0.0,0.0,BG
2006-12-13 00:00:00-05:00,49.755644955481536,49.84449244057922,49.14053294306602,49.20887756347656,817200,0.0,0.0,BG
2006-12-14 00:00:00-05:00,49.47542667880762,50.042696952075424,49.12686232586035,50.008522033691406,812800,0.0,0.0,BG
2006-12-15 00:00:00-05:00,50.179387906853705,50.206726799620455,49.44808947201514,49.789817810058594,660500,0.0,0.0,BG
2006-12-18 00:00:00-05:00,49.78980830336241,49.81714719090917,48.19735330069131,48.53908157348633,1036400,0.0,0.0,BG
2006-12-19 00:00:00-05:00,48.21785639753112,48.32720672206562,47.75310578595158,48.18368148803711,637600,0.0,0.0,BG
2006-12-20 00:00:00-05:00,48.28620991815893,48.45707406846072,47.87613700030663,48.026493072509766,733600,0.0,0.0,BG
2006-12-21 00:00:00-05:00,48.10852928612324,48.730477548783774,47.88298726465103,47.96500396728516,462700,0.0,0.0,BG
2006-12-22 00:00:00-05:00,47.96500159269207,48.59378063867166,47.6232731701777,48.258888244628906,431900,0.0,0.0,BG
2006-12-26 00:00:00-05:00,48.25888209280191,48.59377444415407,47.98549834676776,48.55276870727539,482800,0.0,0.0,BG
2006-12-27 00:00:00-05:00,48.662112938901245,49.61895332214561,48.662112938901245,49.3455696105957,696600,0.0,0.0,BG
2006-12-28 00:00:00-05:00,49.34556592171837,50.26140050479232,49.34556592171837,49.97434997558594,820100,0.0,0.0,BG
2006-12-29 00:00:00-05:00,49.892337840648885,50.11787979740249,49.49593171320812,49.55744552612305,620300,0.0,0.0,BG
2007-01-03 00:00:00-05:00,49.55744150294155,49.55744150294155,48.63477609900705,48.93549346923828,656600,0.0,0.0,BG
2007-01-04 00:00:00-05:00,48.86715218836987,49.53010599641188,48.491248931945854,48.66894912719727,1149900,0.0,0.0,BG
2007-01-05 00:00:00-05:00,48.58010364612793,48.58693445881046,47.78046055596258,47.93081665039063,821400,0.0,0.0,BG
2007-01-08 00:00:00-05:00,48.5254357710292,49.42076256525097,48.0060071112053,48.764644622802734,704100,0.0,0.0,BG
2007-01-09 00:00:00-05:00,48.76463482104118,49.48910247354444,48.48442028367624,48.716793060302734,649600,0.0,0.0,BG
2007-01-10 00:00:00-05:00,48.42290547822746,48.58010281135851,47.9513239075558,48.35456085205078,501700,0.0,0.0,BG
2007-01-11 00:00:00-05:00,48.40240419994433,48.85348813336034,48.30672067728534,48.6416130065918,629100,0.0,0.0,BG
2007-01-12 00:00:00-05:00,48.52542938540844,48.99018018527976,48.21787593279469,48.61427688598633,834000,0.0,0.0,BG
2007-01-16 00:00:00-05:00,48.55960875462162,51.94271790055803,48.52543382815289,51.8538703918457,1960800,0.0,0.0,BG
2007-01-17 00:00:00-05:00,51.84017912166152,51.922195786171095,50.68514107905355,51.05420303344727,1109400,0.0,0.0,BG
2007-01-18 00:00:00-05:00,51.04056342562638,51.04056342562638,50.57581250752329,50.98588562011719,573300,0.0,0.0,BG
2007-01-19 00:00:00-05:00,50.91754218328153,51.375457083013,50.66466123754971,51.2934455871582,786100,0.0,0.0,BG
2007-01-22 00:00:00-05:00,51.25924677547822,51.60097508731474,51.0200380000647,51.43011093139648,666800,0.0,0.0,BG
2007-01-23 00:00:00-05:00,51.36175171928382,52.88585663701271,51.22505730476994,52.20240020751953,1335000,0.0,0.0,BG
2007-01-24 00:00:00-05:00,51.84020036476714,51.85387242163449,51.4301273028988,51.61465835571289,916100,0.0,0.0,BG
2007-01-25 00:00:00-05:00,51.61465643355352,52.250271480805445,51.38228361908118,51.68300628662109,863800,0.0,0.0,BG
2007-01-26 00:00:00-05:00,51.71033851584487,52.113575482256906,51.71033851584487,51.88120269775391,764600,0.0,0.0,BG
2007-01-29 00:00:00-05:00,51.94269490478542,52.83119045600576,51.93585887964574,52.36643981933594,785200,0.0,0.0,BG
2007-01-30 00:00:00-05:00,52.28444794708473,52.29128397546514,51.77869134853294,52.13408660888672,608600,0.0,0.0,BG
2007-01-31 00:00:00-05:00,52.46213058566938,52.76284794682589,52.37327788961578,52.591983795166016,828300,0.0,0.0,BG
2007-02-01 00:00:00-05:00,52.6261522516771,54.57400229864001,52.58514652890718,54.437313079833984,1758900,0.0,0.0,BG
2007-02-02 00:00:00-05:00,53.65135104679785,53.65135104679785,52.79703017025648,53.4463119506836,1285300,0.0,0.0,BG
2007-02-05 00:00:00-05:00,54.12976175481394,54.16393667126543,53.35062163183351,53.658180236816406,1247600,0.0,0.0,BG
2007-02-06 00:00:00-05:00,53.51466656203557,53.6240169325116,53.23444678666094,53.4804916381836,1115500,0.0,0.0,BG
2007-02-07 00:00:00-05:00,53.30962088175686,53.87005514911885,53.03623716769624,53.5078239440918,1365100,0.0,0.0,BG
2007-02-08 00:00:00-05:00,54.33479686964268,55.0182534340407,53.47364013848044,54.50566101074219,2518700,0.0,0.0,BG
2007-02-09 00:00:00-05:00,55.53085139457951,55.69487952637031,54.36897720499088,54.79271697998047,1296700,0.0,0.0,BG
2007-02-12 00:00:00-05:00,54.79956472097136,54.874895710963706,54.06680391132665,54.58042144775391,884000,0.16,0.0,BG
2007-02-13 00:00:00-05:00,54.58729911170283,54.82014189773388,54.38869960222621,54.61469268798828,884600,0.0,0.0,BG
2007-02-14 00:00:00-05:00,54.88858694018076,55.162517297154245,54.68998756199466,54.731075286865234,887800,0.0,0.0,BG
2007-02-15 00:00:00-05:00,54.717401551295445,55.53918770427856,54.676308586294034,55.094051361083984,1085900,0.0,0.0,BG
2007-02-16 00:00:00-05:00,55.12829626125564,55.36798346091197,54.9023032338129,55.16938400268555,554900,0.0,0.0,BG
2007-02-20 00:00:00-05:00,55.676149401727486,57.388208052152216,55.36112601223558,57.19645309448242,1850300,0.0,0.0,BG
2007-02-21 00:00:00-05:00,56.92253244306201,58.59349826666879,56.79926400138056,58.33326721191406,1675500,0.0,0.0,BG
2007-02-22 00:00:00-05:00,58.55239094623728,58.67565934669453,57.69636183883616,58.38803482055664,1477400,0.0,0.0,BG
2007-02-23 00:00:00-05:00,58.20313444752318,58.20998414389237,57.53201049739224,57.73060989379883,584700,0.0,0.0,BG
2007-02-26 00:00:00-05:00,57.867584989546266,58.545558782696,57.23069893392421,57.68952941894531,627700,0.0,0.0,BG
2007-02-27 00:00:00-05:00,56.39519311038142,57.25807186094437,52.38897817709066,54.07364273071289,2170700,0.0,0.0,BG
2007-02-28 00:00:00-05:00,53.96407192308332,54.587258337516445,53.48469253334822,54.28593444824219,1132900,0.0,0.0,BG
2007-03-01 00:00:00-05:00,53.41623020154507,55.25840699196654,52.799888038877256,55.14198303222656,1340600,0.0,0.0,BG
2007-03-02 00:00:00-05:00,54.5119370888512,54.5119370888512,52.60127933381984,52.71085357666016,1288900,0.0,0.0,BG
2007-03-05 00:00:00-05:00,51.3001281747713,52.23833297619596,51.026197744327725,51.37545394897461,966200,0.0,0.0,BG
2007-03-06 00:00:00-05:00,51.94384568903445,52.74508768727765,51.82057728739803,52.54649353027344,943600,0.0,0.0,BG
2007-03-07 00:00:00-05:00,52.38898053994513,53.44360901046879,51.99863148216839,52.25201797485352,990600,0.0,0.0,BG
2007-03-08 00:00:00-05:00,52.69714833501431,53.50523999951477,52.62866705323364,53.306640625,777700,0.0,0.0,BG
2007-03-09 00:00:00-05:00,53.41623705466792,53.98464185676312,53.176549856431706,53.64907455444336,442500,0.0,0.0,BG
2007-03-12 00:00:00-04:00,53.65592460987343,54.1010609665816,53.16970051170542,53.79289245605469,991600,0.0,0.0,BG
2007-03-13 00:00:00-04:00,53.79288111276004,54.1421372910992,51.75210504570465,51.834285736083984,706200,0.0,0.0,BG
2007-03-14 00:00:00-04:00,51.70416820804758,52.19724190639505,50.4783336593193,51.84798049926758,1324800,0.0,0.0,BG
2007-03-15 00:00:00-04:00,51.73841744329908,52.72455972907777,51.70417417843101,52.560203552246094,637000,0.0,0.0,BG
2007-03-16 00:00:00-04:00,52.56018023238686,52.95052924466525,51.96438217163086,51.96438217163086,931700,0.0,0.0,BG
2007-03-19 00:00:00-04:00,51.96439900362277,52.3889914031076,51.43023757430227,51.87537384033203,758000,0.0,0.0,BG
2007-03-20 00:00:00-04:00,51.84112922470792,53.34774383768067,51.75895376067581,53.27926254272461,813800,0.0,0.0,BG
2007-03-21 00:00:00-04:00,53.416221371082976,55.25839785696643,53.08750386373903,54.5187873840332,1357200,0.0,0.0,BG
2007-03-22 00:00:00-04:00,55.11459792224011,55.3337412346137,54.29280658224761,54.34074401855469,443500,0.0,0.0,BG
2007-03-23 00:00:00-04:00,54.16953721479924,54.76533553423121,54.16268751693305,54.710548400878906,510500,0.0,0.0,BG
2007-03-26 00:00:00-04:00,54.703710939892886,55.98433303833008,54.61468574687246,55.98433303833008,1064000,0.0,0.0,BG
2007-03-27 00:00:00-04:00,55.819958086201744,55.936376812941546,54.8338106954928,54.97762298583984,562800,0.0,0.0,BG
2007-03-28 00:00:00-04:00,55.32002693966683,56.01854965177135,55.14197141357134,55.888431549072266,554500,0.0,0.0,BG
2007-03-29 00:00:00-04:00,56.15550244583144,56.83347595144458,55.6624289054632,56.31985855102539,623200,0.0,0.0,BG
2007-03-30 00:00:00-04:00,56.80610873302352,57.3539696373857,55.81996641987589,56.306190490722656,1069900,0.0,0.0,BG
2007-04-02 00:00:00-04:00,56.36097345338631,57.429296390530745,56.22400562504188,57.3128776550293,914300,0.0,0.0,BG
2007-04-03 00:00:00-04:00,53.41622817175435,56.5116278130569,52.31366201843123,55.74462890625,6319400,0.0,0.0,BG
2007-04-04 00:00:00-04:00,55.40221175430054,55.710380181310114,53.73809075391591,53.97092819213867,1992500,0.0,0.0,BG
2007-04-05 00:00:00-04:00,54.17637588436676,54.2037694454666,52.43007424396155,52.79302978515625,1976100,0.0,0.0,BG
2007-04-09 00:00:00-04:00,52.91632519144755,53.04644336685094,52.39586293941439,52.6013069152832,951900,0.0,0.0,BG
2007-04-10 00:00:00-04:00,52.73139938272346,52.92999878659395,52.354744440074654,52.66291809082031,824300,0.0,0.0,BG
2007-04-11 00:00:00-04:00,52.66292586351682,52.957400164471686,52.47117612797196,52.731407165527344,1030200,0.0,0.0,BG
2007-04-12 00:00:00-04:00,52.69717263737527,52.83414048888898,52.25204148812628,52.43009185791016,760800,0.0,0.0,BG
2007-04-13 00:00:00-04:00,52.32052332464506,52.58760410678074,51.60145646517864,52.11507415771485,896200,0.0,0.0,BG
2007-04-16 00:00:00-04:00,52.19039006242909,52.44377659832029,50.60160000243469,51.20424270629883,2247400,0.0,0.0,BG
2007-04-17 00:00:00-04:00,51.20425436766787,51.88223344180579,50.67694253479408,51.70417785644531,1924400,0.0,0.0,BG
2007-04-18 00:00:00-04:00,51.53295663406975,52.019180581317045,51.361750798076166,51.89591217041016,930800,0.0,0.0,BG
2007-04-19 00:00:00-04:00,51.320647151137294,52.6628998620232,51.05356654781124,52.55332565307617,1127300,0.0,0.0,BG
2007-04-20 00:00:00-04:00,53.101201603812406,54.258554702760826,52.7450905465418,53.10805130004883,1192100,0.0,0.0,BG
2007-04-23 00:00:00-04:00,53.108052382243,54.39551838719412,52.63552260326128,54.04625701904297,951800,0.0,0.0,BG
2007-04-24 00:00:00-04:00,54.04625315731082,54.0941905789426,53.5874228038656,53.7860221862793,858900,0.0,0.0,BG
2007-04-25 00:00:00-04:00,54.23801490337412,54.47085759220491,53.41622885702747,53.89560317993164,1156400,0.0,0.0,BG
2007-04-26 00:00:00-04:00,53.69015402613436,53.78602888133201,51.19054764468069,53.27241134643555,3527400,0.0,0.0,BG
2007-04-27 00:00:00-04:00,53.23816600965047,53.354589950521685,52.45746780506139,52.79302978515625,972700,0.0,0.0,BG
2007-04-30 00:00:00-04:00,52.79303623675613,53.02587892216568,51.88222503662109,51.88222503662109,869900,0.0,0.0,BG
2007-05-01 00:00:00-04:00,51.69048459737432,51.74526651132364,50.950873898772784,51.5946044921875,1101200,0.0,0.0,BG
2007-05-02 00:00:00-04:00,51.72471060319109,52.55334629081181,51.47817376103096,52.2040901184082,848900,0.0,0.0,BG
2007-05-03 00:00:00-04:00,52.16984894969627,52.34105480668204,51.74525654344783,52.22463607788086,399400,0.0,0.0,BG
2007-05-04 00:00:00-04:00,52.25201454253317,52.38897709862801,51.58088547818058,52.2931022644043,521400,0.0,0.0,BG
2007-05-07 00:00:00-04:00,51.88222593204434,52.60128741824528,51.601445810202826,51.77265167236328,501900,0.0,0.0,BG
2007-05-08 00:00:00-04:00,51.601445068916696,52.04658134909688,51.22479531244747,51.3275146484375,750000,0.0,0.0,BG
2007-05-09 00:00:00-04:00,51.300130516732814,51.38230599226551,50.82760063326533,51.108375549316406,960400,0.0,0.0,BG
2007-05-10 00:00:00-04:00,51.1083730088835,51.38915313576652,49.22510849130384,49.47164535522461,1718000,0.0,0.0,BG
2007-05-11 00:00:00-04:00,49.47848388359408,50.25233233884317,49.37575934268455,50.163307189941406,972700,0.0,0.0,BG
2007-05-14 00:00:00-04:00,50.30028373084211,50.36192056242067,49.03336130720349,49.17717361450195,1085700,0.0,0.0,BG
2007-05-15 00:00:00-04:00,49.00558236688368,50.34396799741645,48.71045050522064,49.57525634765625,1267200,0.16,0.0,BG
2007-05-16 00:00:00-04:00,49.75369829480082,51.48330977181116,49.67819909020764,51.38035583496094,1840400,0.0,0.0,BG
2007-05-17 00:00:00-04:00,51.38723651521958,52.13535856091385,51.3460517860333,51.95690536499024,1265600,0.0,0.0,BG
2007-05-18 00:00:00-04:00,52.64326435713632,54.71605300903321,52.46481637670154,54.7160530090332,2273000,0.0,0.0,BG
2007-05-21 00:00:00-04:00,54.71605823030903,54.71605823030903,53.988525776070446,54.33856201171875,1665900,0.0,0.0,BG
2007-05-22 00:00:00-04:00,54.71602537002289,55.37492318057089,54.23557544976931,54.61307144165039,1404800,0.0,0.0,BG
2007-05-23 00:00:00-04:00,54.59937427495117,55.59458386687415,54.58564428479036,54.7160530090332,850700,0.0,0.0,BG
2007-05-24 00:00:00-04:00,54.59935851802706,55.10039304870584,53.69337317778135,53.91300582885742,1022800,0.0,0.0,BG
2007-05-25 00:00:00-04:00,54.1875303947952,54.26302959235412,53.56295231261737,53.62472152709961,603000,0.0,0.0,BG
2007-05-29 00:00:00-04:00,53.65906333046403,53.65906333046403,52.84916679863705,53.30216217041016,662500,0.0,0.0,BG
2007-05-30 00:00:00-04:00,53.3090175099627,54.06400449722002,52.45107656161211,53.73455810546875,1158500,0.0,0.0,BG
2007-05-31 00:00:00-04:00,53.67280129274297,53.92675378213003,53.0688125515142,53.617897033691406,851100,0.0,0.0,BG
2007-06-01 00:00:00-04:00,53.70022259860698,54.13948781621262,53.10995898061419,53.94044494628906,1063900,0.0,0.0,BG
2007-06-04 00:00:00-04:00,53.878679594511325,53.95417880012066,52.49224963382644,52.74619674682617,980400,0.0,0.0,BG
2007-06-05 00:00:00-04:00,53.43942466997403,53.43942466997403,52.49911953255159,52.787391662597656,830600,0.0,0.0,BG
2007-06-06 00:00:00-04:00,52.54033025648813,52.54033025648813,51.38039187809617,51.58629989624024,1106800,0.0,0.0,BG
2007-06-07 00:00:00-04:00,51.30486591323378,51.87453992861838,50.55674396057299,50.639102935791016,811500,0.0,0.0,BG
2007-06-08 00:00:00-04:00,50.62535546076396,51.6274293556007,50.10372616055671,51.49702072143555,645100,0.0,0.0,BG
2007-06-11 00:00:00-04:00,51.373501811870725,53.034474194656006,51.373501811870725,52.75993728637695,979100,0.0,0.0,BG
2007-06-12 00:00:00-04:00,52.75992513060535,53.35704852863783,52.48538304912432,52.92464828491211,1433800,0.0,0.0,BG
2007-06-13 00:00:00-04:00,53.39825601421667,54.722917278493625,53.35021152220484,54.65427780151367,1467100,0.0,0.0,BG
2007-06-14 00:00:00-04:00,54.90820973350094,56.45250313225566,54.8807550002596,55.55338287353516,1438300,0.0,0.0,BG
2007-06-15 00:00:00-04:00,55.93773686736833,56.30836789952669,55.52592635489951,55.910282135009766,731100,0.0,0.0,BG
2007-06-18 00:00:00-04:00,56.28091684285981,56.68586238957218,55.86224131084408,56.20541763305664,1037700,0.0,0.0,BG
2007-06-19 00:00:00-04:00,55.80046210740947,56.02009470488986,55.38864640523633,55.87596130371094,870100,0.0,0.0,BG
2007-06-20 00:00:00-04:00,55.95147016161695,56.69273233915762,55.58084430930218,55.786746978759766,643000,0.0,0.0,BG
2007-06-21 00:00:00-04:00,55.83479853163963,56.04070646363674,54.709180372689545,55.882843017578125,669500,0.0,0.0,BG
2007-06-22 00:00:00-04:00,55.59456453347776,57.45457958270468,54.78466819871704,55.95146560668945,6571100,0.0,0.0,BG
2007-06-25 00:00:00-04:00,55.9445872775969,55.9445872775969,54.51010799537472,54.8189697265625,1070200,0.0,0.0,BG
2007-06-26 00:00:00-04:00,54.63368215162798,55.80048506031287,54.63368215162798,55.19649124145508,1099100,0.0,0.0,BG
2007-06-27 00:00:00-04:00,54.43463458097662,55.07980783754332,53.95418975361156,54.98371887207031,958300,0.0,0.0,BG
2007-06-28 00:00:00-04:00,55.25139412294112,56.62409956698935,55.12098543009072,56.356422424316406,1160400,0.0,0.0,BG
2007-06-29 00:00:00-04:00,56.52802007548723,58.168402937036994,56.15738891512424,57.9968147277832,1579800,0.0,0.0,BG
2007-07-02 00:00:00-04:00,57.99681744953096,59.46561217075638,57.99681744953096,59.40384292602539,1532200,0.0,0.0,BG
2007-07-03 00:00:00-04:00,59.369517650992535,59.939191736069496,58.68316484577875,59.918601989746094,515200,0.0,0.0,BG
2007-07-05 00:00:00-04:00,59.9185843597761,60.199986204159,57.99679497604706,58.278202056884766,1077800,0.0,0.0,BG
2007-07-06 00:00:00-04:00,58.92337564735443,60.59121284420913,58.7586524728314,59.82936096191406,1243700,0.0,0.0,BG
2007-07-09 00:00:00-04:00,59.82934429777144,60.44019758475766,58.92335923555394,59.30772018432617,1010900,0.0,0.0,BG
2007-07-10 00:00:00-04:00,59.18420211043571,59.27342608608887,57.550679154102994,57.65363311767578,1419000,0.0,0.0,BG
2007-07-11 00:00:00-04:00,57.40653791607024,58.27134376178616,57.31044895948574,57.722259521484375,888600,0.0,0.0,BG
2007-07-12 00:00:00-04:00,57.72227254568581,58.20272267347039,57.64677331469761,57.9968147277832,714100,0.0,0.0,BG
2007-07-13 00:00:00-04:00,57.99679909956927,58.326250676601184,57.43399013433344,58.13406753540039,1055700,0.0,0.0,BG
2007-07-16 00:00:00-04:00,58.16838945419386,58.44293157265517,57.75657889472958,58.3125228881836,758200,0.0,0.0,BG
2007-07-17 00:00:00-04:00,58.27133828678505,59.31459196159096,57.8595277634789,57.90070724487305,949900,0.0,0.0,BG
2007-07-18 00:00:00-04:00,57.95561142367339,58.23701324828557,57.00844154638032,57.78402328491211,831400,0.0,0.0,BG
2007-07-19 00:00:00-04:00,57.74285227191856,59.575418008421536,57.74285227191856,59.465599060058594,947700,0.0,0.0,BG
2007-07-20 00:00:00-04:00,59.4655766899809,59.65089478651549,58.30563935741317,58.84785842895508,1157200,0.0,0.0,BG
2007-07-23 00:00:00-04:00,59.16360603067392,59.328334463916,58.092897396880446,59.12929153442383,868500,0.0,0.0,BG
2007-07-24 00:00:00-04:00,58.593906027281136,59.45184652368148,58.39486320374187,59.02630615234375,998900,0.0,0.0,BG
2007-07-25 00:00:00-04:00,58.92337141583226,59.26654772604265,58.14092984746898,58.39488220214844,1290100,0.0,0.0,BG
2007-07-26 00:00:00-04:00,60.090158694359374,64.94953002849162,59.26653261793857,61.0785026550293,6140600,0.0,0.0,BG
2007-07-27 00:00:00-04:00,61.016761087369694,62.08746971161968,59.60973584225682,60.6186752319336,2307600,0.0,0.0,BG
2007-07-30 00:00:00-04:00,60.68729329850598,62.63653733040744,60.60493434100824,61.93645477294922,1841200,0.0,0.0,BG
2007-07-31 00:00:00-04:00,62.51299717959941,64.26319319893936,61.95704800289543,62.19041061401367,1777600,0.0,0.0,BG
2007-08-01 00:00:00-04:00,62.698312998613375,63.21307748174888,61.46288138096123,62.08745956420898,1883300,0.0,0.0,BG
2007-08-02 00:00:00-04:00,62.21785966748217,65.28585640197517,62.053136521788176,64.67500305175781,1895300,0.0,0.0,BG
2007-08-03 00:00:00-04:00,64.70933599832819,64.9426986547207,63.144452576652775,63.26113128662109,1239300,0.0,0.0,BG
2007-08-06 00:00:00-04:00,63.18560426956845,63.769008035675135,62.42375263840787,63.63859939575195,1532400,0.0,0.0,BG
2007-08-07 00:00:00-04:00,63.64547537793739,64.3386876953062,63.00716728582284,63.10325622558594,1588500,0.0,0.0,BG
2007-08-08 00:00:00-04:00,64.07787849958893,64.20142217578363,62.506130433288696,62.773807525634766,1367100,0.0,0.0,BG
2007-08-09 00:00:00-04:00,62.362021127709085,62.80128653813029,57.65364010057863,61.68253326416016,2030300,0.0,0.0,BG
2007-08-10 00:00:00-04:00,61.648191392182525,61.648191392182525,59.5685438159319,60.31666564941406,1587400,0.0,0.0,BG
2007-08-13 00:00:00-04:00,61.092253907125865,61.55210894894319,59.390096945704535,59.56855010986328,931100,0.0,0.0,BG
2007-08-14 00:00:00-04:00,59.56855326479453,60.74908078236753,58.49784469604492,58.49784469604492,810400,0.0,0.0,BG
2007-08-15 00:00:00-04:00,58.28465388056363,60.058984426100416,58.1471110734195,58.31904220581055,1110000,0.17,0.0,BG
2007-08-16 00:00:00-04:00,57.43873629812582,58.20211075827117,55.51998994902586,55.70567321777344,1723700,0.0,0.0,BG
2007-08-17 00:00:00-04:00,57.01234712728498,58.2708838910399,56.59283487270002,57.1705207824707,1174500,0.0,0.0,BG
2007-08-20 00:00:00-04:00,55.51998827672,59.158045418021935,55.51998827672,57.90638732910156,623800,0.0,0.0,BG
2007-08-21 00:00:00-04:00,57.9751524152717,59.70133638712713,57.77571176675899,59.30933380126953,1217300,0.0,0.0,BG
2007-08-22 00:00:00-04:00,60.18965941280749,60.43036723925916,59.68762335363608,60.29969787597656,864000,0.0,0.0,BG
2007-08-23 00:00:00-04:00,60.24465591834739,60.45097533549833,59.3368599273406,59.605072021484375,714600,0.0,0.0,BG
2007-08-24 00:00:00-04:00,59.66009877881319,60.82922829876488,59.37125575580226,60.75357818603516,623200,0.0,0.0,BG
2007-08-27 00:00:00-04:00,60.07273915586748,61.36566468431396,59.71512469397244,60.76046371459961,468600,0.0,0.0,BG
2007-08-28 00:00:00-04:00,60.61603432221059,60.72607275585324,59.13742566339561,59.50191879272461,619100,0.0,0.0,BG
2007-08-29 00:00:00-04:00,59.71512899045924,60.1208839907826,59.35750925591158,60.0521125793457,335300,0.0,0.0,BG
2007-08-30 00:00:00-04:00,59.48816123861713,62.30783025950268,59.46753034590298,61.81266784667969,761300,0.0,0.0,BG
2007-08-31 00:00:00-04:00,62.81674810791589,63.09871764808067,62.37660488412983,62.88552474975586,950500,0.0,0.0,BG
2007-09-04 00:00:00-04:00,63.20878605517132,64.73553063536684,63.20878605517132,64.3641586303711,1382500,0.0,0.0,BG
2007-09-05 00:00:00-04:00,63.60765095744968,64.07530392600405,63.2087746509448,63.59389877319336,709500,0.0,0.0,BG
2007-09-06 00:00:00-04:00,63.52511495474781,64.64610401851755,63.52511495474781,63.87585067749024,715700,0.0,0.0,BG
2007-09-07 00:00:00-04:00,63.8689785374885,63.92399251183819,62.50040295470101,63.09184646606445,784100,0.0,0.0,BG
2007-09-10 00:00:00-04:00,63.153747176427736,66.50296240291908,62.8373945106005,65.38197326660156,1456900,0.0,0.0,BG
2007-09-11 00:00:00-04:00,65.38194893048258,68.0159342563004,65.38194893048258,66.68174743652344,1717800,0.0,0.0,BG
2007-09-12 00:00:00-04:00,66.24848493328322,67.50014298445407,65.82897267878288,67.40386199951172,956300,0.0,0.0,BG
2007-09-13 00:00:00-04:00,67.43138234972612,67.69271574380615,66.4823192798525,66.85369110107422,904000,0.0,0.0,BG
2007-09-14 00:00:00-04:00,66.73678125950642,66.88808147801805,65.7189467648325,66.74365997314453,485700,0.0,0.0,BG
2007-09-17 00:00:00-04:00,66.84678412930637,67.17689402426211,65.8289553431205,66.43415069580078,366000,0.0,0.0,BG
2007-09-18 00:00:00-04:00,66.99812541729338,69.11631832266212,66.00780561818907,68.60052490234375,1542300,0.0,0.0,BG
2007-09-19 00:00:00-04:00,69.453287736748,69.52893784273444,68.62802053115888,68.82746124267578,1018500,0.0,0.0,BG
2007-09-20 00:00:00-04:00,68.77246057819241,69.08193455202533,67.74087366951952,68.20852661132812,772400,0.0,0.0,BG
2007-09-21 00:00:00-04:00,68.77245999832856,71.9703804376353,68.44922859682885,70.50552368164062,1846500,0.0,0.0,BG
2007-09-24 00:00:00-04:00,71.04194214895332,71.61962820392719,69.18508287170559,69.86592864990234,1099800,0.0,0.0,BG
2007-09-25 00:00:00-04:00,69.38449210783642,71.06254078622925,68.93747034140499,70.89060974121094,802600,0.0,0.0,BG
2007-09-26 00:00:00-04:00,71.5233501887659,72.77500860719243,70.18228947149521,70.8837661743164,961000,0.0,0.0,BG
2007-09-27 00:00:00-04:00,71.02131287071497,72.61683363707627,71.02131287071497,72.472412109375,994900,0.0,0.0,BG
2007-09-28 00:00:00-04:00,72.03914202574525,74.1091942585825,72.03914202574525,73.89599609375,1672000,0.0,0.0,BG
2007-10-01 00:00:00-04:00,74.27423586173185,74.91381976930694,73.41458035407292,74.51493835449219,1021000,0.0,0.0,BG
2007-10-02 00:00:00-04:00,75.01698417849106,75.93853242190296,70.80810866046772,72.27983856201172,2065300,0.0,0.0,BG
2007-10-03 00:00:00-04:00,72.27985300059937,72.7818942574515,70.53991063604929,70.69808959960938,1393900,0.0,0.0,BG
2007-10-04 00:00:00-04:00,70.6980664192397,71.21385969006025,69.92093453317428,70.45048522949219,1449000,0.0,0.0,BG
2007-10-05 00:00:00-04:00,71.17946636496502,71.94284077182115,70.04472019961779,70.27854919433594,783000,0.0,0.0,BG
2007-10-08 00:00:00-04:00,70.38862068432465,71.35143629577267,70.28546093186182,71.04883575439453,818400,0.0,0.0,BG
2007-10-09 00:00:00-04:00,71.52335445598888,73.27705418805355,70.457379286001,72.51367950439453,1029800,0.0,0.0,BG
2007-10-10 00:00:00-04:00,71.86722941846742,75.08578114679818,71.63340554462413,73.70345306396484,1013600,0.0,0.0,BG
2007-10-11 00:00:00-04:00,74.27425591047161,74.43930834335666,70.86314256495469,71.57837677001953,1171100,0.0,0.0,BG
2007-10-12 00:00:00-04:00,71.90156949401883,73.24262962787411,71.27573793360676,71.39952850341797,683400,0.0,0.0,BG
2007-10-15 00:00:00-04:00,71.45456468045109,71.45456468045109,70.55364216782225,71.17947387695312,569600,0.0,0.0,BG
2007-10-16 00:00:00-04:00,70.80123321500075,74.5080677475658,70.55365198210517,74.06792449951172,1202300,0.0,0.0,BG
2007-10-17 00:00:00-04:00,74.47368494089213,75.32646183121452,72.30735176868511,73.30455017089844,1017400,0.0,0.0,BG
2007-10-18 00:00:00-04:00,73.18075052531853,74.54244179861587,72.03224687436281,73.8409652709961,818000,0.0,0.0,BG
2007-10-19 00:00:00-04:00,73.97163991174239,74.1091879494279,72.69935073294792,72.90567016601562,666200,0.0,0.0,BG
2007-10-22 00:00:00-04:00,72.8437798931886,72.8437798931886,70.40236099554103,71.96349334716797,1025300,0.0,0.0,BG
2007-10-23 00:00:00-04:00,72.61682540952089,75.27832103912219,72.35549199570724,75.0788803100586,894400,0.0,0.0,BG
2007-10-24 00:00:00-04:00,75.07200878436242,77.1558131755759,74.21235316112772,77.05953216552734,1214100,0.0,0.0,BG
2007-10-25 00:00:00-04:00,82.93958589552236,83.90240138705333,77.04578627025951,80.2918472290039,4146400,0.0,0.0,BG
2007-10-26 00:00:00-04:00,79.33589149085891,80.0511255351388,78.3661975159372,79.01953887939453,1256800,0.0,0.0,BG
2007-10-29 00:00:00-04:00,79.51469859909533,79.67287227596707,78.56563555018133,79.19146728515625,883900,0.0,0.0,BG
2007-10-30 00:00:00-04:00,79.19147011011202,81.83920814786461,77.67159973128221,78.46247863769531,778600,0.0,0.0,BG
2007-10-31 00:00:00-04:00,78.4624702537003,79.24648085666112,77.36899103229898,79.2189712524414,880600,0.0,0.0,BG
2007-11-01 00:00:00-04:00,76.55060866662465,76.55060866662465,70.28543835873174,70.91127014160156,4165500,0.0,0.0,BG
2007-11-02 00:00:00-04:00,71.00752031880063,71.51643473378837,69.21255982125467,71.28948974609375,3738000,0.0,0.0,BG
2007-11-05 00:00:00-05:00,71.14508693564669,71.54396834609143,70.2166600469307,70.849365234375,1456700,0.0,0.0,BG
2007-11-06 00:00:00-05:00,70.93876982043614,74.25360107421875,70.93876982043614,74.25360107421875,2114400,0.0,0.0,BG
2007-11-07 00:00:00-05:00,73.90975143521185,75.0169882787032,72.69247615531123,73.34581756591797,1650300,0.0,0.0,BG
2007-11-08 00:00:00-05:00,73.02258696841976,75.91102774388247,72.89879634964727,75.69095611572266,1821900,0.0,0.0,BG
2007-11-09 00:00:00-05:00,75.50522713917181,76.98383495597977,73.99910972961877,75.5533676147461,1440700,0.0,0.0,BG
2007-11-12 00:00:00-05:00,75.0926301847547,76.33740969078801,70.3198210890367,70.93877410888672,1437200,0.0,0.0,BG
2007-11-13 00:00:00-05:00,72.89880467501678,76.03482704617224,72.08728946970102,75.67033386230469,1592300,0.0,0.0,BG
2007-11-14 00:00:00-05:00,76.55197102147949,77.13055622675824,74.21008853352339,74.32029724121094,1100400,0.17,0.0,BG
2007-11-15 00:00:00-05:00,73.7348247867296,74.37539842146913,72.35724752965882,73.6590576171875,816100,0.0,0.0,BG
2007-11-16 00:00:00-05:00,74.38915946357353,75.87005581871735,73.27332017980576,75.78050994873047,840100,0.0,0.0,BG
2007-11-19 00:00:00-05:00,74.94709605270519,75.09863040607075,72.32281281227289,74.04478454589844,1607000,0.0,0.0,BG
2007-11-20 00:00:00-05:00,74.38920119673041,75.38105889430034,73.35601784677583,75.05732727050781,1209000,0.0,0.0,BG
2007-11-21 00:00:00-05:00,74.0654233082319,75.7667316692476,73.43173917729845,74.83686828613281,660700,0.0,0.0,BG
2007-11-23 00:00:00-05:00,75.68408434351838,76.2488907470133,72.56387303792813,73.02536010742188,487800,0.0,0.0,BG
2007-11-26 00:00:00-05:00,72.68782853493825,75.4774232548986,72.66716572672246,74.25138092041016,952400,0.0,0.0,BG
2007-11-27 00:00:00-05:00,74.8506667349978,75.2639389038086,73.19757280471389,75.2639389038086,941400,0.0,0.0,BG
2007-11-28 00:00:00-05:00,76.26268281629349,80.49184485370718,75.30526697995968,80.10612487792969,1883600,0.0,0.0,BG
2007-11-29 00:00:00-05:00,80.65716165610681,80.65716165610681,76.51753979298086,78.14308166503906,1565300,0.0,0.0,BG
2007-11-30 00:00:00-05:00,79.03848479228134,79.21068192690504,75.91138419691008,77.37850189208984,1219800,0.0,0.0,BG
2007-12-03 00:00:00-05:00,77.48871469335954,82.57886184259127,77.07544259933624,81.91073608398438,1971600,0.0,0.0,BG
2007-12-04 00:00:00-05:00,82.32399318587031,84.35592226526039,81.35280420453213,82.99900817871094,2005200,0.0,0.0,BG
2007-12-05 00:00:00-05:00,83.59136591203477,83.83244081621878,81.5869890193076,82.85436248779297,1033600,0.0,0.0,BG
2007-12-06 00:00:00-05:00,82.95079682952758,85.13425504920555,81.4974527167988,84.73475646972656,928300,0.0,0.0,BG
2007-12-07 00:00:00-05:00,85.0929271614553,86.38096347623103,83.92198362392129,85.299560546875,1014700,0.0,0.0,BG
2007-12-10 00:00:00-05:00,86.00903872238857,86.19500934157357,83.57072632450391,85.5682144165039,918900,0.0,0.0,BG
2007-12-11 00:00:00-05:00,86.46365452685292,86.46365452685292,82.22071838378906,82.22071838378906,1329800,0.0,0.0,BG
2007-12-12 00:00:00-05:00,84.67967039491735,84.67967039491735,80.8017872947803,81.13929748535156,1536800,0.0,0.0,BG
2007-12-13 00:00:00-05:00,80.8155652657029,81.96584093185638,79.54130744508117,80.42984008789062,897000,0.0,0.0,BG
2007-12-14 00:00:00-05:00,80.38851049224627,80.38851049224627,78.94894495497235,79.6170654296875,1069200,0.0,0.0,BG
2007-12-17 00:00:00-05:00,78.79742302537427,82.79928342130565,78.79742302537427,81.74543762207031,1536800,0.0,0.0,BG
2007-12-18 00:00:00-05:00,81.70413236476642,82.80619343445208,79.21760428454725,80.60206604003906,1405100,0.0,0.0,BG
2007-12-19 00:00:00-05:00,80.98777844037355,80.99466254390005,79.86504947073443,80.5882797241211,862600,0.0,0.0,BG
2007-12-20 00:00:00-05:00,81.71099369628863,83.15745403059996,80.4849507695251,82.31024169921875,1305800,0.0,0.0,BG
2007-12-21 00:00:00-05:00,83.28832801195949,83.31588019045493,81.68344908612447,81.7798843383789,1164800,0.0,0.0,BG
2007-12-24 00:00:00-05:00,82.72347571318097,82.72347571318097,81.09793486677059,81.36656188964844,426800,0.0,0.0,BG
2007-12-26 00:00:00-05:00,82.32401655550017,82.32401655550017,80.4023008599814,82.05538940429688,744900,0.0,0.0,BG
2007-12-27 00:00:00-05:00,82.05540903269721,82.63399436564278,80.40920419741697,80.79492950439453,890700,0.0,0.0,BG
2007-12-28 00:00:00-05:00,81.78673906123022,82.58573618544997,81.10483996731084,81.98648834228516,723800,0.0,0.0,BG
2007-12-31 00:00:00-05:00,81.31836629519614,81.79363202817234,80.02344584416419,80.18186950683594,644000,0.0,0.0,BG
2008-01-02 00:00:00-05:00,80.97397381972023,84.70721145779315,79.37598472094687,84.10107421875,2022200,0.0,0.0,BG
2008-01-03 00:00:00-05:00,85.74729567792939,86.40853213675638,82.80617051944515,85.5682144165039,2423600,0.0,0.0,BG
2008-01-04 00:00:00-05:00,84.30086083609365,85.06541682471914,82.93017259510697,83.34344482421875,1199000,0.0,0.0,BG
2008-01-07 00:00:00-05:00,85.03784976564258,87.4279473250217,83.34343024417576,86.73226928710938,2059900,0.0,0.0,BG
2008-01-08 00:00:00-05:00,86.88379260603521,90.67212986341124,86.88379260603521,87.627685546875,1911100,0.0,0.0,BG
2008-01-09 00:00:00-05:00,87.68280960892793,90.58260434860864,85.93328556066741,88.57134246826172,2868700,0.0,0.0,BG
2008-01-10 00:00:00-05:00,88.77106905399368,88.77106905399368,86.22254834156715,87.5450210571289,810500,0.0,0.0,BG
2008-01-11 00:00:00-05:00,86.33963601691248,89.88689778511049,86.33963601691248,89.09479522705078,1034700,0.0,0.0,BG
2008-01-14 00:00:00-05:00,90.47928133448043,92.4767643004451,90.23131698952582,91.60889434814452,1635900,0.0,0.0,BG
2008-01-15 00:00:00-05:00,91.91882754489636,92.98645187211044,87.19373779232522,87.62078857421875,1601800,0.0,0.0,BG
2008-01-16 00:00:00-05:00,86.53252214546829,87.13177020390268,81.29772909726964,81.7798843383789,2689800,0.0,0.0,BG
2008-01-17 00:00:00-05:00,80.62267610772143,81.2770229190375,75.7667162804587,76.30397033691406,3307400,0.0,0.0,BG
2008-01-18 00:00:00-05:00,76.1180297484133,77.62647321078951,72.54321522852668,75.16061401367188,2290300,0.0,0.0,BG
2008-01-22 00:00:00-05:00,68.53448542387676,74.63715459659716,67.63905788416128,73.15625762939453,2432400,0.0,0.0,BG
2008-01-23 00:00:00-05:00,72.61208547781025,73.62460545641166,70.17377345414793,72.52254486083984,2618300,0.0,0.0,BG
2008-01-24 00:00:00-05:00,75.78742374886181,78.22573650386396,74.78179282533681,77.25454711914062,1700500,0.0,0.0,BG
2008-01-25 00:00:00-05:00,79.02470539637412,81.18750082434764,77.28206611067856,77.75733184814453,1717000,0.0,0.0,BG
2008-01-28 00:00:00-05:00,77.90198160961275,81.29081991241968,77.8193303493254,80.80867004394531,1782500,0.0,0.0,BG
2008-01-29 00:00:00-05:00,81.77299615924412,82.13805333325203,79.12116068754351,79.28646850585938,1021500,0.0,0.0,BG
2008-01-30 00:00:00-05:00,79.69286258881516,84.14932699530617,77.88134992456366,82.33781433105469,1963000,0.0,0.0,BG
2008-01-31 00:00:00-05:00,82.04160634114719,83.04723701475102,79.55507920280357,80.60892486572266,1756600,0.0,0.0,BG
2008-02-01 00:00:00-05:00,81.46303251874959,86.38098838655756,81.46303251874959,86.22945404052734,1770700,0.0,0.0,BG
2008-02-04 00:00:00-05:00,86.71848478834475,86.71848478834475,84.16996384478747,84.4523696899414,1065000,0.0,0.0,BG
2008-02-05 00:00:00-05:00,83.3709651636649,85.40977860293671,82.68906598332671,83.57759857177734,1268000,0.0,0.0,BG
2008-02-06 00:00:00-05:00,84.70721894516159,86.36030727584337,83.3778568216279,85.12049102783203,1504200,0.0,0.0,BG
2008-02-07 00:00:00-05:00,79.14179209093224,80.58824675083696,74.51313297520619,77.59890747070312,4901200,0.0,0.0,BG
2008-02-08 00:00:00-05:00,76.4968402642665,78.16371223494642,74.83686290423783,75.2776870727539,1690300,0.0,0.0,BG
2008-02-11 00:00:00-05:00,76.12492130613664,79.49998683171891,75.70476505312284,79.39666748046875,2200900,0.0,0.0,BG
2008-02-12 00:00:00-05:00,79.36909940180273,81.70409194446214,77.64712819010471,78.23259735107422,1817200,0.0,0.0,BG
2008-02-13 00:00:00-05:00,77.86700587491312,78.639607421423,72.28635555866339,75.43193817138672,3853600,0.17,0.0,BG
2008-02-14 00:00:00-05:00,75.43196887084615,77.63940050372344,74.68006607270793,75.13534545898438,1757700,0.0,0.0,BG
2008-02-15 00:00:00-05:00,75.56990739396836,76.5701459338836,74.21785333890348,76.34940338134766,1446400,0.0,0.0,BG
2008-02-19 00:00:00-05:00,77.46688950831872,78.6257888358193,76.43905257359904,77.55656433105469,1480700,0.0,0.0,BG
2008-02-20 00:00:00-05:00,76.39079426889268,78.10845275747876,75.28708145848171,77.76354217529297,1043800,0.0,0.0,BG
2008-02-21 00:00:00-05:00,78.73615947866148,79.95714545570395,75.94928232709434,76.99091339111328,1484000,0.0,0.0,BG
2008-02-22 00:00:00-05:00,77.74285851123666,77.74285851123666,74.0109280098467,75.73548126220703,1673900,0.0,0.0,BG
2008-02-25 00:00:00-05:00,75.32845428560937,77.67384683753923,75.0111372437184,77.46690368652344,1790600,0.0,0.0,BG
2008-02-26 00:00:00-05:00,76.87367880578779,78.36368991134212,76.50117471366964,77.09442138671875,1613600,0.0,0.0,BG
2008-02-27 00:00:00-05:00,76.63220017913656,76.85984233604101,75.16288357741062,75.99756622314453,2137000,0.0,0.0,BG
2008-02-28 00:00:00-05:00,75.92861350198086,79.32943196999382,75.54231534347802,77.1427001953125,1694900,0.0,0.0,BG
2008-02-29 00:00:00-05:00,76.19074038761593,77.73594348143288,75.05253975310525,76.45977020263672,1414800,0.0,0.0,BG
2008-03-03 00:00:00-05:00,72.07940008353411,76.87365954162114,70.60318345669396,76.74259185791016,5599600,0.0,0.0,BG
2008-03-04 00:00:00-05:00,76.22522937583005,79.30183076252615,74.21784750588623,75.37674713134766,2764700,0.0,0.0,BG
2008-03-05 00:00:00-05:00,76.04585480779191,77.7083257087937,74.72829962090971,76.96331787109375,1569800,0.0,0.0,BG
2008-03-06 00:00:00-05:00,77.24615588065252,77.94977096661484,74.3489045984798,74.66622161865234,1586500,0.0,0.0,BG
2008-03-07 00:00:00-05:00,73.81086035308809,76.14935354511046,72.75543487421821,73.32798767089844,2456400,0.0,0.0,BG
2008-03-10 00:00:00-04:00,73.01755231264724,73.26588829543289,65.47091409817949,66.22281646728516,4028200,0.0,0.0,BG
2008-03-11 00:00:00-04:00,68.63720407181337,69.4925808197949,66.7746890815644,67.34723663330078,3255500,0.0,0.0,BG
2008-03-12 00:00:00-04:00,67.56109691489041,68.11295077352278,64.4224080290415,65.49852752685547,4095600,0.0,0.0,BG
2008-03-13 00:00:00-04:00,62.9324019062181,64.49139431416077,59.77991865593535,63.46356201171875,7765900,0.0,0.0,BG
2008-03-14 00:00:00-04:00,64.78109682504636,66.03657091571061,63.242793579894,64.96734619140625,3955600,0.0,0.0,BG
2008-03-17 00:00:00-04:00,62.6150554417038,64.55345620345817,60.71115310111104,62.29084396362305,4809900,0.0,0.0,BG
2008-03-18 00:00:00-04:00,63.89121940430645,66.30559277165473,61.74587579114368,65.87100219726562,3663300,0.0,0.0,BG
2008-03-19 00:00:00-04:00,67.56109369111331,69.43740829935327,62.99447520379164,63.35317993164063,5086300,0.0,0.0,BG
2008-03-20 00:00:00-04:00,62.58746242610261,63.46353279134327,58.93830865905037,62.056297302246094,5471000,0.0,0.0,BG
2008-03-24 00:00:00-04:00,62.53918507199045,65.42263229227227,62.38742358399299,65.29846954345703,2332800,0.0,0.0,BG
2008-03-25 00:00:00-04:00,67.58870053112166,68.29231601682255,66.55396847026071,66.9471664428711,2725300,0.0,0.0,BG
2008-03-26 00:00:00-04:00,67.55418415758129,68.6027099701477,65.31226546230957,65.63648223876953,2520100,0.0,0.0,BG
2008-03-27 00:00:00-04:00,64.80177968602602,66.22280911413368,63.00824106218542,64.27061462402344,2902300,0.0,0.0,BG
2008-03-28 00:00:00-04:00,65.11909782251003,65.11909782251003,60.80081726224371,61.59411239624024,2970900,0.0,0.0,BG
2008-03-31 00:00:00-04:00,61.39406680199007,62.40120479438286,58.48992112751332,59.93164443969727,3617000,0.0,0.0,BG
2008-04-01 00:00:00-04:00,61.19401152322281,61.91832557475946,59.55913409248011,60.828407287597656,3961100,0.0,0.0,BG
2008-04-02 00:00:00-04:00,60.70425387348846,61.773478632108784,60.055820386615466,60.64906692504883,2614500,0.0,0.0,BG
2008-04-03 00:00:00-04:00,60.02822816897453,66.4987532787503,59.89026605790455,63.88433074951172,4570500,0.0,0.0,BG
2008-04-04 00:00:00-04:00,65.22945554527057,66.78845208380278,63.46351591693228,66.49182891845703,3714200,0.0,0.0,BG
2008-04-07 00:00:00-04:00,66.67121069835693,72.41052206831448,66.67121069835693,70.96189880371094,4776100,0.0,0.0,BG
2008-04-08 00:00:00-04:00,70.01685925258128,72.24498428142644,69.92028469533535,71.12747192382812,2202300,0.0,0.0,BG
2008-04-09 00:00:00-04:00,72.07939415626619,72.38981676117322,69.16834872085947,69.84437561035156,3332300,0.0,0.0,BG
2008-04-10 00:00:00-04:00,71.09986196081833,72.40362344435293,69.32702190956796,72.37602996826172,1897100,0.0,0.0,BG
2008-04-11 00:00:00-04:00,71.73447883192533,72.25874422545927,70.63766605198207,71.30679321289062,1801000,0.0,0.0,BG
2008-04-14 00:00:00-04:00,71.05155998180993,75.87340709336668,71.05155998180993,75.48020935058594,2599100,0.0,0.0,BG
2008-04-15 00:00:00-04:00,76.00448474015938,77.10129770136284,74.14886440123614,74.90077209472656,1882300,0.0,0.0,BG
2008-04-16 00:00:00-04:00,76.98405540164076,84.65487008993827,76.31492790401283,83.01309204101562,4882300,0.0,0.0,BG
2008-04-17 00:00:00-04:00,81.59893814446136,82.77853158804086,79.19146399105935,80.70906829833984,3278200,0.0,0.0,BG
2008-04-18 00:00:00-04:00,80.5366189771974,82.3577463857126,79.55707421076771,80.80564880371094,3089500,0.0,0.0,BG
2008-04-21 00:00:00-04:00,81.29540413494335,82.67504614067143,79.56395194413798,82.08869934082031,2623300,0.0,0.0,BG
2008-04-22 00:00:00-04:00,82.77160727117518,82.77160727117518,80.5848763089146,81.52303314208984,2527000,0.0,0.0,BG
2008-04-23 00:00:00-04:00,82.17148422433783,82.77852484521937,80.79184214358418,82.56468200683594,3006600,0.0,0.0,BG
2008-04-24 00:00:00-04:00,83.46836370493936,85.15152908692478,76.60464499304749,83.16484069824219,6201700,0.0,0.0,BG
2008-04-25 00:00:00-04:00,83.7167125925914,85.24811670608935,80.86775254534588,85.04116821289062,2530300,0.0,0.0,BG
2008-04-28 00:00:00-04:00,84.83417965376535,84.83417965376535,81.447156386551,81.88864135742188,2286200,0.0,0.0,BG
2008-04-29 00:00:00-04:00,80.77804084102968,81.6127236483462,77.19787330599708,77.94977569580078,2815400,0.0,0.0,BG
2008-04-30 00:00:00-04:00,77.87388477051809,80.1916835283714,77.12887689915466,78.70166778564453,3013400,0.0,0.0,BG
2008-05-01 00:00:00-04:00,78.63271050884337,78.63271050884337,73.51423889792085,76.30111694335938,2690200,0.0,0.0,BG
2008-05-02 00:00:00-04:00,77.94977011411537,77.9911576884498,74.43168419694653,76.7908706665039,1904100,0.0,0.0,BG
2008-05-05 00:00:00-04:00,77.21164873496504,80.44691023844636,77.07368666873045,79.95713806152344,2233200,0.0,0.0,BG
2008-05-06 00:00:00-04:00,80.35727163348832,81.26783542418525,78.41197602323041,79.4949951171875,1686000,0.0,0.0,BG
2008-05-07 00:00:00-04:00,79.81231319081344,81.39890410480317,79.09490375210527,80.74357604980469,2604000,0.0,0.0,BG
2008-05-08 00:00:00-04:00,82.14392002578926,82.14392002578926,79.48120943995916,81.90937805175781,1407100,0.0,0.0,BG
2008-05-09 00:00:00-04:00,81.67480533767623,83.12342834758192,81.32299516316945,82.8268051147461,1614600,0.0,0.0,BG
2008-05-12 00:00:00-04:00,82.47499533806575,84.30992168560263,81.58512563526588,83.54421997070312,2139300,0.0,0.0,BG
2008-05-13 00:00:00-04:00,82.79230277904394,83.12341912943336,78.52920937168167,80.52279663085938,3266200,0.0,0.0,BG
2008-05-14 00:00:00-04:00,80.24689086293748,82.38533524798397,78.46715113884203,79.59845733642578,2753300,0.0,0.0,BG
2008-05-15 00:00:00-04:00,80.21331270376368,81.49136373576867,79.59846644613938,81.05613708496094,1464100,0.17,0.0,BG
2008-05-16 00:00:00-04:00,82.18910455250769,86.31341361758636,81.58807281369859,85.9956283569336,3109700,0.0,0.0,BG
2008-05-19 00:00:00-04:00,85.9196463295774,87.9092607058674,83.72968274478079,84.71758270263672,2392500,0.0,0.0,BG
2008-05-20 00:00:00-04:00,85.2425947250177,85.2495045884531,82.57595667254905,84.5172119140625,1510900,0.0,0.0,BG
2008-05-21 00:00:00-04:00,85.22186213817288,85.22186213817288,81.39461512185919,81.82293701171875,1763600,0.0,0.0,BG
2008-05-22 00:00:00-04:00,81.38771140247376,83.14935232219851,80.82813370192463,81.48442840576172,1113800,0.0,0.0,BG
2008-05-23 00:00:00-04:00,81.46375153012794,82.4171129330236,80.04062456377977,80.84199523925781,1575400,0.0,0.0,BG
2008-05-27 00:00:00-04:00,80.44819618938186,81.33247450100639,79.10797216762883,80.87651824951172,994600,0.0,0.0,BG
2008-05-28 00:00:00-04:00,80.80740231556852,81.85057021200646,79.83331723391144,81.44988250732422,1874300,0.0,0.0,BG
2008-05-29 00:00:00-04:00,81.21500940871984,82.76249214928582,81.21500940871984,81.76077270507812,2232700,0.0,0.0,BG
2008-05-30 00:00:00-04:00,81.69861482425934,83.28063663522929,81.50518076364865,82.46544647216797,1287900,0.0,0.0,BG
2008-06-02 00:00:00-04:00,83.03883413190297,84.16490491838013,82.10620266587112,83.0042953491211,1434300,0.0,0.0,BG
2008-06-03 00:00:00-04:00,85.71927439835532,86.25121792316838,83.18389742025353,83.98526763916016,2145000,0.0,0.0,BG
2008-06-04 00:00:00-04:00,83.73657737460798,86.33413295737579,82.0094802290117,83.17008972167969,1933500,0.0,0.0,BG
2008-06-05 00:00:00-04:00,83.18392380085336,84.62086486816406,81.82987476691255,84.62086486816406,1654000,0.0,0.0,BG
2008-06-06 00:00:00-04:00,84.57247174976995,84.57247174976995,81.470607486007,81.70549011230469,1076900,0.0,0.0,BG
2008-06-09 00:00:00-04:00,82.86611486411618,85.65019975333753,82.74176366491851,84.3859634399414,2056600,0.0,0.0,BG
2008-06-10 00:00:00-04:00,83.86090188611695,84.82807703392535,83.07334626006681,84.23395538330078,1420300,0.0,0.0,BG
2008-06-11 00:00:00-04:00,85.29096517966562,85.62257015217443,82.94902186162167,84.55867767333984,3268700,0.0,0.0,BG
2008-06-12 00:00:00-04:00,84.42049095434186,85.27022491392455,79.1977518262842,82.74175262451172,3315700,0.0,0.0,BG
2008-06-13 00:00:00-04:00,82.52070063115558,83.23917368598158,80.13730864607538,81.41535949707031,2393500,0.0,0.0,BG
2008-06-16 00:00:00-04:00,81.41537086397878,84.44124889993415,81.09758557297891,84.15109252929688,2213500,0.0,0.0,BG
2008-06-17 00:00:00-04:00,84.89030377996343,85.66404544269851,83.19084028511453,84.79358673095703,1632400,0.0,0.0,BG
2008-06-18 00:00:00-04:00,84.75903833648316,84.84193564299143,81.51900174980857,82.80396270751953,1565300,0.0,0.0,BG
2008-06-19 00:00:00-04:00,83.56387934935572,84.52414507497913,81.61571370743185,83.64678192138672,1972100,0.0,0.0,BG
2008-06-20 00:00:00-04:00,83.28753684223045,84.97318545992378,82.48616645181863,84.39978790283203,1748100,0.0,0.0,BG
2008-06-23 00:00:00-04:00,87.09406458527073,88.17868150563937,73.41545152306138,76.47586822509766,19111600,0.0,0.0,BG
2008-06-24 00:00:00-04:00,78.16840767881175,78.6658124352429,74.9836405356393,75.80574035644531,5201000,0.0,0.0,BG
2008-06-25 00:00:00-04:00,75.79884571181394,77.18052352567658,73.31182670099768,74.26518249511719,3238900,0.0,0.0,BG
2008-06-26 00:00:00-04:00,73.59505337867873,75.26688193833931,72.60024386253221,73.09764862060547,2200900,0.0,0.0,BG
2008-06-27 00:00:00-04:00,72.36536478911397,74.12009598545592,72.35155033212057,72.89730834960938,1695000,0.0,0.0,BG
2008-06-30 00:00:00-04:00,74.56220021743002,75.43265821141097,73.4706741121961,74.39640045166016,2671300,0.0,0.0,BG
2008-07-01 00:00:00-04:00,73.0147505960846,73.22890892613731,70.66589774620428,72.56570434570312,2382100,0.0,0.0,BG
2008-07-02 00:00:00-04:00,71.33599422066789,73.48450265545969,69.14603188644756,69.56744384765625,2209900,0.0,0.0,BG
2008-07-03 00:00:00-04:00,69.09083187488855,69.76785135897255,64.62801114572527,67.10121154785156,3140100,0.0,0.0,BG
2008-07-07 00:00:00-04:00,67.52950097895935,69.36713494217624,67.37060571637919,68.4759521484375,3041600,0.0,0.0,BG
2008-07-08 00:00:00-04:00,69.3740513341137,69.94744897088844,67.28771986662588,69.51912689208984,3294400,0.0,0.0,BG
2008-07-09 00:00:00-04:00,69.84382814011437,72.19268200592722,69.43623562331055,69.60203552246094,2632500,0.0,0.0,BG
2008-07-10 00:00:00-04:00,70.60371930293698,70.80406317621377,68.46212019685068,69.45001983642578,1707000,0.0,0.0,BG
2008-07-11 00:00:00-04:00,68.54501059158252,68.75225902083398,65.62967069225958,66.40341186523438,2977100,0.0,0.0,BG
2008-07-14 00:00:00-04:00,67.96472162886941,67.99235581431986,65.96819784854135,66.97682189941406,1425800,0.0,0.0,BG
2008-07-15 00:00:00-04:00,67.06664334010911,68.39305279603813,66.01656523448663,67.32225036621094,1959500,0.0,0.0,BG
2008-07-16 00:00:00-04:00,67.63315246102405,69.20135498046875,66.27219851994573,69.20135498046875,2077400,0.0,0.0,BG
2008-07-17 00:00:00-04:00,69.72636175943629,70.46555908013593,68.13052578453376,69.7125473022461,1963700,0.0,0.0,BG
2008-07-18 00:00:00-04:00,69.73326736632114,70.17540375896235,67.5571241793231,68.24796295166016,1360500,0.0,0.0,BG
2008-07-21 00:00:00-04:00,68.46211260215556,69.11841251505327,65.31879974906332,68.30322265625,2530900,0.0,0.0,BG
2008-07-22 00:00:00-04:00,68.3861255103342,69.01479129470485,67.54330140282605,68.42066955566406,1465500,0.0,0.0,BG
2008-07-23 00:00:00-04:00,68.44141075551325,68.80064467041409,67.01137441945124,68.61412048339844,2433900,0.0,0.0,BG
2008-07-24 00:00:00-04:00,72.02684742340485,73.69176602097548,66.25834508541969,67.0597152709961,6594500,0.0,0.0,BG
2008-07-25 00:00:00-04:00,68.90426577234739,70.37575590354001,66.63831517617494,69.64346313476562,2268700,0.0,0.0,BG
2008-07-28 00:00:00-04:00,68.89045449525425,70.12014686795452,68.14434723406002,68.75919342041016,1586900,0.0,0.0,BG
2008-07-29 00:00:00-04:00,69.08387657519775,69.26349613008408,66.18926046007888,67.2876968383789,1957900,0.0,0.0,BG
2008-07-30 00:00:00-04:00,67.77128712381374,70.80406911909293,67.77128712381374,70.39647674560547,1797800,0.0,0.0,BG
2008-07-31 00:00:00-04:00,71.07350526864754,71.07350526864754,67.7022132802988,68.33778381347656,1326900,0.0,0.0,BG
2008-08-01 00:00:00-04:00,69.25662060562846,69.25662060562846,66.48635430561177,67.82658386230469,2333100,0.0,0.0,BG
2008-08-04 00:00:00-04:00,67.48112505751335,67.64692487127226,64.1029242045948,64.61414337158203,2594400,0.0,0.0,BG
2008-08-05 00:00:00-04:00,64.16509793005544,64.55887578664502,61.31193593551552,63.21174240112305,3931200,0.0,0.0,BG
2008-08-06 00:00:00-04:00,63.5502930680309,65.01487398964196,62.20315880973819,64.51055908203125,2453300,0.0,0.0,BG
2008-08-07 00:00:00-04:00,64.86976844568979,64.86976844568979,63.34301523434488,64.32400512695312,1564600,0.0,0.0,BG
2008-08-08 00:00:00-04:00,63.83349789869149,64.84212178345057,62.92159101173937,64.30326843261719,1932400,0.0,0.0,BG
2008-08-11 00:00:00-04:00,64.24800739274487,64.25491725642743,62.44491773135846,62.76270294189453,2490400,0.0,0.0,BG
2008-08-12 00:00:00-04:00,63.03903253370403,65.87838006454781,62.893957036519154,65.29116821289062,2028700,0.0,0.0,BG
2008-08-13 00:00:00-04:00,65.50578029208367,68.3577722877892,64.5228140998625,67.63092803955078,2246000,0.19,0.0,BG
2008-08-14 00:00:00-04:00,66.51641318556439,67.52015038280489,65.14580002146849,65.18733215332031,1761900,0.0,0.0,BG
2008-08-15 00:00:00-04:00,65.3327318823798,65.3327318823798,61.77466648958455,62.48766326904297,2506800,0.0,0.0,BG
2008-08-18 00:00:00-04:00,62.9790831606016,63.872055148360765,61.3454200564655,62.00996017456055,2048100,0.0,0.0,BG
2008-08-19 00:00:00-04:00,62.47380560696359,64.37051578873238,61.71235307687829,63.80288696289063,1660100,0.0,0.0,BG
2008-08-20 00:00:00-04:00,64.37744056273495,65.0489050351177,63.42908281661808,64.16976928710938,1080400,0.0,0.0,BG
2008-08-21 00:00:00-04:00,63.46371280672597,64.37745714855012,63.34603485149362,63.85136032104492,1630500,0.0,0.0,BG
2008-08-22 00:00:00-04:00,63.41521674416772,63.74748432298406,62.30764934595005,63.29061508178711,1725600,0.0,0.0,BG
2008-08-25 00:00:00-04:00,63.24911087546173,63.24911087546173,61.41469875669086,61.83695983886719,1137600,0.0,0.0,BG
2008-08-26 00:00:00-04:00,62.55686535996882,62.71607540006781,61.89924328794977,62.44610595703125,1393000,0.0,0.0,BG
2008-08-27 00:00:00-04:00,63.124525843794856,63.671388787908384,62.70918315519099,63.103759765625,899900,0.0,0.0,BG
2008-08-28 00:00:00-04:00,63.38061471760805,63.71288763853619,61.64312018917849,62.77145385742188,1508400,0.0,0.0,BG
2008-08-29 00:00:00-04:00,62.5291838678821,63.33216852132317,61.78157364201304,61.85771942138672,1000600,0.0,0.0,BG
2008-09-02 00:00:00-04:00,60.88860139034446,61.56006590023855,58.147368917967725,58.84652328491211,2104000,0.0,0.0,BG
2008-09-03 00:00:00-04:00,58.02968161877211,59.981771334641145,57.38590706985257,57.93276977539063,2833100,0.0,0.0,BG
2008-09-04 00:00:00-04:00,57.43434592567169,59.10954189927397,55.53071269713335,55.62762451171875,2764600,0.0,0.0,BG
2008-09-05 00:00:00-04:00,55.37844766742979,57.28208180599769,54.47162727689173,57.10210037231445,3159600,0.0,0.0,BG
2008-09-08 00:00:00-04:00,57.97430829921656,58.80498284292416,54.85927083836313,55.34383010864258,1810100,0.0,0.0,BG
2008-09-09 00:00:00-04:00,55.25383828582461,55.25383828582461,48.56689440366442,49.4183349609375,5835500,0.0,0.0,BG
2008-09-10 00:00:00-04:00,49.50140443140733,52.028046807442784,48.76071800919087,50.56744003295898,4435400,0.0,0.0,BG
2008-09-11 00:00:00-04:00,49.840598746077504,49.91674452777689,48.51843588320623,49.72983932495117,4789100,0.0,0.0,BG
2008-09-12 00:00:00-04:00,49.70908630518269,52.82412454468131,49.27298285292134,52.51262283325195,3844200,0.0,0.0,BG
2008-09-15 00:00:00-04:00,50.546665992107535,51.37042193158779,49.07221700988004,49.27296447753906,1676900,0.0,0.0,BG
2008-09-16 00:00:00-04:00,48.317693797356505,50.44975984645249,46.61480202166506,50.02058029174805,4348600,0.0,0.0,BG
2008-09-17 00:00:00-04:00,49.89596750223729,50.52589440737151,48.66379825987256,49.487548828125,3084600,0.0,0.0,BG
2008-09-18 00:00:00-04:00,50.15901066905549,50.65741736747236,46.76708088820602,48.29690933227539,3516000,0.0,0.0,BG
2008-09-19 00:00:00-04:00,50.39438056104283,50.87893977975888,48.21385351422186,50.49821090698242,4062000,0.0,0.0,BG
2008-09-22 00:00:00-04:00,51.32888538443376,51.5711649689678,48.85762305958887,50.49128723144531,2380600,0.0,0.0,BG
2008-09-23 00:00:00-04:00,50.11057488012458,52.609527876775466,49.47372396807576,50.33208847045898,2831200,0.0,0.0,BG
2008-09-24 00:00:00-04:00,51.46733093261719,52.47106821550381,50.19362948835983,51.46733093261719,1632000,0.0,0.0,BG
2008-09-25 00:00:00-04:00,51.16274680588107,52.2633905080472,50.67125861846152,50.795860290527344,1669000,0.0,0.0,BG
2008-09-26 00:00:00-04:00,49.33526843673571,50.31823982080456,48.07540906072625,48.36614990234375,2284300,0.0,0.0,BG
2008-09-29 00:00:00-04:00,48.12386882349459,48.12386882349459,40.72392732610964,41.603057861328125,4542600,0.0,0.0,BG
2008-09-30 00:00:00-04:00,42.81446232789924,44.84962201871456,41.53383675100339,43.735130310058594,2715400,0.0,0.0,BG
2008-10-01 00:00:00-04:00,44.302757626488095,45.16804586138044,43.18826595744273,43.61052703857422,2512700,0.0,0.0,BG
2008-10-02 00:00:00-04:00,40.49548054196384,40.84159576027122,32.51406445280344,34.7222785949707,7691300,0.0,0.0,BG
2008-10-03 00:00:00-04:00,35.34529910322432,38.48110320594891,34.09236063484264,34.82612609863281,3712800,0.0,0.0,BG
2008-10-06 00:00:00-04:00,33.1370814827213,33.462430743112535,28.38145751214206,32.45177459716797,4469000,0.0,0.0,BG
2008-10-07 00:00:00-04:00,33.85008064519215,34.20311712319053,29.073687990493728,30.33354759216309,3323400,0.0,0.0,BG
2008-10-08 00:00:00-04:00,28.38144391231414,32.75633944559453,27.00390437517228,29.9597282409668,5071900,0.0,0.0,BG
2008-10-09 00:00:00-04:00,30.285072380478823,32.93631541295557,27.606142145861547,29.6759090423584,2681000,0.0,0.0,BG
2008-10-10 00:00:00-04:00,27.696138151439527,29.76590828475352,24.2349860253054,27.135433197021484,3781400,0.0,0.0,BG
2008-10-13 00:00:00-04:00,29.606700470099025,32.81172860507169,29.19136056230638,31.697237014770508,2789900,0.0,0.0,BG
2008-10-14 00:00:00-04:00,33.28244203806064,33.78776996083535,30.88040147853934,31.56570816040039,2904400,0.0,0.0,BG
2008-10-15 00:00:00-04:00,30.72809924790636,30.72809924790636,26.87237710808404,27.17003631591797,3430000,0.0,0.0,BG
2008-10-16 00:00:00-04:00,28.332988796297613,28.512967527695885,25.61252327502296,26.553956985473636,4310200,0.0,0.0,BG
2008-10-17 00:00:00-04:00,26.187076531148957,30.27123418692483,24.574178478961755,29.3921012878418,5416700,0.0,0.0,BG
2008-10-20 00:00:00-04:00,30.402762109233223,33.03324010589766,29.90435794787925,30.81117820739746,2452600,0.0,0.0,BG
2008-10-21 00:00:00-04:00,30.797339175524705,30.90117217648072,28.0699490437524,28.36068725585937,2358800,0.0,0.0,BG
2008-10-22 00:00:00-04:00,28.00762987542478,28.00762987542478,23.335076589785444,24.401111602783203,4739300,0.0,0.0,BG
2008-10-23 00:00:00-04:00,25.67482783424649,27.55077174469552,23.68120337260988,26.297836303710938,7908600,0.0,0.0,BG
2008-10-24 00:00:00-04:00,22.995898108221507,25.16257767696745,22.850527695991268,23.96501922607422,3838500,0.0,0.0,BG
2008-10-27 00:00:00-04:00,23.881955485190115,23.881955485190115,21.459148406982425,21.459148406982425,3732800,0.0,0.0,BG
2008-10-28 00:00:00-04:00,23.18279854720909,23.53583490895765,19.105560366630577,20.759990692138672,5895400,0.0,0.0,BG
2008-10-29 00:00:00-04:00,21.445300468209485,24.22806738147389,21.11303014671296,23.40431404113769,5512500,0.0,0.0,BG
2008-10-30 00:00:00-04:00,24.22114038961358,26.25629660758578,23.681198936995088,24.83722496032715,4173400,0.0,0.0,BG
2008-10-31 00:00:00-04:00,25.425631473861625,28.20839900551706,24.124237111648306,26.588579177856445,4302500,0.0,0.0,BG
2008-11-03 00:00:00-05:00,27.03159223685633,29.066750974990995,26.58164413373635,28.87984848022461,3523200,0.0,0.0,BG
2008-11-04 00:00:00-05:00,31.14344620469477,32.63866373170866,30.901163985386656,31.364959716796875,3618100,0.0,0.0,BG
2008-11-05 00:00:00-05:00,32.09872994774121,32.18179951522561,30.45814427934917,30.56890106201172,2915800,0.0,0.0,BG
2008-11-06 00:00:00-05:00,29.30212045977497,31.178064617208022,28.17378392347852,28.381452560424805,3908600,0.0,0.0,BG
2008-11-07 00:00:00-05:00,29.066754445699853,30.610427856445312,28.395290140694463,30.610427856445312,2274600,0.0,0.0,BG
2008-11-10 00:00:00-05:00,32.874021486923425,32.874021486923425,29.412869631265632,30.610427856445312,2599500,0.0,0.0,BG
2008-11-11 00:00:00-05:00,29.26751159002801,30.458149175534302,28.485292842015543,30.11203384399414,2387300,0.0,0.0,BG
2008-11-12 00:00:00-05:00,29.066750495965653,29.959725546490017,27.308484958457505,27.571533203125,3037400,0.0,0.0,BG
2008-11-13 00:00:00-05:00,28.16686567927961,28.27070133850091,23.83350274425602,28.15994453430176,5335700,0.0,0.0,BG
2008-11-14 00:00:00-05:00,28.44508540003138,28.834551849511325,26.37255613797936,26.91503143310547,2795900,0.19,0.0,BG
2008-11-17 00:00:00-05:00,25.96221423907534,28.611985683347733,25.96221423907534,27.05411529541016,2024400,0.0,0.0,BG
2008-11-18 00:00:00-05:00,27.20018618344593,28.820650997123465,26.26128787020432,27.485332489013672,3550300,0.0,0.0,BG
2008-11-19 00:00:00-05:00,26.89416365509611,28.45203731894219,25.57970916065404,25.670122146606445,3074500,0.0,0.0,BG
2008-11-20 00:00:00-05:00,24.64081173905729,25.802259950491276,22.255319471014644,22.78388214111328,4207300,0.0,0.0,BG
2008-11-21 00:00:00-05:00,23.347220916193617,24.68949508666992,21.49029264112129,24.68949508666992,3054100,0.0,0.0,BG
2008-11-24 00:00:00-05:00,25.05114927048389,27.81915486076505,24.82163996942273,26.629886627197266,2772100,0.0,0.0,BG
2008-11-25 00:00:00-05:00,26.421252501774667,27.81221071890739,25.92746031838044,26.23347282409668,3324200,0.0,0.0,BG
2008-11-26 00:00:00-05:00,26.073503788357087,28.08343728157505,25.051149008925133,28.02779769897461,3849000,0.0,0.0,BG
2008-11-28 00:00:00-05:00,28.1529761320332,29.55784335824896,27.45749746478028,29.5300235748291,1274600,0.0,0.0,BG
2008-12-01 00:00:00-05:00,28.52158521787801,28.52158521787801,25.732716319263503,26.56033515930176,2696100,0.0,0.0,BG
2008-12-02 00:00:00-05:00,27.61050684819784,27.61050684819784,25.1276479281037,26.3725528717041,3151200,0.0,0.0,BG
2008-12-03 00:00:00-05:00,26.261273921975977,26.762019423075724,25.4684286472618,26.087404251098636,2427700,0.0,0.0,BG
2008-12-04 00:00:00-05:00,25.69794526148748,27.38795915968577,25.65621557340604,25.93440818786621,2331900,0.0,0.0,BG
2008-12-05 00:00:00-05:00,25.01636709246081,27.061073303222656,22.83256462552243,27.061073303222656,4143500,0.0,0.0,BG
2008-12-08 00:00:00-05:00,27.81914754711921,28.806726011582438,27.17235215440544,28.751089096069336,2424700,0.0,0.0,BG
2008-12-09 00:00:00-05:00,29.210112698352876,30.67061727205397,28.25035110969827,29.140565872192383,2366500,0.0,0.0,BG
2008-12-10 00:00:00-05:00,29.57175748050392,31.21308779451653,29.509164285374933,31.011398315429688,1781100,0.0,0.0,BG
2008-12-11 00:00:00-05:00,30.33678720534306,32.64577681400774,29.27965901716481,29.76649475097656,2669400,0.0,0.0,BG
2008-12-12 00:00:00-05:00,28.340765884215475,29.7317237190236,27.84697648958856,29.460487365722656,2208000,0.0,0.0,BG
2008-12-15 00:00:00-05:00,29.411803186254144,31.42173677378276,28.84846432467744,29.16143035888672,2619500,0.0,0.0,BG
2008-12-16 00:00:00-05:00,29.82212702381708,33.38297718018548,29.82212702381708,33.13956069946289,2855600,0.0,0.0,BG
2008-12-17 00:00:00-05:00,32.81268758537962,33.89067911556757,32.22848533018137,33.209110260009766,1919500,0.0,0.0,BG
2008-12-18 00:00:00-05:00,33.43861403102163,34.76002184517424,31.75555435540689,32.145023345947266,1961200,0.0,0.0,BG
2008-12-19 00:00:00-05:00,31.533011682379826,32.68750648619616,30.740166204860827,31.77642822265625,1529800,0.0,0.0,BG
2008-12-22 00:00:00-05:00,31.37304384959019,31.9920194536637,30.336779443427115,30.80275154113769,1453900,0.0,0.0,BG
2008-12-23 00:00:00-05:00,31.442593553320624,32.61795433512401,31.21308694611319,31.901609420776367,1361300,0.0,0.0,BG
2008-12-24 00:00:00-05:00,31.992027166236664,32.16589687909665,31.09485881114925,31.88075065612793,544800,0.0,0.0,BG
2008-12-26 00:00:00-05:00,32.04070600432456,33.61944309524447,31.93638312994377,33.431663513183594,619300,0.0,0.0,BG
2008-12-29 00:00:00-05:00,33.80027552162327,34.77394710168716,32.84051649180667,34.51662063598633,1463600,0.0,0.0,BG
2008-12-30 00:00:00-05:00,34.7391844398382,35.17038077453832,34.085432333989615,34.82959747314453,1670800,0.0,0.0,BG
2008-12-31 00:00:00-05:00,34.73915034755481,36.73517282741913,34.73915034755481,36.004920959472656,1549100,0.0,0.0,BG
2009-01-02 00:00:00-05:00,35.629386587946264,37.062074192016496,35.53897358083888,36.978614807128906,986800,0.0,0.0,BG
2009-01-05 00:00:00-05:00,36.8951388978271,39.53795702561779,36.85341188011396,38.070499420166016,2341100,0.0,0.0,BG
2009-01-06 00:00:00-05:00,39.19717401648633,39.412770682868434,37.92444691489782,38.7590217590332,2407200,0.0,0.0,BG
2009-01-07 00:00:00-05:00,38.93985505232591,39.91352367730771,37.26375142808818,37.89663696289063,2363700,0.0,0.0,BG
2009-01-08 00:00:00-05:00,37.55583763994254,37.55583763994254,35.67804522733744,36.004920959472656,2147100,0.0,0.0,BG
2009-01-09 00:00:00-05:00,35.900620512743195,36.56828228119288,34.565302281926826,35.76152420043945,1709200,0.0,0.0,BG
2009-01-12 00:00:00-05:00,35.29556263308701,35.29556263308701,32.79183905432132,33.598594665527344,1935400,0.0,0.0,BG
2009-01-13 00:00:00-05:00,33.48730964529149,34.37752177633102,32.99351761662916,33.501216888427734,1704500,0.0,0.0,BG
2009-01-14 00:00:00-05:00,30.18377899028225,30.18377899028225,26.94980172238025,28.938871383666992,7175500,0.0,0.0,BG
2009-01-15 00:00:00-05:00,28.862368296226595,29.23792746018442,27.304494719646488,28.938871383666992,2338500,0.0,0.0,BG
2009-01-16 00:00:00-05:00,29.88471051335946,31.40085378048659,28.95276926341013,30.48282241821289,3032400,0.0,0.0,BG
2009-01-20 00:00:00-05:00,29.8986396397667,30.9279481127298,29.112747725157828,29.279661178588867,1745500,0.0,0.0,BG
2009-01-21 00:00:00-05:00,29.822128167798745,31.213085603663824,28.89018657964751,30.948802947998047,2838300,0.0,0.0,BG
2009-01-22 00:00:00-05:00,30.614961547959457,31.90159561338487,29.8638435519206,31.150480270385746,2704700,0.0,0.0,BG
2009-01-23 00:00:00-05:00,30.893165217144062,32.291079009153,30.30896560620412,32.1867561340332,2249600,0.0,0.0,BG
2009-01-26 00:00:00-05:00,32.4093066132501,32.784865750928624,31.157445474029068,31.261768341064453,2375600,0.0,0.0,BG
2009-01-27 00:00:00-05:00,31.12266400214833,31.998965776547184,31.080934335542658,31.574726104736328,1581500,0.0,0.0,BG
2009-01-28 00:00:00-05:00,32.673584493679535,32.70140427456592,31.60950307865866,32.360618591308594,1741700,0.0,0.0,BG
2009-01-29 00:00:00-05:00,32.005950899392175,32.15895716183437,31.039235302418128,31.66516494750977,1633000,0.0,0.0,BG
2009-01-30 00:00:00-05:00,31.852928999742478,32.499724505942666,29.703899368538217,29.863859176635746,1610300,0.0,0.0,BG
2009-02-02 00:00:00-05:00,29.50220498267993,30.218549842943343,29.10578233858185,29.411794662475582,1749600,0.0,0.0,BG
2009-02-03 00:00:00-05:00,29.22401294888868,29.662165237604604,28.751087258569378,29.230966567993164,1918900,0.0,0.0,BG
2009-02-04 00:00:00-05:00,29.467435255727253,29.933407419331417,29.210108849192988,29.620441436767575,2237000,0.0,0.0,BG
2009-02-05 00:00:00-05:00,29.34224906329072,34.58615975308116,29.244882457614352,34.12714385986328,5014400,0.0,0.0,BG
2009-02-06 00:00:00-05:00,34.25232681255586,36.10230009367075,33.75158128733835,34.73916244506836,2830300,0.0,0.0,BG
2009-02-09 00:00:00-05:00,34.65571466194442,36.992521524003855,34.5166183521329,36.07448959350586,2510800,0.0,0.0,BG
2009-02-10 00:00:00-05:00,35.9214838602642,37.37503477083909,34.50270636177133,34.71134948730469,2196800,0.0,0.0,BG
2009-02-11 00:00:00-05:00,34.89984660769606,35.49326159804562,33.61527527488261,34.99758529663086,2465400,0.19,0.0,BG
2009-02-12 00:00:00-05:00,34.66246948884482,35.73759740183409,33.81772251432499,35.5770263671875,1675900,0.0,0.0,BG
2009-02-13 00:00:00-05:00,35.57702196496306,36.77781714369303,35.48626617172669,36.14251327514648,1136400,0.0,0.0,BG
2009-02-17 00:00:00-05:00,35.46534656431107,35.46534656431107,33.16149580915334,33.53849029541016,2539600,0.0,0.0,BG
2009-02-18 00:00:00-05:00,33.538466741524324,34.37623079045548,33.14052928433826,34.062068939208984,1630100,0.0,0.0,BG
2009-02-19 00:00:00-05:00,34.25057728417744,34.983620068738965,33.510551643309775,33.58036422729492,2155900,0.0,0.0,BG
2009-02-20 00:00:00-05:00,32.651839636713326,34.12490786182022,32.37956686774646,33.531490325927734,2156500,0.0,0.0,BG
2009-02-23 00:00:00-05:00,33.84566195303808,33.84566195303808,32.58203375185439,32.92412185668945,2210000,0.0,0.0,BG
2009-02-24 00:00:00-05:00,33.007890326997384,33.845654595146286,32.449381702624514,33.76187896728516,1688400,0.0,0.0,BG
2009-02-25 00:00:00-05:00,33.957357301416174,34.56473528152669,33.1545019629205,33.59432601928711,1669200,0.0,0.0,BG
2009-02-26 00:00:00-05:00,33.84567146890679,34.48097584520804,32.36562221064528,32.37958526611328,1833500,0.0,0.0,BG
2009-02-27 00:00:00-05:00,32.267867742395325,33.73395322990109,31.70935644888911,32.7286376953125,1734100,0.0,0.0,BG
2009-03-02 00:00:00-05:00,32.40050928051247,32.40050928051247,29.65683309479999,29.72664833068848,1908200,0.0,0.0,BG
2009-03-03 00:00:00-05:00,29.93608542253441,31.33933821996289,29.55909117969859,31.06008529663086,2261600,0.0,0.0,BG
2009-03-04 00:00:00-05:00,31.388217624498,33.16846523626458,31.332368087174004,32.81939697265625,2018600,0.0,0.0,BG
2009-03-05 00:00:00-05:00,31.91880565648554,33.66414712653519,30.9972655733537,32.65882873535156,2759200,0.0,0.0,BG
2009-03-06 00:00:00-05:00,32.58203712040902,34.704373237012895,32.4703353597025,33.42678451538086,2050000,0.0,0.0,BG
2009-03-09 00:00:00-04:00,33.398856103615074,34.80210954206147,33.021861688565046,33.566410064697266,2077500,0.0,0.0,BG
2009-03-10 00:00:00-04:00,34.69737632705166,35.91213205664305,34.38321444416465,35.84231948852539,1748500,0.0,0.0,BG
2009-03-11 00:00:00-04:00,36.07968801252551,36.303091439096406,34.8439863112671,35.06040954589844,1754000,0.0,0.0,BG
2009-03-12 00:00:00-04:00,34.56473929432897,36.1076230882938,34.55775910065311,35.947052001953125,1945900,0.0,0.0,BG
2009-03-13 00:00:00-04:00,36.12855482329592,36.60328773740995,35.45834459037449,36.47762298583984,1328800,0.0,0.0,BG
2009-03-16 00:00:00-04:00,36.547442238659485,39.20036288983206,36.303095545452166,38.432411193847656,2006700,0.0,0.0,BG
2009-03-17 00:00:00-04:00,38.334669250967565,39.43074317543403,37.90182543279597,38.98393630981445,1565700,0.0,0.0,BG
2009-03-18 00:00:00-04:00,38.362615912012814,39.93342363910285,38.362615912012814,38.94905090332031,1843300,0.0,0.0,BG
2009-03-19 00:00:00-04:00,39.1514993718752,40.46399418077447,39.10262736278868,40.052093505859375,1842200,0.0,0.0,BG
2009-03-20 00:00:00-04:00,40.191714246107935,40.49191312543706,39.137529403779,39.41678237915039,1739600,0.0,0.0,BG
2009-03-23 00:00:00-04:00,40.49191052542021,41.86025720746111,40.44304119128867,41.1621208190918,1572900,0.0,0.0,BG
2009-03-24 00:00:00-04:00,40.42908362779772,42.44669763774842,40.142847776268034,41.085330963134766,1675600,0.0,0.0,BG
2009-03-25 00:00:00-04:00,41.26685538785748,42.034804592555496,39.8426560662046,40.97363662719727,1405000,0.0,0.0,BG
2009-03-26 00:00:00-04:00,41.1900543457714,42.18838977432496,41.064389560136725,41.420440673828125,1882900,0.0,0.0,BG
2009-03-27 00:00:00-04:00,41.06439124202354,41.881212382103726,40.14285121841176,41.25986862182617,1315100,0.0,0.0,BG
2009-03-30 00:00:00-04:00,39.70301745671645,40.26152606003852,37.85993773416406,38.467315673828125,2006900,0.0,0.0,BG
2009-03-31 00:00:00-04:00,39.06073103333819,40.177748177201984,38.78845827097008,39.5494270324707,1460400,0.0,0.0,BG
2009-04-01 00:00:00-04:00,39.1096177417798,40.56174067392314,38.453370211112535,40.45003890991211,1091500,0.0,0.0,BG
2009-04-02 00:00:00-04:00,41.26685402189676,41.81838256396418,40.44305263741572,40.63154983520508,1542300,0.0,0.0,BG
2009-04-03 00:00:00-04:00,40.78513413017577,41.42742111201338,40.58965675722407,41.20401763916016,1266300,0.0,0.0,BG
2009-04-06 00:00:00-04:00,41.064394299768544,41.38553649426569,39.61227156720155,40.56871795654297,1962700,0.0,0.0,BG
2009-04-07 00:00:00-04:00,39.40982106340617,40.50589557547679,38.72564735074416,38.94905090332031,1778100,0.0,0.0,BG
2009-04-08 00:00:00-04:00,39.11659218949323,39.598308139846175,38.59997260554164,39.00489044189453,2167900,0.0,0.0,BG
2009-04-09 00:00:00-04:00,40.3034195352102,40.58267519847116,39.02583113426287,39.87755584716797,1448900,0.0,0.0,BG
2009-04-13 00:00:00-04:00,39.99623414103097,40.51285357461815,39.45866880492936,39.947364807128906,1717100,0.0,0.0,BG
2009-04-14 00:00:00-04:00,39.79376762492692,40.91776745237113,38.69071103348921,39.10261154174805,1986600,0.0,0.0,BG
2009-04-15 00:00:00-04:00,38.7535514670686,39.96132981616504,38.57901736222773,39.03978729248047,1662600,0.0,0.0,BG
2009-04-16 00:00:00-04:00,39.151497176451024,40.540787354779305,38.72563347470293,40.23360824584961,1570400,0.0,0.0,BG
2009-04-17 00:00:00-04:00,40.54776460820724,40.76418519427302,39.7518868512321,40.02416229248047,1178200,0.0,0.0,BG
2009-04-20 00:00:00-04:00,39.33301959428962,39.70303117246807,37.48993923502936,37.74824905395508,1370900,0.0,0.0,BG
2009-04-21 00:00:00-04:00,37.38521169017526,38.048441944784486,37.05708932289795,37.60163497924805,2285400,0.0,0.0,BG
2009-04-22 00:00:00-04:00,37.15481771315115,38.82336317764065,37.15481771315115,38.048431396484375,2279400,0.0,0.0,BG
2009-04-23 00:00:00-04:00,35.116272141544016,35.311752209937175,32.575055221052104,33.13356399536133,8782200,0.0,0.0,BG
2009-04-24 00:00:00-04:00,33.098657143095224,33.94340181656743,32.742608637667885,33.566410064697266,3814500,0.0,0.0,BG
2009-04-27 00:00:00-04:00,32.917143023521874,32.924123217991706,32.25391269533261,32.623924255371094,2471500,0.0,0.0,BG
2009-04-28 00:00:00-04:00,32.41447783131405,32.76354608048765,31.98861414121357,32.51919937133789,2021200,0.0,0.0,BG
2009-04-29 00:00:00-04:00,32.6378713055275,33.4058201533273,32.54711284283817,33.105621337890625,2419800,0.0,0.0,BG
2009-04-30 00:00:00-04:00,33.28715247589457,34.138879958998515,33.014879634752745,33.51753616333008,3272200,0.0,0.0,BG
2009-05-01 00:00:00-04:00,33.50356244006203,34.38321301233536,33.14053124197472,34.09697723388672,2244700,0.0,0.0,BG
2009-05-04 00:00:00-04:00,34.22962482836028,35.38853107773275,34.22962482836028,35.29777526855469,2371000,0.0,0.0,BG
2009-05-05 00:00:00-04:00,35.17908755470735,35.57702503066011,33.93640579914812,34.48793411254883,1925600,0.0,0.0,BG
2009-05-06 00:00:00-04:00,34.683416695405384,35.73062129934111,34.683416695405384,35.402496337890625,1830800,0.0,0.0,BG
2009-05-07 00:00:00-04:00,35.500230839413284,36.78480177592313,35.500230839413284,36.12157440185547,2199300,0.0,0.0,BG
2009-05-08 00:00:00-04:00,36.36593490028685,38.983947099876,36.36593490028685,38.64884185791016,2682700,0.0,0.0,BG
2009-05-11 00:00:00-04:00,38.39750028500009,38.61392351807813,37.69936391618191,38.05541229248047,2084700,0.0,0.0,BG
2009-05-12 00:00:00-04:00,38.41845173252097,40.303420863717534,38.153161773175725,39.57735824584961,2823200,0.0,0.0,BG
2009-05-13 00:00:00-04:00,39.37490009528219,39.76585483511697,38.55109880323116,38.66978073120117,2416100,0.0,0.0,BG
2009-05-14 00:00:00-04:00,38.71166799069741,39.45169094822019,37.992585611984296,39.277156829833984,1608600,0.0,0.0,BG
2009-05-15 00:00:00-04:00,39.1370548609758,40.07572786058488,38.506604521425736,38.96192932128906,1471100,0.19,0.0,BG
2009-05-18 00:00:00-04:00,39.284160284632975,40.53105320669468,38.961927277636526,40.43998718261719,1764100,0.0,0.0,BG
2009-05-19 00:00:00-04:00,40.440003328345874,41.42070775958029,40.20883892533772,41.126495361328125,1553100,0.0,0.0,BG
2009-05-20 00:00:00-04:00,41.38568444763282,43.00384333510448,41.203552321156,42.303340911865234,3149900,0.0,0.0,BG
2009-05-21 00:00:00-04:00,41.76394213583294,42.0441440962546,40.68517073427859,41.574806213378906,1883600,0.0,0.0,BG
2009-05-22 00:00:00-04:00,42.058150474022966,44.579957189913294,41.96008059883443,43.68331527709961,2637200,0.0,0.0,BG
2009-05-26 00:00:00-04:00,43.16495252591221,43.683325422273725,42.41541525180608,43.24200820922852,2027100,0.0,0.0,BG
2009-05-27 00:00:00-04:00,43.29103701949561,43.31905774985623,42.42241575594792,42.77967071533203,2057800,0.0,0.0,BG
2009-05-28 00:00:00-04:00,42.926781530902105,43.43814790641555,42.394400940788096,42.87774658203125,1630600,0.0,0.0,BG
2009-05-29 00:00:00-04:00,43.2209858489718,44.32777792453051,43.08088487591019,44.32077407836914,1423600,0.0,0.0,BG
2009-06-01 00:00:00-04:00,44.60796761697684,46.54135463528294,44.60796761697684,45.89688873291016,2385200,0.0,0.0,BG
2009-06-02 00:00:00-04:00,46.14907993473123,48.80398373702764,45.88289104046782,47.557090759277344,2684100,0.0,0.0,BG
2009-06-03 00:00:00-04:00,47.33993835294652,47.33993835294652,44.27874191879171,44.90919494628906,2133400,0.0,0.0,BG
2009-06-04 00:00:00-04:00,45.01427770618747,46.0580245999264,43.83743366993393,45.80584335327149,1531800,0.0,0.0,BG
2009-06-05 00:00:00-04:00,46.25417857165657,46.443317236875416,44.47490427746832,45.00027847290039,1521900,0.0,0.0,BG
2009-06-08 00:00:00-04:00,44.67802008888758,44.741065380550864,43.326050912710784,44.24370956420898,1228600,0.0,0.0,BG
2009-06-09 00:00:00-04:00,44.74808447676419,46.268175748760925,44.65701843605002,45.819854736328125,1517000,0.0,0.0,BG
2009-06-10 00:00:00-04:00,45.93894721683548,46.93365931061116,45.77782931840834,46.44330978393555,1553500,0.0,0.0,BG
2009-06-11 00:00:00-04:00,46.5063519516123,46.98970029748552,46.058030862028914,46.70249176025391,1274800,0.0,0.0,BG
2009-06-12 00:00:00-04:00,46.38726081901965,47.40999348405303,45.81985569487854,46.51335144042969,1224900,0.0,0.0,BG
2009-06-15 00:00:00-04:00,45.56065754247449,45.91090859491257,43.942496718217306,44.65000534057617,1538800,0.0,0.0,BG
2009-06-16 00:00:00-04:00,44.74808408668468,45.13335978637283,43.23499934681188,43.45915985107422,1467500,0.0,0.0,BG
2009-06-17 00:00:00-04:00,43.01083898157423,43.01083898157423,41.11948238256877,41.88302993774414,2633200,0.0,0.0,BG
2009-06-18 00:00:00-04:00,42.030120365092586,43.354068729040506,41.48372965545137,42.4364128112793,1902900,0.0,0.0,BG
2009-06-19 00:00:00-04:00,42.54850877304629,43.67631517560618,42.44343236436237,42.63957214355469,1436600,0.0,0.0,BG
2009-06-22 00:00:00-04:00,41.75693338923664,42.32433841781116,40.55907535979752,40.5800895690918,1589400,0.0,0.0,BG
2009-06-23 00:00:00-04:00,40.58009849677524,41.57481048119573,40.33492376039109,41.39968490600586,1366300,0.0,0.0,BG
2009-06-24 00:00:00-04:00,41.80596565296968,43.5642247528767,41.686878906107154,42.77265930175781,1798300,0.0,0.0,BG
2009-06-25 00:00:00-04:00,42.46445358785006,42.9548057889892,41.54679717895425,42.74465560913086,1447800,0.0,0.0,BG
2009-06-26 00:00:00-04:00,42.46444016021636,43.57823870069753,41.48373874024911,43.31905364990234,1708400,0.0,0.0,BG
2009-06-29 00:00:00-04:00,43.25600834865988,43.5992555825808,42.45042979636207,43.31905364990234,1339900,0.0,0.0,BG
2009-06-30 00:00:00-04:00,43.02483203818179,43.417114124558985,41.79194968017263,42.20524597167969,1715400,0.0,0.0,BG
2009-07-01 00:00:00-04:00,42.55552165195282,43.515209210948285,42.55552165195282,43.14394378662109,1478500,0.0,0.0,BG
2009-07-02 00:00:00-04:00,42.59754307131085,42.74464790347237,41.55379353601332,42.07917022705078,1061900,0.0,0.0,BG
2009-07-06 00:00:00-04:00,41.32962595132897,41.62383556527393,40.594099244262985,41.301605224609375,1079900,0.0,0.0,BG
2009-07-07 00:00:00-04:00,41.04943558306579,41.31562721742191,39.10203995536548,39.28417205810547,1858800,0.0,0.0,BG
2009-07-08 00:00:00-04:00,39.4242698387344,39.4242698387344,37.82012155175442,38.135345458984375,1805600,0.0,0.0,BG
2009-07-09 00:00:00-04:00,38.27544165450643,39.50832708330565,38.27544165450643,39.0880241394043,866800,0.0,0.0,BG
2009-07-10 00:00:00-04:00,38.82184061033381,40.3139114276971,38.660725383625774,39.571380615234375,1516100,0.0,0.0,BG
2009-07-13 00:00:00-04:00,39.33320549449773,41.51877193787311,39.17909413229291,41.45572662353516,1979100,0.0,0.0,BG
2009-07-14 00:00:00-04:00,41.15450939166174,42.226277036458406,41.15450939166174,42.11419677734375,1290000,0.0,0.0,BG
2009-07-15 00:00:00-04:00,42.5064665128914,44.80411248476551,42.26129185328411,44.51690673828125,2186900,0.0,0.0,BG
2009-07-16 00:00:00-04:00,44.41184668559828,45.791837065387085,44.41184668559828,45.56767654418945,1471000,0.0,0.0,BG
2009-07-17 00:00:00-04:00,45.53263924438567,46.086036578069375,45.28045804563342,45.49761199951172,1554200,0.0,0.0,BG
2009-07-20 00:00:00-04:00,45.86888191484029,46.99668542952077,45.58167347565569,46.13507080078125,1364300,0.0,0.0,BG
2009-07-21 00:00:00-04:00,46.45029711162406,46.96166604648317,45.16137568610603,46.072025299072266,1024000,0.0,0.0,BG
2009-07-22 00:00:00-04:00,45.441580045066566,45.89690220361936,44.07559753618508,45.84086608886719,1455400,0.0,0.0,BG
2009-07-23 00:00:00-04:00,45.55366074593555,48.488766901915184,45.00726984263992,47.30491638183594,2670300,0.0,0.0,BG
2009-07-24 00:00:00-04:00,46.9476663728636,49.20328485394006,46.9476663728636,49.07719421386719,1619200,0.0,0.0,BG
2009-07-27 00:00:00-04:00,48.78998375269812,49.672618101703954,48.41171188883848,49.42043685913086,1867400,0.0,0.0,BG
2009-07-28 00:00:00-04:00,49.19626998009748,50.022862758329126,48.3346499554395,49.58154296875,1781200,0.0,0.0,BG
2009-07-29 00:00:00-04:00,49.18927647971982,49.18927647971982,47.220866562115695,47.40999984741211,1097000,0.0,0.0,BG
2009-07-30 00:00:00-04:00,47.900347199907046,49.00714215930909,47.900347199907046,48.64288330078125,1277700,0.0,0.0,BG
2009-07-31 00:00:00-04:00,48.33464555209687,49.38539871627289,48.019421740606845,49.01413345336914,959200,0.0,0.0,BG
2009-08-03 00:00:00-04:00,49.51150812259335,50.4361710446353,49.03516629339544,50.30307388305664,1248600,0.0,0.0,BG
2009-08-04 00:00:00-04:00,49.73566219309932,50.352102279392994,48.92307697786791,50.31007385253906,1340600,0.0,0.0,BG
2009-08-05 00:00:00-04:00,50.43614202381224,50.6392882371813,48.9370682301014,50.12091827392578,736500,0.0,0.0,BG
2009-08-06 00:00:00-04:00,50.20500164592925,51.1226633495628,50.17698091087698,50.7233772277832,1072400,0.0,0.0,BG
2009-08-07 00:00:00-04:00,51.10861820901813,51.10861820901813,49.77066235318346,50.34507369995117,1412500,0.0,0.0,BG
2009-08-10 00:00:00-04:00,50.21899672805591,50.40112342415664,49.40641173533512,49.623565673828125,715800,0.0,0.0,BG
2009-08-11 00:00:00-04:00,47.37494982448401,47.64114401326747,46.12805708041296,46.26115417480469,2894200,0.0,0.0,BG
2009-08-12 00:00:00-04:00,46.07203855789948,47.234875058287535,45.97396865357867,46.70249176025391,2406900,0.0,0.0,BG
2009-08-13 00:00:00-04:00,46.29617880421837,46.933638247219655,45.67273239535261,46.254150390625,8542200,0.0,0.0,BG
2009-08-14 00:00:00-04:00,46.443306248417095,46.95466995239258,46.10005626146522,46.95466995239258,2608700,0.0,0.0,BG
2009-08-17 00:00:00-04:00,46.448725126824094,46.448725126824094,43.77142507511112,44.21412658691406,2354100,0.21,0.0,BG
2009-08-18 00:00:00-04:00,44.41087366866893,45.42979455355821,44.41087366866893,45.1838493347168,1874100,0.0,0.0,BG
2009-08-19 00:00:00-04:00,44.76924099698015,45.82329628595341,43.94005062187309,45.76005554199219,1676300,0.0,0.0,BG
2009-08-20 00:00:00-04:00,45.87249545362062,46.37844296190673,45.67573928066572,46.12546920776367,1135100,0.0,0.0,BG
2009-08-21 00:00:00-04:00,46.35035701759116,46.72981783584351,46.1114402215839,46.58927917480469,1214100,0.0,0.0,BG
2009-08-24 00:00:00-04:00,46.434666656165646,47.98764135281119,46.294122684692816,47.21466827392578,1503300,0.0,0.0,BG
2009-08-25 00:00:00-04:00,47.277909231584935,48.20547800224346,46.54709666058059,46.95466613769531,1605800,0.0,0.0,BG
2009-08-26 00:00:00-04:00,46.46980398354735,47.81197091946829,46.46980398354735,47.22872543334961,1554100,0.0,0.0,BG
2009-08-27 00:00:00-04:00,47.24980291984068,48.62710175099221,46.14655814706496,48.19845199584961,2432200,0.0,0.0,BG
2009-08-28 00:00:00-04:00,48.52168434274552,49.1189813134959,47.650328043492685,48.31087112426758,2089400,0.0,0.0,BG
2009-08-31 00:00:00-04:00,47.74170298967512,47.95251093548116,46.66656691856954,47.08818817138672,2045600,0.0,0.0,BG
2009-09-01 00:00:00-04:00,46.72277293991039,48.02277386369806,45.675745806408415,45.795204162597656,1533700,0.0,0.0,BG
2009-09-02 00:00:00-04:00,45.50008212480813,46.32224448423494,45.17683894147465,45.69683837890625,1434700,0.0,0.0,BG
2009-09-03 00:00:00-04:00,45.87250489796547,46.34331517463966,45.500072728023056,46.11845016479492,890100,0.0,0.0,BG
2009-09-04 00:00:00-04:00,46.42060797202792,46.638449779971296,45.61952612656944,46.511962890625,1422600,0.0,0.0,BG
2009-09-08 00:00:00-04:00,46.73683610432603,48.07197453555153,46.73683610432603,47.53791809082031,1484800,0.0,0.0,BG
2009-09-09 00:00:00-04:00,47.51683960456072,47.74872781683254,46.70170050792795,47.10224151611328,1038200,0.0,0.0,BG
2009-09-10 00:00:00-04:00,46.95468467014183,47.21468710013573,45.7811701867436,46.8071174621582,1912200,0.0,0.0,BG
2009-09-11 00:00:00-04:00,47.0389961493367,47.43250857899917,45.85845349914453,46.111427307128906,1210900,0.0,0.0,BG
2009-09-14 00:00:00-04:00,45.67573779833592,45.67573779833592,44.354654169907874,44.95195388793945,1734600,0.0,0.0,BG
2009-09-15 00:00:00-04:00,45.31034290564562,45.80223341598239,44.20006962665179,45.2681770324707,2170300,0.0,0.0,BG
2009-09-16 00:00:00-04:00,45.67573606736001,45.914652728796334,44.78330213329478,45.14870834350586,2062000,0.0,0.0,BG
2009-09-17 00:00:00-04:00,45.31032944602218,45.577354877854766,44.11573013674372,44.48113632202149,2171900,0.0,0.0,BG
2009-09-18 00:00:00-04:00,44.44600740051269,44.77627898523398,43.83465595442592,43.91897964477539,1448500,0.0,0.0,BG
2009-09-21 00:00:00-04:00,43.58168892978152,44.35466201860029,42.5206047166442,44.13682556152344,2099300,0.0,0.0,BG
2009-09-22 00:00:00-04:00,44.44601143422874,44.9308760484945,44.15087715091967,44.5724983215332,898500,0.0,0.0,BG
2009-09-23 00:00:00-04:00,44.74818856052639,44.74818856052639,43.75034753954896,43.81359100341797,906100,0.0,0.0,BG
2009-09-24 00:00:00-04:00,43.91900248425575,44.087652633260696,42.02170104081527,42.75251388549805,1758900,0.0,0.0,BG
2009-09-25 00:00:00-04:00,42.45735741616157,43.18114406955574,42.19735779069479,42.91411590576172,1461100,0.0,0.0,BG
2009-09-28 00:00:00-04:00,42.82275539111903,42.92113614446288,41.63518730064048,42.87194442749024,2643700,0.0,0.0,BG
2009-09-29 00:00:00-04:00,42.78762151611726,43.60275757995932,42.10599817045053,43.48329925537109,1650000,0.0,0.0,BG
2009-09-30 00:00:00-04:00,43.46926041419083,44.23520771481891,43.44115161695986,43.99628829956055,1591600,0.0,0.0,BG
2009-10-01 00:00:00-04:00,44.05248013327103,44.42491479994786,42.75950562469352,42.8368034362793,1474200,0.0,0.0,BG
2009-10-02 00:00:00-04:00,42.583847425103365,43.48331007425937,42.21141528448694,43.21628189086914,5058100,0.0,0.0,BG
2009-10-05 00:00:00-04:00,43.21629993134167,43.49035408737561,42.3098110455346,43.11089324951172,1163300,0.0,0.0,BG
2009-10-06 00:00:00-04:00,43.46222224517054,44.36871065051111,43.0897901464841,43.23033142089844,1458000,0.0,0.0,BG
2009-10-07 00:00:00-04:00,42.99843205872096,43.86275715981716,42.99843205872096,43.48329925537109,907400,0.0,0.0,BG
2009-10-08 00:00:00-04:00,43.62385096179416,45.09249925537761,43.60979656483997,45.05033874511719,1589200,0.0,0.0,BG
2009-10-09 00:00:00-04:00,45.11358209870336,45.436830566592434,44.35466338385269,44.980072021484375,1016800,0.0,0.0,BG
2009-10-12 00:00:00-04:00,44.98708965626641,45.85141758812164,44.98006647915496,45.17682266235352,805800,0.0,0.0,BG
2009-10-13 00:00:00-04:00,45.31035409885993,45.81629645110384,44.84656690779577,45.52819061279297,1190100,0.0,0.0,BG
2009-10-14 00:00:00-04:00,46.05520226281061,46.38547386764549,45.61250085106398,45.85141754150391,1371400,0.0,0.0,BG
2009-10-15 00:00:00-04:00,45.816280865889055,46.497904339020025,45.70385105737065,46.462772369384766,1385300,0.0,0.0,BG
2009-10-16 00:00:00-04:00,46.07628723214951,47.10223412078656,46.07628723214951,46.61736679077149,1309400,0.0,0.0,BG
2009-10-19 00:00:00-04:00,47.08114692146535,48.43033671073488,46.80006437506661,48.14223098754883,1510100,0.0,0.0,BG
2009-10-20 00:00:00-04:00,48.19845715068984,48.19845715068984,46.77196911447686,47.40440368652344,1121500,0.0,0.0,BG
2009-10-21 00:00:00-04:00,47.242776862315054,47.98061260481536,46.73682928962668,47.01088333129883,1223600,0.0,0.0,BG
2009-10-22 00:00:00-04:00,44.61466794221784,45.52818239730193,43.181151466521456,45.380615234375,4837900,0.0,0.0,BG
2009-10-23 00:00:00-04:00,45.59140816432572,45.816273104473694,44.108705802912986,44.64978790283203,1884900,0.0,0.0,BG
2009-10-26 00:00:00-04:00,44.36169568473729,45.09250566603689,43.9189914998501,43.982234954833984,1742900,0.0,0.0,BG
2009-10-27 00:00:00-04:00,44.05249905921732,44.424933885900536,42.86493063452354,43.13898468017578,2032900,0.0,0.0,BG
2009-10-28 00:00:00-04:00,43.10383907816065,43.2865408353188,41.122215133853615,41.71248626708984,2859400,0.0,0.0,BG
2009-10-29 00:00:00-04:00,42.07086522740708,42.668164916297165,41.84600028212659,42.45735168457031,1767400,0.0,0.0,BG
2009-10-30 00:00:00-04:00,42.29573202476666,42.29573202476666,39.449782758451015,40.09627151489258,3106500,0.0,0.0,BG
2009-11-02 00:00:00-05:00,40.2508774540344,40.81304270343025,39.67466048594597,40.14547348022461,1289200,0.0,0.0,BG
2009-11-03 00:00:00-05:00,39.5270724461766,41.11518119966069,39.35139656863803,41.09410095214844,2011300,0.0,0.0,BG
2009-11-04 00:00:00-05:00,41.34006951297288,41.81087981410639,40.770878419394194,40.9184455871582,1482600,0.0,0.0,BG
2009-11-05 00:00:00-05:00,41.27681599001759,41.52978706707947,40.721679430766834,41.41735458374024,1041900,0.0,0.0,BG
2009-11-06 00:00:00-05:00,41.220594970847976,41.58600118138136,39.934648717422405,40.13140487670898,3018300,0.0,0.0,BG
2009-11-09 00:00:00-05:00,40.42654146508972,41.283840804264464,40.42654146508972,40.756813049316406,1634500,0.0,0.0,BG
2009-11-10 00:00:00-05:00,40.6092643220642,41.410346443673696,40.55304671604101,41.14331817626953,2702400,0.0,0.0,BG
2009-11-11 00:00:00-05:00,41.37518941545321,41.81086490422289,40.71464630474268,40.960594177246094,1233900,0.0,0.0,BG
2009-11-12 00:00:00-05:00,41.108154210926806,41.55085816068971,40.0540989747492,40.17355728149414,1477300,0.0,0.0,BG
2009-11-13 00:00:00-05:00,40.11032447802507,41.080053557172775,39.8854568503224,40.94654083251953,1328200,0.0,0.0,BG
2009-11-16 00:00:00-05:00,41.242763693767486,42.26537038476965,40.91129739019405,41.59538650512695,2476300,0.21,0.0,BG
2009-11-17 00:00:00-05:00,41.59536686752867,41.9338842837804,41.22158772484813,41.53189468383789,2275100,0.0,0.0,BG
2009-11-18 00:00:00-05:00,41.80693945566626,44.3035083995938,41.67999508968369,44.14835357666016,5259700,0.0,0.0,BG
2009-11-19 00:00:00-05:00,43.640591208984254,44.7196159362793,43.3584919398741,44.7196159362793,2745400,0.0,0.0,BG
2009-11-20 00:00:00-05:00,44.6279344335012,44.85361277855243,43.273864363193816,44.64909362792969,2814100,0.0,0.0,BG
2009-11-23 00:00:00-05:00,45.18507949745181,45.45307085356682,44.57856792992122,44.9100341796875,1327500,0.0,0.0,BG
2009-11-24 00:00:00-05:00,44.87477197186744,45.09339635533773,43.67585408237622,44.20478820800781,1948600,0.0,0.0,BG
2009-11-25 00:00:00-05:00,44.43045958869428,45.058127555610746,44.2894099725754,44.44456481933594,970400,0.0,0.0,BG
2009-11-27 00:00:00-05:00,43.45722630562699,44.14836656243634,43.175129724032296,43.59122467041016,514600,0.0,0.0,BG
2009-11-30 00:00:00-05:00,43.57711617503867,44.14836325691834,43.09049510197336,43.654693603515625,966200,0.0,0.0,BG
2009-12-01 00:00:00-05:00,44.12720654502519,45.83389920221671,44.09194481142082,45.47422790527344,2156300,0.0,0.0,BG
2009-12-02 00:00:00-05:00,45.4319077319829,46.57440722593281,45.13570595300919,45.749271392822266,1337900,0.0,0.0,BG
2009-12-03 00:00:00-05:00,45.97493802104951,46.76480923086968,45.706941391494176,45.770416259765625,1451600,0.0,0.0,BG
2009-12-04 00:00:00-05:00,46.13714941451033,47.02576006032143,45.530637984260935,46.123046875,1286800,0.0,0.0,BG
2009-12-07 00:00:00-05:00,46.193563466408506,46.71544344022598,45.86915129994931,45.89736175537109,1044300,0.0,0.0,BG
2009-12-08 00:00:00-05:00,45.69285373452963,46.158312937524975,44.091946226762445,44.59972381591797,2450700,0.0,0.0,BG
2009-12-09 00:00:00-05:00,44.50098639308706,44.888873539114,43.38669999170367,44.75487518310547,2276800,0.0,0.0,BG
2009-12-10 00:00:00-05:00,44.9100265971054,44.91707786726606,43.58416451219615,44.00025939941406,1903700,0.0,0.0,BG
2009-12-11 00:00:00-05:00,44.31762788816853,45.02287339708891,43.72522155306349,43.89448165893555,1590500,0.0,0.0,BG
2009-12-14 00:00:00-05:00,44.02140424181436,44.33171385265581,43.02700861405694,43.42900085449219,1999600,0.0,0.0,BG
2009-12-15 00:00:00-05:00,43.58416813533149,44.85360940329301,43.58416813533149,44.46572494506836,1365200,0.0,0.0,BG
2009-12-16 00:00:00-05:00,44.57856846958967,45.3261269955789,44.57856846958967,44.97350692749024,1240500,0.0,0.0,BG
2009-12-17 00:00:00-05:00,44.649090522384064,44.91708185705609,44.1201564335291,44.247100830078125,1923400,0.0,0.0,BG
2009-12-18 00:00:00-05:00,44.36697558303579,44.36697558303579,43.52068080195022,43.62646865844727,1479300,0.0,0.0,BG
2009-12-21 00:00:00-05:00,44.18361455667184,44.81128237838221,43.57710323088073,43.64057540893555,948100,0.0,0.0,BG
2009-12-22 00:00:00-05:00,43.6476450170733,44.42341670706854,43.47838759800762,43.5982780456543,762800,0.0,0.0,BG
2009-12-23 00:00:00-05:00,43.80984097587208,44.08488623561073,43.47837748633199,43.70405578613281,514800,0.0,0.0,BG
2009-12-24 00:00:00-05:00,43.104599728022414,44.43046188354492,43.09754845748622,44.43046188354492,320100,0.0,0.0,BG
2009-12-28 00:00:00-05:00,44.51509526097559,44.754878838879776,44.29647087749988,44.64909362792969,571500,0.0,0.0,BG
2009-12-29 00:00:00-05:00,44.56445173864578,45.63642497040492,44.56445173864578,44.79718399047852,680900,0.0,0.0,BG
2009-12-30 00:00:00-05:00,44.73370852353167,45.34021989746252,44.67728760953938,45.12864685058594,852500,0.0,0.0,BG
2009-12-31 00:00:00-05:00,45.19211559814823,45.6646286105753,45.01580429077149,45.01580429077149,541400,0.0,0.0,BG
2010-01-04 00:00:00-05:00,45.31202834794995,45.989063456582336,45.21329439756168,45.5941276550293,820700,0.0,0.0,BG
2010-01-05 00:00:00-05:00,45.79864040754522,47.357232177881095,45.79864040754522,47.16681289672852,1852700,0.0,0.0,BG
2010-01-06 00:00:00-05:00,47.87910221357672,48.91581364873486,47.42774565931114,48.69718933105469,3211500,0.0,0.0,BG
2010-01-07 00:00:00-05:00,48.58435478030619,50.24873434121367,48.168262580377,50.02305603027344,3962900,0.0,0.0,BG
2010-01-08 00:00:00-05:00,49.82558659923341,50.34041270757036,49.82558659923341,50.27694320678711,1828300,0.0,0.0,BG
2010-01-11 00:00:00-05:00,50.5520040190655,51.30661658383758,49.3812937590021,49.56465911865234,1934400,0.0,0.0,BG
2010-01-12 00:00:00-05:00,48.98634410154441,49.07802406515114,47.75216467010721,48.38688659667969,1513800,0.0,0.0,BG
2010-01-13 00:00:00-05:00,48.2740448565027,48.534987588158856,47.21617677011685,48.04836654663086,1388400,0.0,0.0,BG
2010-01-14 00:00:00-05:00,47.73806261090472,48.6266679364666,46.666086595090654,48.00605392456055,1036600,0.0,0.0,BG
2010-01-15 00:00:00-05:00,50.072431736578025,52.21637875519602,48.81004161473077,49.26139831542969,3176000,0.0,0.0,BG
2010-01-19 00:00:00-05:00,49.38833194777903,49.50117378863101,47.87910730025201,48.66193008422852,1797400,0.0,0.0,BG
2010-01-20 00:00:00-05:00,47.98490591055062,48.4080521471728,47.293762932277225,47.7803840637207,1362000,0.0,0.0,BG
2010-01-21 00:00:00-05:00,47.76628211799265,47.93553953863852,45.00876951279681,45.19213485717773,2629700,0.0,0.0,BG
2010-01-22 00:00:00-05:00,45.23443308914143,45.75631310431637,44.29645823956075,44.3458251953125,1294900,0.0,0.0,BG
2010-01-25 00:00:00-05:00,44.62793117260438,45.05108005638014,44.11310231743041,44.197731018066406,1864900,0.0,0.0,BG
2010-01-26 00:00:00-05:00,44.16951510824977,44.42340385368678,43.725209803735,43.73931503295898,1152700,0.0,0.0,BG
2010-01-27 00:00:00-05:00,44.65612541108543,44.783069761064965,42.900066386863486,43.36552810668945,2353900,0.0,0.0,BG
2010-01-28 00:00:00-05:00,43.71817037416058,43.78164257770957,42.06084181051391,42.36409759521485,2081600,0.0,0.0,BG
2010-01-29 00:00:00-05:00,42.65323990394119,43.15396347389496,41.28506484665554,41.46137619018555,2487800,0.0,0.0,BG
2010-02-01 00:00:00-05:00,41.77874762059803,42.84366721876532,41.52485879181688,42.08200073242188,1432100,0.0,0.0,BG
2010-02-02 00:00:00-05:00,42.32883919956621,43.32323534014138,42.279472225163765,43.29502487182617,1179400,0.0,0.0,BG
2010-02-03 00:00:00-05:00,43.37963975048027,43.40079894011709,42.20893259178116,42.66734313964844,1577800,0.0,0.0,BG
2010-02-04 00:00:00-05:00,40.55162217152899,41.80695848394342,40.55162217152899,41.29212951660156,2898900,0.0,0.0,BG
2010-02-05 00:00:00-05:00,41.16518008349552,41.64474725038992,40.431726790273046,41.43317413330078,2077300,0.0,0.0,BG
2010-02-08 00:00:00-05:00,41.30622225442856,41.57421625576497,40.10730455402639,40.12846374511719,1635200,0.0,0.0,BG
2010-02-09 00:00:00-05:00,40.39644129376418,41.09463517534937,40.3752848001787,40.80548477172852,1023100,0.0,0.0,BG
2010-02-10 00:00:00-05:00,40.84076057690745,41.05938761711554,40.304775262274845,40.94654846191406,996200,0.0,0.0,BG
2010-02-11 00:00:00-05:00,40.82622388438456,41.6755910749184,40.60680319431029,41.59065246582031,1161900,0.21,0.0,BG
2010-02-12 00:00:00-05:00,41.25797589631353,41.55525285734761,40.57848338532431,41.51986312866211,1235800,0.0,0.0,BG
2010-02-16 00:00:00-05:00,41.95870557151447,42.5603418148691,41.51986695523077,42.255985260009766,1281700,0.0,0.0,BG
2010-02-17 00:00:00-05:00,42.4895728454404,43.36017348199636,42.44710623394187,43.34601974487305,1537100,0.0,0.0,BG
2010-02-18 00:00:00-05:00,43.06287703169499,43.466325859846826,42.708974361381934,43.32476425170898,749900,0.0,0.0,BG
2010-02-19 00:00:00-05:00,43.40263427073645,43.65036512271288,42.95671603711508,43.39555740356445,1101500,0.0,0.0,BG
2010-02-22 00:00:00-05:00,43.65744595426254,43.791928034935225,43.13366866626183,43.5300407409668,1030700,0.0,0.0,BG
2010-02-23 00:00:00-05:00,43.47340782583489,43.65743874802483,42.46124855404388,42.560340881347656,1180400,0.0,0.0,BG
2010-02-24 00:00:00-05:00,42.52495914727808,42.58158218778711,41.49864054993658,42.50372314453125,1922700,0.0,0.0,BG
2010-02-25 00:00:00-05:00,42.199355741201046,42.80806879628409,41.81714289038935,42.75144577026367,1607900,0.0,0.0,BG
2010-02-26 00:00:00-05:00,42.482491535768446,42.93548667815885,42.17105805039105,42.17813491821289,952700,0.0,0.0,BG
2010-03-01 00:00:00-05:00,42.255997208198174,42.744382127314886,42.255997208198174,42.6523666381836,519600,0.0,0.0,BG
2010-03-02 00:00:00-05:00,42.8080797278588,43.74946241391895,42.75145668737898,43.466339111328125,945200,0.0,0.0,BG
2010-03-03 00:00:00-05:00,43.558345101611394,43.94056066683397,43.26106542863939,43.5795783996582,686100,0.0,0.0,BG
2010-03-04 00:00:00-05:00,43.47339487090396,43.99009505226452,42.708966645169525,43.09825897216797,685200,0.0,0.0,BG
2010-03-05 00:00:00-05:00,43.53004358956317,44.910265023879205,43.416794803674186,44.782859802246094,1378500,0.0,0.0,BG
2010-03-08 00:00:00-05:00,44.94564393775616,45.193374753450726,43.94056154258007,44.02549743652344,1132000,0.0,0.0,BG
2010-03-09 00:00:00-05:00,43.954716640017416,44.457260553277095,43.954716640017416,44.14582443237305,493800,0.0,0.0,BG
2010-03-10 00:00:00-05:00,44.05382125988636,44.30862900510164,43.23276688068847,43.777774810791016,657600,0.0,0.0,BG
2010-03-11 00:00:00-05:00,43.48050057234194,43.53004675101275,42.829317981138914,43.13367462158203,867200,0.0,0.0,BG
2010-03-12 00:00:00-05:00,44.23076931845212,44.30154879232388,42.88593771437784,43.06288909912109,1092800,0.0,0.0,BG
2010-03-15 00:00:00-04:00,42.79392233105133,42.98503015099595,42.38339652159036,42.80807876586914,585900,0.0,0.0,BG
2010-03-16 00:00:00-04:00,42.94255816630369,42.94255816630369,42.18520650123581,42.47540664672852,852600,0.0,0.0,BG
2010-03-17 00:00:00-04:00,42.48248325156759,43.74945564967167,42.48248325156759,43.65744018554688,1544300,0.0,0.0,BG
2010-03-18 00:00:00-04:00,43.62913562800389,44.22369242468931,43.50173040728101,43.87686920166016,1792000,0.0,0.0,BG
2010-03-19 00:00:00-04:00,43.89102554321289,43.933494852663415,43.23984566535656,43.89102554321289,1488700,0.0,0.0,BG
2010-03-22 00:00:00-04:00,43.78484387752252,44.74038011808302,43.317692406571965,44.70499038696289,1096900,0.0,0.0,BG
2010-03-23 00:00:00-04:00,44.78992373878182,46.72930897471855,44.68375455144904,46.24800109863281,2440900,0.0,0.0,BG
2010-03-24 00:00:00-04:00,46.05691100784438,46.05691100784438,45.26416947754434,45.56852340698242,967900,0.0,0.0,BG
2010-03-25 00:00:00-04:00,45.787931099421286,45.88702341918105,45.07304616390321,45.129669189453125,880000,0.0,0.0,BG
2010-03-26 00:00:00-04:00,45.186317443847656,45.3420328667932,44.832414582508015,45.186317443847656,805400,0.0,0.0,BG
2010-03-29 00:00:00-04:00,45.2924772100163,45.34202068121943,44.71915375670233,44.96688461303711,1181500,0.0,0.0,BG
2010-03-30 00:00:00-04:00,45.2146140319604,45.26416019869351,44.294467463978044,44.76869583129883,1070200,0.0,0.0,BG
2010-03-31 00:00:00-04:00,44.46434265242065,44.59882472950626,43.35308819947592,43.62205505371094,1810200,0.0,0.0,BG
2010-04-01 00:00:00-04:00,43.82732098625488,44.40772405609344,43.685762027823294,43.777774810791016,1043500,0.0,0.0,BG
2010-04-05 00:00:00-04:00,44.08919798005344,44.27322619170982,43.11242579494257,43.17612838745117,1193600,0.0,0.0,BG
2010-04-06 00:00:00-04:00,43.05581599251639,43.45218540092173,42.53911552787813,42.595741271972656,1462100,0.0,0.0,BG
2010-04-07 00:00:00-04:00,42.51080182874097,42.56742486807335,42.18520922734028,42.31261444091797,2211100,0.0,0.0,BG
2010-04-08 00:00:00-04:00,42.199357418926006,42.199357418926006,41.72512909440605,41.916236877441406,1620500,0.0,0.0,BG
2010-04-09 00:00:00-04:00,42.298455287444455,42.808076109000645,41.944552539155694,42.71606063842773,1716000,0.0,0.0,BG
2010-04-12 00:00:00-04:00,42.92132639927501,43.66452165696756,42.72314171724068,43.62205505371094,1568900,0.0,0.0,BG
2010-04-13 00:00:00-04:00,43.38848743610116,43.54420554897568,42.31970205245033,42.33385848999024,1339900,0.0,0.0,BG
2010-04-14 00:00:00-04:00,42.43294016580897,42.94963785559335,42.29137852612719,42.94255828857422,1092300,0.0,0.0,BG
2010-04-15 00:00:00-04:00,42.84345792155723,43.23982989836973,42.56033739531676,42.758522033691406,1206000,0.0,0.0,BG
2010-04-16 00:00:00-04:00,42.44710880983666,43.013352831382086,42.29139069138749,42.425872802734375,1100000,0.0,0.0,BG
2010-04-19 00:00:00-04:00,42.41877617712962,42.41877617712962,41.5835656218266,42.28429412841797,805300,0.0,0.0,BG
2010-04-20 00:00:00-04:00,42.348000027785694,42.64527701133635,42.128579373214905,42.27721786499024,1150300,0.0,0.0,BG
2010-04-21 00:00:00-04:00,42.468340165552384,42.468340165552384,41.24383668145335,41.37831878662109,1900900,0.0,0.0,BG
2010-04-22 00:00:00-04:00,41.11642395651912,41.37123438311474,40.90408283437739,41.36415481567383,890900,0.0,0.0,BG
2010-04-23 00:00:00-04:00,41.16597468875422,41.60481341647059,40.911164233930464,41.56942367553711,1045800,0.0,0.0,BG
2010-04-26 00:00:00-04:00,41.64020591166341,42.255996044912834,40.99610020554052,41.08811569213867,1319000,0.0,0.0,BG
2010-04-27 00:00:00-04:00,41.05273126355934,41.05273126355934,39.77868152297902,39.870697021484375,1446300,0.0,0.0,BG
2010-04-28 00:00:00-04:00,39.92022779345584,40.8332947566616,39.92022779345584,40.543094635009766,1547800,0.0,0.0,BG
2010-04-29 00:00:00-04:00,40.14673437654241,40.875773278352256,37.78974043952615,37.86759948730469,3774100,0.0,0.0,BG
2010-04-30 00:00:00-04:00,37.91712522125331,38.73817916416026,37.13854056334697,37.47828674316406,3507200,0.0,0.0,BG
2010-05-03 00:00:00-04:00,37.83221187424557,38.115332509280805,37.47830905540336,37.95253753662109,1360200,0.0,0.0,BG
2010-05-04 00:00:00-04:00,37.53492808068057,37.8605206911784,36.77757634551031,37.03238677978516,1550800,0.0,0.0,BG
2010-05-05 00:00:00-04:00,36.6926412570117,36.862515783692686,35.737104807115195,36.2750358581543,1610800,0.0,0.0,BG
2010-05-06 00:00:00-04:00,36.14055505306165,36.81296821570889,34.0525279846692,35.9282112121582,3016400,0.0,0.0,BG
2010-05-07 00:00:00-04:00,35.84326381069355,36.48736659488811,35.4468945281512,36.43782043457031,2582000,0.0,0.0,BG
2010-05-10 00:00:00-04:00,38.13656202189166,38.13656202189166,36.40243796477811,36.735107421875,1966200,0.0,0.0,BG
2010-05-11 00:00:00-04:00,36.74926877685857,36.79881765739507,35.998996501100386,36.26796340942383,1122200,0.0,0.0,BG
2010-05-12 00:00:00-04:00,36.381209748913,38.879762709818,36.24672495380796,38.75235748291016,2520000,0.0,0.0,BG
2010-05-13 00:00:00-04:00,38.92930487631583,38.92930487631583,36.49445477971107,36.61478042602539,2575100,0.0,0.0,BG
2010-05-14 00:00:00-04:00,36.451989255983634,36.8554382414525,35.43275014007243,35.906978607177734,1437100,0.0,0.0,BG
2010-05-17 00:00:00-04:00,36.198374781931896,36.87358553107672,35.16068395679268,35.88564682006836,1359100,0.21,0.0,BG
2010-05-18 00:00:00-04:00,36.333418038743446,37.40664847695532,36.21259224321984,36.26234436035156,1476600,0.0,0.0,BG
2010-05-19 00:00:00-04:00,35.96383206011765,36.02069317678397,34.96878692004248,35.544490814208984,1582600,0.0,0.0,BG
2010-05-20 00:00:00-04:00,34.94035688753828,34.94035688753828,34.009276422769666,34.16564178466797,1594300,0.0,0.0,BG
2010-05-21 00:00:00-04:00,33.61836614854609,34.50680078625231,33.51886190292897,34.00217056274414,1853300,0.0,0.0,BG
2010-05-24 00:00:00-04:00,34.13010067388708,34.46415291933752,33.682328918900495,33.77472686767578,1602200,0.0,0.0,BG
2010-05-25 00:00:00-04:00,33.04266278468713,33.81737791002345,32.23951709976533,33.540184020996094,2392500,0.0,0.0,BG
2010-05-26 00:00:00-04:00,33.93110070868454,34.56366580837221,33.497544122708675,34.08746337890625,1984800,0.0,0.0,BG
2010-05-27 00:00:00-04:00,34.86927931009642,35.30994207655979,34.54944233795082,35.10382461547852,1341000,0.0,0.0,BG
2010-05-28 00:00:00-04:00,34.94746958237198,35.11094396959204,34.542343535216425,34.656063079833984,998200,0.0,0.0,BG
2010-06-01 00:00:00-04:00,34.33621392619193,34.926132962371454,34.21538543701172,34.21538543701172,1015400,0.0,0.0,BG
2010-06-02 00:00:00-04:00,34.584982862398945,34.98300254918321,34.115889490358015,34.933250427246094,907200,0.0,0.0,BG
2010-06-03 00:00:00-04:00,34.883488200469635,35.20332240276425,34.350427581596584,34.890594482421875,660500,0.0,0.0,BG
2010-06-04 00:00:00-04:00,34.46415173835022,35.48762728910387,34.37175379274114,34.54233169555664,1600200,0.0,0.0,BG
2010-06-07 00:00:00-04:00,34.833736213407946,34.84795148975455,33.703647501076965,33.724971771240234,1092700,0.0,0.0,BG
2010-06-08 00:00:00-04:00,33.58282100626701,34.044807988222395,33.45488623314973,33.9453010559082,1089200,0.0,0.0,BG
2010-06-09 00:00:00-04:00,35.02564274051935,36.88780350460432,35.02564274051935,35.71506881713867,3148700,0.0,0.0,BG
2010-06-10 00:00:00-04:00,36.42582289514862,37.30004231927768,36.13441642043893,36.20549011230469,1531300,0.0,0.0,BG
2010-06-11 00:00:00-04:00,35.86432882695358,37.25028740491145,35.81457670411348,37.122352600097656,1215200,0.0,0.0,BG
2010-06-14 00:00:00-04:00,37.18633405672227,37.584353901158224,36.93046435039118,37.1436882019043,1041800,0.0,0.0,BG
2010-06-15 00:00:00-04:00,37.349795571045085,38.70021744747783,37.15078705879557,38.64335632324219,1490500,0.0,0.0,BG
2010-06-16 00:00:00-04:00,38.26665107475082,38.515411651421125,37.662516696387534,37.90417098999024,1076500,0.0,0.0,BG
2010-06-17 00:00:00-04:00,37.81888358842227,38.181366425329045,37.69805778364484,38.10318374633789,716500,0.0,0.0,BG
2010-06-18 00:00:00-04:00,38.08895906011766,38.25243066159446,37.7264790240233,37.8401985168457,834600,0.0,0.0,BG
2010-06-21 00:00:00-04:00,38.53674830317414,38.53674830317414,37.96814786877226,38.4088134765625,1399200,0.0,0.0,BG
2010-06-22 00:00:00-04:00,37.95393097838818,38.45856123076251,37.48483757129743,37.49905014038086,1141100,0.0,0.0,BG
2010-06-23 00:00:00-04:00,37.46350639244351,37.76202180265659,37.101026299277976,37.47061538696289,957900,0.0,0.0,BG
2010-06-24 00:00:00-04:00,37.5559070839916,37.60565920411148,36.31209865842016,36.44713973999024,1370400,0.0,0.0,BG
2010-06-25 00:00:00-04:00,36.51820931928535,37.49193268872319,36.46134821473792,37.16498947143555,1248100,0.0,0.0,BG
2010-06-28 00:00:00-04:00,36.97310009730962,37.32136499360327,36.71723046092952,36.93045425415039,672300,0.0,0.0,BG
2010-06-29 00:00:00-04:00,36.26945028170957,36.34052667067916,35.01142666546156,35.10382461547852,1360700,0.0,0.0,BG
2010-06-30 00:00:00-04:00,34.890611481368,35.62268088701122,34.840859349603186,34.96168518066406,1273900,0.0,0.0,BG
2010-07-01 00:00:00-04:00,34.89059326207715,35.43786913699949,34.64183273315172,35.4023323059082,1005600,0.0,0.0,BG
2010-07-02 00:00:00-04:00,35.651104477093675,35.89275880323028,35.1535805454845,35.38101959228516,833200,0.0,0.0,BG
2010-07-06 00:00:00-04:00,35.56581325550164,36.20548451730477,35.231760990522595,35.58002853393555,816300,0.0,0.0,BG
2010-07-07 00:00:00-04:00,35.60845837580997,37.10103015960195,35.60845837580997,37.08681488037109,1017900,0.0,0.0,BG
2010-07-08 00:00:00-04:00,37.67674834066883,37.88286590073012,37.07261365639354,37.79757690429688,1034900,0.0,0.0,BG
2010-07-09 00:00:00-04:00,37.818896195249,38.43724883814856,37.669639782668334,38.33774185180664,1021100,0.0,0.0,BG
2010-07-12 00:00:00-04:00,38.36616085905558,38.60781518763859,37.95392859928887,38.08186340332031,925800,0.0,0.0,BG
2010-07-13 00:00:00-04:00,38.33061859446892,39.020044639648674,38.28086647897006,38.3519401550293,1654600,0.0,0.0,BG
2010-07-14 00:00:00-04:00,38.34482531210352,38.4656510766893,38.01788213715646,38.42300796508789,835800,0.0,0.0,BG
2010-07-15 00:00:00-04:00,38.38037109375,38.52252115857684,37.74780615212189,38.38037109375,1512500,0.0,0.0,BG
2010-07-16 00:00:00-04:00,38.3590372316282,38.53672407785766,36.852250823476346,36.94464874267578,1735200,0.0,0.0,BG
2010-07-19 00:00:00-04:00,37.20052285972009,37.378209728039096,36.78828802380248,37.00151443481445,785300,0.0,0.0,BG
2010-07-20 00:00:00-04:00,36.75276498196117,38.05343464748253,36.75276498196117,37.961036682128906,637800,0.0,0.0,BG
2010-07-21 00:00:00-04:00,37.98235572574158,38.4372365265978,37.91128204097916,38.11029052734375,1429800,0.0,0.0,BG
2010-07-22 00:00:00-04:00,38.62201681831012,39.09111003022132,38.14581461352759,38.344825744628906,2350400,0.0,0.0,BG
2010-07-23 00:00:00-04:00,38.3235173730066,39.26881318178708,38.3235173730066,39.147987365722656,1595700,0.0,0.0,BG
2010-07-26 00:00:00-04:00,39.16930229295512,40.05062783515597,39.07690434196586,39.16219329833984,1705100,0.0,0.0,BG
2010-07-27 00:00:00-04:00,39.34700080960462,39.76634214315949,39.11956171797702,39.68105316162109,1432600,0.0,0.0,BG
2010-07-28 00:00:00-04:00,39.60285123592045,39.695246458020286,38.23110835550647,38.35904312133789,1975100,0.0,0.0,BG
2010-07-29 00:00:00-04:00,34.698707587181254,34.71292286862103,32.573573170758166,32.900516510009766,8176000,0.0,0.0,BG
2010-07-30 00:00:00-04:00,32.815219468513234,35.71507133829411,32.815219468513234,35.28862380981445,4411000,0.0,0.0,BG
2010-08-02 00:00:00-04:00,35.7435091647857,37.484841897528206,35.7435091647857,37.05839157104492,3854900,0.0,0.0,BG
2010-08-03 00:00:00-04:00,36.75985721544689,37.15076775190792,36.56795508781266,36.65324401855469,2033900,0.0,0.0,BG
2010-08-04 00:00:00-04:00,36.59639363727872,37.0939147681331,36.49688669982102,36.68168258666992,1537900,0.0,0.0,BG
2010-08-05 00:00:00-04:00,36.46135680518352,39.04137173922138,36.29077887392576,38.72153472900391,3969700,0.0,0.0,BG
2010-08-06 00:00:00-04:00,39.44649167445403,39.70236124344559,38.56516346029278,39.56021118164063,3690200,0.0,0.0,BG
2010-08-09 00:00:00-04:00,39.673943529047726,39.8018783549488,38.82104559346983,39.06980895996094,1626200,0.0,0.0,BG
2010-08-10 00:00:00-04:00,38.60071355000631,39.98666957503232,38.60071355000631,39.03426742553711,1601500,0.0,0.0,BG
2010-08-11 00:00:00-04:00,38.24532834964595,38.35193886013526,37.66251554951976,37.818878173828125,1553500,0.0,0.0,BG
2010-08-12 00:00:00-04:00,37.0797073569493,38.94897462505181,36.83094673875334,38.671783447265625,1405700,0.0,0.0,BG
2010-08-13 00:00:00-04:00,38.43723141861882,38.98450468339352,38.30929663401808,38.515411376953125,627900,0.0,0.0,BG
2010-08-16 00:00:00-04:00,38.50119688651628,38.55805799696181,38.110286241707705,38.38037109375,1306600,0.0,0.0,BG
2010-08-17 00:00:00-04:00,39.26546656655659,39.68660148698131,38.58737031955247,39.12271118164063,1462400,0.23,0.0,BG
2010-08-18 00:00:00-04:00,39.25834264773854,39.30830759327756,38.723001611633016,39.087032318115234,954700,0.0,0.0,BG
2010-08-19 00:00:00-04:00,39.0441885177894,39.0441885177894,38.05916070962258,38.59450149536133,1139400,0.0,0.0,BG
2010-08-20 00:00:00-04:00,38.5088576259893,38.57309864569852,37.87358683268965,38.28758239746094,675500,0.0,0.0,BG
2010-08-23 00:00:00-04:00,38.715856759207895,39.02992245387538,37.90927567260978,37.916412353515625,684800,0.0,0.0,BG
2010-08-24 00:00:00-04:00,37.7022705498912,37.7022705498912,36.43886584490071,37.081275939941406,1376900,0.0,0.0,BG
2010-08-25 00:00:00-04:00,36.58163058339218,37.33824675228233,36.40318360493661,37.15266036987305,1003100,0.0,0.0,BG
2010-08-26 00:00:00-04:00,36.93138654194747,37.40248643935136,36.40318230648992,36.495975494384766,1269800,0.0,0.0,BG
2010-08-27 00:00:00-04:00,36.6387342037455,37.88072362458295,36.06056502466856,37.716552734375,1260800,0.0,0.0,BG
2010-08-30 00:00:00-04:00,37.2954093676347,37.67371599803132,37.11696243286133,37.11696243286133,799500,0.0,0.0,BG
2010-08-31 00:00:00-04:00,36.66014546901207,38.009204108760045,36.57449168694933,37.83075714111328,1201300,0.0,0.0,BG
2010-09-01 00:00:00-04:00,38.44462817736024,38.90145213372765,38.27331783227969,38.45890426635742,1099900,0.0,0.0,BG
2010-09-02 00:00:00-04:00,38.51600177420411,39.82937186953468,38.408935202521,39.72230529785156,1445600,0.0,0.0,BG
2010-09-03 00:00:00-04:00,40.47178219117446,40.6645052876664,39.25120530294415,39.72230529785156,1245500,0.0,0.0,BG
2010-09-07 00:00:00-04:00,39.65091412052105,39.65091412052105,39.07274771053476,39.15840148925781,790600,0.0,0.0,BG
2010-09-08 00:00:00-04:00,39.27973583135733,40.22193536725254,39.25832307191369,39.92214584350586,1349000,0.0,0.0,BG
2010-09-09 00:00:00-04:00,40.1505699507487,40.82866901004941,40.1505699507487,40.47177505493164,899500,0.0,0.0,BG
2010-09-10 00:00:00-04:00,40.72159133043912,41.17841506305127,40.471766702568175,40.714454650878906,914900,0.0,0.0,BG
2010-09-13 00:00:00-04:00,40.98570096304255,41.57100956112031,40.778704536121744,41.47107696533203,873300,0.0,0.0,BG
2010-09-14 00:00:00-04:00,41.10703958147652,41.30689929449658,40.000669034154285,40.03635787963867,1691900,0.0,0.0,BG
2010-09-15 00:00:00-04:00,39.97212530414887,40.657361084441895,39.70802452436853,40.43608856201172,838300,0.0,0.0,BG
2010-09-16 00:00:00-04:00,40.40040665380586,40.88578279505036,40.2505118015383,40.75016403198242,471900,0.0,0.0,BG
2010-09-17 00:00:00-04:00,40.907177549206864,41.07848508697332,40.30045631883311,41.01424407958984,1000900,0.0,0.0,BG
2010-09-20 00:00:00-04:00,41.32117772595957,41.32117772595957,40.65735481525772,41.04280090332031,1028100,0.0,0.0,BG
2010-09-21 00:00:00-04:00,41.00710353312213,41.185550456483945,40.28617643792537,40.44321060180664,1227400,0.0,0.0,BG
2010-09-22 00:00:00-04:00,40.321882350634944,42.04211119512161,40.22194975076584,41.849388122558594,1272900,0.0,0.0,BG
2010-09-23 00:00:00-04:00,41.335460598356526,42.94862018768888,41.25694348720192,42.44897079467773,2371800,0.0,0.0,BG
2010-09-24 00:00:00-04:00,42.93434520523479,43.90509450567351,42.83441260751688,43.3554801940918,2011700,0.0,0.0,BG
2010-09-27 00:00:00-04:00,43.44826503508531,43.58388646725866,42.87009862764155,43.07709503173828,1096600,0.0,0.0,BG
2010-09-28 00:00:00-04:00,43.35547250419025,43.97646713256836,42.84868109289252,43.97646713256836,1162200,0.0,0.0,BG
2010-09-29 00:00:00-04:00,43.82657522223907,44.24057076069072,43.3983008771101,43.67667770385742,1053700,0.0,0.0,BG
2010-09-30 00:00:00-04:00,43.947904483603146,44.01928215797317,41.51388875636632,42.22767639160156,2014100,0.0,0.0,BG
2010-10-01 00:00:00-04:00,42.534624000686094,42.548900086415934,40.24336533730344,41.007118225097656,3038400,0.0,0.0,BG
2010-10-04 00:00:00-04:00,40.70731153251952,41.21410286732828,40.32900492402411,41.13558578491211,1375500,0.0,0.0,BG
2010-10-05 00:00:00-04:00,41.31404411264317,41.756591845002994,39.115576089716455,41.285491943359375,4595800,0.0,0.0,BG
2010-10-06 00:00:00-04:00,41.32117393750574,42.056374475828,41.27120901099166,41.46393203735352,997900,0.0,0.0,BG
2010-10-07 00:00:00-04:00,41.65666328568327,41.970728989029546,40.97856421973001,41.942176818847656,985500,0.0,0.0,BG
2010-10-08 00:00:00-04:00,42.21341841715776,43.54106442377376,42.21341841715776,43.09137725830078,1617800,0.0,0.0,BG
2010-10-11 00:00:00-04:00,43.51965253179287,44.24057716900435,43.1127936148612,43.7623405456543,1313700,0.0,0.0,BG
2010-10-12 00:00:00-04:00,42.82014211551916,43.783754799303246,42.82014211551916,43.42686080932617,948500,0.0,0.0,BG
2010-10-13 00:00:00-04:00,44.15490727475448,44.60459428528078,43.56246218056605,44.00501251220703,1438500,0.0,0.0,BG
2010-10-14 00:00:00-04:00,44.11922369881006,44.162049222999805,43.469676927384064,43.56960678100586,765000,0.0,0.0,BG
2010-10-15 00:00:00-04:00,43.96221201311036,44.04072914481788,42.934358063294965,43.29125213623047,1043600,0.0,0.0,BG
2010-10-18 00:00:00-04:00,43.46255796096541,43.53393840631874,43.11993999192615,43.38404083251953,639600,0.0,0.0,BG
2010-10-19 00:00:00-04:00,42.94148111945777,43.24841014261104,41.40683600369143,42.85582733154297,1162100,0.0,0.0,BG
2010-10-20 00:00:00-04:00,43.02001187839149,43.7409367076515,42.99145969906409,43.29125213623047,699500,0.0,0.0,BG
2010-10-21 00:00:00-04:00,43.626722932860126,44.16206394679094,43.34120935916149,43.712379455566406,948900,0.0,0.0,BG
2010-10-22 00:00:00-04:00,43.72664289099451,44.126365070871806,43.33406011449756,44.06926345825195,941500,0.0,0.0,BG
2010-10-25 00:00:00-04:00,44.30482562227909,44.868718855338,44.28341285134041,44.65458297729492,1293300,0.0,0.0,BG
2010-10-26 00:00:00-04:00,44.2976918687107,44.63317043476986,43.64814478606136,44.40475845336914,1034200,0.0,0.0,BG
2010-10-27 00:00:00-04:00,43.84799879891184,44.51895856531512,43.81230994207176,44.04072189331055,1145500,0.0,0.0,BG
2010-10-28 00:00:00-04:00,44.86871156303955,45.06143463882157,41.656665745775776,42.07780075073242,2961500,0.0,0.0,BG
2010-10-29 00:00:00-04:00,43.00571361574497,43.54105444913599,42.0064096375947,42.87723159790039,1485100,0.0,0.0,BG
2010-11-01 00:00:00-04:00,43.24128718385035,43.94079924005765,43.18418282519554,43.29125213623047,1007300,0.0,0.0,BG
2010-11-02 00:00:00-04:00,43.68381712063975,43.68381712063975,42.44182505913346,42.78444290161133,945100,0.0,0.0,BG
2010-11-03 00:00:00-04:00,42.75588652727679,42.75588652727679,42.14916531721235,42.59171295166016,786400,0.0,0.0,BG
2010-11-04 00:00:00-04:00,43.16276222764639,43.491104061733054,42.2990766583173,43.26982879638672,975800,0.0,0.0,BG
2010-11-05 00:00:00-04:00,43.31976853670282,43.64811290264723,42.83439275005488,43.00570297241211,1118800,0.0,0.0,BG
2010-11-08 00:00:00-05:00,43.01286810412912,43.02714419234308,42.47039036642587,42.69166564941406,835800,0.0,0.0,BG
2010-11-09 00:00:00-05:00,42.83440716241349,44.48325805621157,42.83440716241349,43.76947021484375,1739900,0.0,0.0,BG
2010-11-10 00:00:00-05:00,43.83371945784846,44.14778518676758,43.31979124426715,44.14778518676758,837700,0.0,0.0,BG
2010-11-11 00:00:00-05:00,43.78374391072243,44.468979547574726,43.41257392670634,44.37618637084961,1020700,0.0,0.0,BG
2010-11-12 00:00:00-05:00,43.9693360994438,44.12637031786911,42.68451834954877,43.09137725830078,1114100,0.0,0.0,BG
2010-11-15 00:00:00-05:00,43.18416905713843,43.66240565541459,42.684516969751606,42.95575714111328,1123700,0.0,0.0,BG
2010-11-16 00:00:00-05:00,42.69064520264679,42.94142835506327,42.27505856912079,42.66198348999024,1083200,0.23,0.0,BG
2010-11-17 00:00:00-05:00,42.55450693552971,43.21371271421242,42.38970617419193,43.12056350708008,771300,0.0,0.0,BG
2010-11-18 00:00:00-05:00,43.536133690305846,44.31714741111601,43.536133690305846,43.9373893737793,848000,0.0,0.0,BG
2010-11-19 00:00:00-05:00,43.865746365532026,44.1093654468825,43.679447973912175,44.08070373535156,566200,0.0,0.0,BG
2010-11-22 00:00:00-05:00,44.08069801184028,44.27416043955776,43.49314666840094,43.987548828125,826400,0.0,0.0,BG
2010-11-23 00:00:00-05:00,43.57196230561166,43.62928298435745,43.0417316772268,43.42148971557617,778500,0.0,0.0,BG
2010-11-24 00:00:00-05:00,43.84425027511106,44.69691845683961,43.82275535736373,44.63959503173828,973900,0.0,0.0,BG
2010-11-26 00:00:00-05:00,44.07352729900649,44.904697618253,44.07352729900649,44.18817138671875,322500,0.0,0.0,BG
2010-11-29 00:00:00-05:00,43.880080313388206,44.09503769835512,43.07756873395898,43.55047607421875,1102000,0.0,0.0,BG
2010-11-30 00:00:00-05:00,43.08472234323487,43.98038011759672,43.02739893367702,43.5791244506836,1150200,0.0,0.0,BG
2010-12-01 00:00:00-05:00,44.19535145054971,44.4533014086914,44.06637647147886,44.41030883789063,1318800,0.0,0.0,BG
2010-12-02 00:00:00-05:00,44.31714907532804,44.940528903418944,44.06636597207135,44.811553955078125,841400,0.0,0.0,BG
2010-12-03 00:00:00-05:00,44.739900209731495,45.95799543976317,44.59659713952965,45.81468963623047,1715700,0.0,0.0,BG
2010-12-06 00:00:00-05:00,45.85767741602035,46.55270871402269,45.64272009979887,46.11562728881836,1264100,0.0,0.0,BG
2010-12-07 00:00:00-05:00,46.50257544018093,46.617216848601934,45.714394573964,45.72872543334961,1350400,0.0,0.0,BG
2010-12-08 00:00:00-05:00,45.72155309162252,46.20878855585092,45.11967077306808,45.313133239746094,1231800,0.0,0.0,BG
2010-12-09 00:00:00-05:00,45.19130997379229,45.449259858870334,44.567932907074166,44.91902923583984,1228700,0.0,0.0,BG
2010-12-10 00:00:00-05:00,44.87603854275872,45.09815992469011,44.6109218697048,44.70407104492188,1224400,0.0,0.0,BG
2010-12-13 00:00:00-05:00,44.85454856416494,44.93336690025711,44.08786558581031,44.82588958740234,1115800,0.0,0.0,BG
2010-12-14 00:00:00-05:00,44.94053550370495,45.07667453213424,44.58227231310356,44.86888122558594,576500,0.0,0.0,BG
2010-12-15 00:00:00-05:00,44.96203760593289,45.42778092147841,43.96606621422617,44.073543548583984,1233500,0.0,0.0,BG
2010-12-16 00:00:00-05:00,44.46762287022548,45.0623382739912,43.96605391685034,44.17384719848633,1400500,0.0,0.0,BG
2010-12-17 00:00:00-05:00,44.41745945466589,44.45328521728516,44.18816856057549,44.45328521728516,1608200,0.0,0.0,BG
2010-12-20 00:00:00-05:00,45.04799181698207,45.07665351486598,44.367291525553895,44.43894577026367,1044700,0.0,0.0,BG
2010-12-21 00:00:00-05:00,44.63959704568612,44.95487043130454,44.352988107242936,44.59660720825195,1426200,0.0,0.0,BG
2010-12-22 00:00:00-05:00,44.6682487665598,46.00098536216344,44.63242299893561,45.67855072021485,1385100,0.0,0.0,BG
2010-12-23 00:00:00-05:00,45.81469252534112,46.20162013261097,45.485091069762575,45.85768508911133,1269200,0.0,0.0,BG
2010-12-27 00:00:00-05:00,45.92933850785764,46.09414197572063,45.73587879630416,46.015323638916016,552200,0.0,0.0,BG
2010-12-28 00:00:00-05:00,46.10848425943922,46.17297449420626,45.7717186260179,46.0798225402832,567900,0.0,0.0,BG
2010-12-29 00:00:00-05:00,46.17296402175272,46.68169712139284,45.94367578717319,46.27327728271485,1041500,0.0,0.0,BG
2010-12-30 00:00:00-05:00,46.423730848130354,46.86081224575339,46.36640744297896,46.71034240722656,609000,0.0,0.0,BG
2010-12-31 00:00:00-05:00,46.81066775746128,47.21192076412904,46.49539441412961,46.94680404663086,534600,0.0,0.0,BG
2011-01-03 00:00:00-05:00,47.25490592107513,47.290734421695625,46.53837964195853,46.85365295410156,1024900,0.0,0.0,BG
2011-01-04 00:00:00-05:00,47.14027033346488,47.26207850383663,46.59570876396565,46.882320404052734,1379600,0.0,0.0,BG
2011-01-05 00:00:00-05:00,47.16892963654616,48.01443092498275,46.98263125999923,47.899784088134766,2169200,0.0,0.0,BG
2011-01-06 00:00:00-05:00,47.95711015056922,48.279544830322266,47.71348834216675,48.279544830322266,1630600,0.0,0.0,BG
2011-01-07 00:00:00-05:00,48.12190907158321,48.4586718415641,47.49136242709063,47.928443908691406,870700,0.0,0.0,BG
2011-01-10 00:00:00-05:00,48.057433416500174,48.34404511746769,47.44122017275225,47.64901351928711,869700,0.0,0.0,BG
2011-01-11 00:00:00-05:00,48.1290580580505,48.20070957655412,47.48418345819698,47.7063102722168,1361400,0.0,0.0,BG
2011-01-12 00:00:00-05:00,48.086093828535965,48.831282044166784,47.95711883993326,48.21506881713867,1093200,0.0,0.0,BG
2011-01-13 00:00:00-05:00,48.39418912694255,50.321646709659625,48.39418912694255,50.0565299987793,2828000,0.0,0.0,BG
2011-01-14 00:00:00-05:00,50.665584499409135,50.801726273907846,50.128189663225335,50.794559478759766,1730400,0.0,0.0,BG
2011-01-18 00:00:00-05:00,50.82320707977076,51.04532846771447,50.18549915524856,50.472110748291016,1410500,0.0,0.0,BG
2011-01-19 00:00:00-05:00,51.84783970138152,52.05563296913565,50.593918768378686,50.80171203613281,2190000,0.0,0.0,BG
2011-01-20 00:00:00-05:00,50.37895714966819,50.4291137667709,49.12503625543907,49.78424453735352,1737900,0.0,0.0,BG
2011-01-21 00:00:00-05:00,50.19267933779438,50.67275074087389,50.04937076971347,50.18551254272461,999400,0.0,0.0,BG
2011-01-24 00:00:00-05:00,48.97457845563774,50.15684811160085,48.40136061435987,49.63378143310547,1669700,0.0,0.0,BG
2011-01-25 00:00:00-05:00,49.433131416876094,49.62659651467237,48.80259045120452,49.06770706176758,1130700,0.0,0.0,BG
2011-01-26 00:00:00-05:00,49.18236154360289,49.54062466992089,48.93874524170415,49.440311431884766,994500,0.0,0.0,BG
2011-01-27 00:00:00-05:00,49.49763218702001,49.547788803345625,48.70228765195588,48.98889923095703,903200,0.0,0.0,BG
2011-01-28 00:00:00-05:00,49.25402140958353,49.25402140958353,47.74215032337179,47.87829208374024,1125600,0.0,0.0,BG
2011-01-31 00:00:00-05:00,47.94277719225655,48.96024322276149,47.46986721188388,48.77394485473633,1524500,0.0,0.0,BG
2011-02-01 00:00:00-05:00,49.49047875046227,50.44346018449608,49.08205891682816,49.21820068359375,1638300,0.0,0.0,BG
2011-02-02 00:00:00-05:00,49.37583213961572,50.15684321714199,49.26835209653229,49.81290817260742,1192500,0.0,0.0,BG
2011-02-03 00:00:00-05:00,49.84874637991348,50.08520142739533,49.22536638200582,49.88457489013672,953400,0.0,0.0,BG
2011-02-04 00:00:00-05:00,49.934739983957705,50.09953803891173,49.47616340206052,50.092376708984375,1112700,0.0,0.0,BG
2011-02-07 00:00:00-05:00,50.15684317313647,50.40762629566974,49.820074922879485,49.9418830871582,1103200,0.0,0.0,BG
2011-02-08 00:00:00-05:00,50.04935659946553,50.20699324639213,49.72692197923303,50.06369018554688,828500,0.0,0.0,BG
2011-02-09 00:00:00-05:00,50.39330205676699,50.71573674391325,49.52630578540734,49.999210357666016,1842100,0.0,0.0,BG
2011-02-10 00:00:00-05:00,50.42913606292537,51.195819244274304,48.27955643671377,49.46182632446289,2529800,0.0,0.0,BG
2011-02-11 00:00:00-05:00,49.92756391224284,51.23164184975182,49.80575572613767,51.13132858276367,2366200,0.0,0.0,BG
2011-02-14 00:00:00-05:00,51.42605905559346,52.101773627099256,51.42605905559346,51.97238159179688,1539800,0.23,0.0,BG
2011-02-15 00:00:00-05:00,52.07301399747152,52.31741810384062,51.52669151618712,51.97956085205078,1440800,0.0,0.0,BG
2011-02-16 00:00:00-05:00,52.05864336198637,53.77667883570759,52.05864336198637,53.51789474487305,2119200,0.0,0.0,BG
2011-02-17 00:00:00-05:00,53.53225367617228,53.7119644751473,52.518682137470776,53.35254287719727,1480600,0.0,0.0,BG
2011-02-18 00:00:00-05:00,53.58257563639834,53.81979522125824,52.89967126946882,53.366920471191406,1048500,0.0,0.0,BG
2011-02-22 00:00:00-05:00,52.72715466100297,53.30942146007239,51.85735493102519,51.95799255371094,1116400,0.0,0.0,BG
2011-02-23 00:00:00-05:00,51.79265712049369,51.79265712049369,49.84458713325537,50.743141174316406,1832600,0.0,0.0,BG
2011-02-24 00:00:00-05:00,50.64251361428594,51.36135698984338,50.26152750273484,50.85097885131836,1077100,0.0,0.0,BG
2011-02-25 00:00:00-05:00,51.24632832221631,51.5338666762818,50.84377791712739,51.39009475708008,1529700,0.0,0.0,BG
2011-02-28 00:00:00-05:00,51.90046684965505,52.10893199562293,51.40446886653989,51.878902435302734,1346300,0.0,0.0,BG
2011-03-01 00:00:00-05:00,51.90047558605702,52.116130734556,50.333397228734086,50.90847396850586,1310700,0.0,0.0,BG
2011-03-02 00:00:00-05:00,50.82940692283731,51.541060223952,50.82221695452817,51.38291931152344,1503900,0.0,0.0,BG
2011-03-03 00:00:00-05:00,51.79266677411756,52.11614409545695,51.23196434114183,51.82860565185547,1201500,0.0,0.0,BG
2011-03-04 00:00:00-05:00,52.2742770872492,52.36772472657373,51.10974915771962,51.6848258972168,546800,0.0,0.0,BG
2011-03-07 00:00:00-05:00,51.735146841476464,51.87891329013091,50.72876524787992,50.807838439941406,1047100,0.0,0.0,BG
2011-03-08 00:00:00-05:00,50.96596996653019,51.2463182987165,50.47715650552948,51.01628875732422,761600,0.0,0.0,BG
2011-03-09 00:00:00-05:00,50.57060403663295,50.858142333975096,50.08179057645236,50.62811279296875,506700,0.0,0.0,BG
2011-03-10 00:00:00-05:00,49.83021545033745,49.83021545033745,48.9388513276944,49.01073455810547,1246900,0.0,0.0,BG
2011-03-11 00:00:00-05:00,48.61536308967602,49.81583538814344,47.89651989783752,49.7080078125,1339800,0.0,0.0,BG
2011-03-14 00:00:00-04:00,49.470784967111776,49.85177095606405,48.86695935843375,49.18324661254883,692700,0.0,0.0,BG
2011-03-15 00:00:00-04:00,47.60899530111169,49.42047804696008,47.091427235343794,48.98198318481445,1226900,0.0,0.0,BG
2011-03-16 00:00:00-04:00,49.06105115418367,49.38452841860765,47.62336467347499,47.8605842590332,925200,0.0,0.0,BG
2011-03-17 00:00:00-04:00,48.42847449724054,48.68725852079154,47.946845324091214,48.04029846191406,860800,0.0,0.0,BG
2011-03-18 00:00:00-04:00,48.65130825743032,48.65130825743032,47.88214624866082,48.16249465942383,959500,0.0,0.0,BG
2011-03-21 00:00:00-04:00,48.71599569834177,49.49234758209598,48.349389656850406,49.44921875,712800,0.0,0.0,BG
2011-03-22 00:00:00-04:00,49.779889022685786,50.0530474501814,49.46359627607331,49.83020782470703,745200,0.0,0.0,BG
2011-03-23 00:00:00-04:00,51.03068110889488,51.18163753424157,50.46998424779608,50.77908706665039,877000,0.0,0.0,BG
2011-03-24 00:00:00-04:00,50.84377541255553,50.92284310879917,49.88771276322719,50.584991455078125,697100,0.0,0.0,BG
2011-03-25 00:00:00-04:00,50.75750300989588,51.23912648791468,50.40527148702179,50.89408493041992,799200,0.0,0.0,BG
2011-03-28 00:00:00-04:00,51.04506215671255,51.61294899833789,50.95160902160196,50.99474334716797,1004500,0.0,0.0,BG
2011-03-29 00:00:00-04:00,50.83660552531682,51.16008285776188,50.6856490712198,51.08819961547852,529900,0.0,0.0,BG
2011-03-30 00:00:00-04:00,51.41885323891137,52.418044848560825,51.203203569428815,52.35335159301758,1238800,0.0,0.0,BG
2011-03-31 00:00:00-04:00,52.49713812916323,52.91406866112261,51.96519549300085,51.99394989013672,1252400,0.0,0.0,BG
2011-04-01 00:00:00-04:00,52.525859398842535,53.37409438418693,52.48273057250983,53.05061721801758,1036700,0.0,0.0,BG
2011-04-04 00:00:00-04:00,53.014678181806815,53.10812580966407,52.12331428087299,52.61931228637695,679000,0.0,0.0,BG
2011-04-05 00:00:00-04:00,52.684018892651714,53.41005206173456,52.64089005555279,53.17283248901367,832700,0.0,0.0,BG
2011-04-06 00:00:00-04:00,53.29503329263105,53.48193405632991,51.70639051203644,51.74951934814453,1571700,0.0,0.0,BG
2011-04-07 00:00:00-04:00,51.8645453831255,52.23834148739471,51.45480491998809,52.20958709716797,1154300,0.0,0.0,BG
2011-04-08 00:00:00-04:00,52.346173510135664,52.655276375810935,51.57701133057249,51.74234771728516,742400,0.0,0.0,BG
2011-04-11 00:00:00-04:00,51.799851817794,52.85655245593213,51.68483972971664,52.20240783691406,821300,0.0,0.0,BG
2011-04-12 00:00:00-04:00,51.97236170735172,52.051434892246725,50.829398252084495,51.5554313659668,1312300,0.0,0.0,BG
2011-04-13 00:00:00-04:00,51.7567175709856,52.0011216603658,50.886917836593895,51.30384826660156,778400,0.0,0.0,BG
2011-04-14 00:00:00-04:00,51.17447332030968,51.555459518663135,50.5850218374279,51.46919631958008,780700,0.0,0.0,BG
2011-04-15 00:00:00-04:00,51.7639123212416,52.05145076450935,51.32541742923471,51.80704116821289,806000,0.0,0.0,BG
2011-04-18 00:00:00-04:00,51.05225697571333,51.54107071781855,50.01712618633877,50.75753402709961,919600,0.0,0.0,BG
2011-04-19 00:00:00-04:00,50.9372407774386,51.62732974287337,50.8581675693257,51.5123176574707,784800,0.0,0.0,BG
2011-04-20 00:00:00-04:00,52.288656055198565,52.83497845648591,52.03706201655923,52.3892936706543,751200,0.0,0.0,BG
2011-04-21 00:00:00-04:00,52.76308869581067,53.014682703297694,52.47555033682348,52.99311828613281,523600,0.0,0.0,BG
2011-04-25 00:00:00-04:00,53.03625799661899,53.5610160207082,52.71996518843705,53.53945159912109,876300,0.0,0.0,BG
2011-04-26 00:00:00-04:00,53.79103650097425,53.94918287814284,53.25908859880021,53.91323852539063,930100,0.0,0.0,BG
2011-04-27 00:00:00-04:00,54.20078220158442,54.26547546166713,53.10095290546833,53.43880462646485,1266500,0.0,0.0,BG
2011-04-28 00:00:00-04:00,54.56020958034304,54.72554047421444,52.40367960075904,52.82061004638672,2058000,0.0,0.0,BG
2011-04-29 00:00:00-04:00,53.12251119792676,54.27265916955297,53.000309175640446,54.229530334472656,1461800,0.0,0.0,BG
2011-05-02 00:00:00-04:00,54.27267192722494,54.59614923504217,53.913250258832726,54.10015106201172,1247600,0.0,0.0,BG
2011-05-03 00:00:00-04:00,53.64727738222548,53.87012255068319,52.92124954547288,53.82698822021485,1110100,0.0,0.0,BG
2011-05-04 00:00:00-04:00,53.91323176405071,54.00667939141354,52.27427039591757,53.208763122558594,1140700,0.0,0.0,BG
2011-05-05 00:00:00-04:00,52.906879431227765,53.40288319116764,52.2455447408683,52.454010009765625,1248500,0.0,0.0,BG
2011-05-06 00:00:00-04:00,52.66965164292424,53.12971644825284,51.90767942085008,52.20240783691406,825600,0.0,0.0,BG
2011-05-09 00:00:00-04:00,52.02268210633321,53.18720452994522,51.943608919009165,53.08656692504883,652300,0.0,0.0,BG
2011-05-10 00:00:00-04:00,53.187216671263386,53.187216671263386,52.64089968692616,53.07220458984375,584200,0.0,0.0,BG
2011-05-11 00:00:00-04:00,52.69839989363791,52.77747309437316,51.84298010693521,52.15926742553711,757800,0.0,0.0,BG
2011-05-12 00:00:00-04:00,51.84299510569687,52.11615366086705,51.4620034445023,52.09458923339844,929000,0.0,0.0,BG
2011-05-13 00:00:00-04:00,51.96516605555551,52.518672804931846,51.71357207856626,52.47554397583008,890500,0.0,0.0,BG
2011-05-16 00:00:00-04:00,52.46118331406119,53.41724067786649,52.223963722986845,52.94999694824219,1116200,0.0,0.0,BG
2011-05-17 00:00:00-04:00,52.66876776932798,53.16632496937135,52.61107886176877,52.97162628173828,896300,0.23,0.0,BG
2011-05-18 00:00:00-04:00,52.90673299732608,53.72878071529559,52.647138402018086,53.64945983886719,1016400,0.0,0.0,BG
2011-05-19 00:00:00-04:00,53.627842154609205,53.656686617493655,52.142382574413226,52.92837905883789,1472600,0.0,0.0,BG
2011-05-20 00:00:00-04:00,52.92835904135271,53.36101481795168,52.45243383603216,53.23843002319336,1177500,0.0,0.0,BG
2011-05-23 00:00:00-04:00,52.618296856837546,52.64714131363558,51.87556997422039,52.005367279052734,699200,0.0,0.0,BG
2011-05-24 00:00:00-04:00,51.49338231968784,52.32263693865096,51.28426416746132,51.96208953857422,619200,0.0,0.0,BG
2011-05-25 00:00:00-04:00,51.94767166386672,52.27937462197585,51.731341016548335,52.091888427734375,971000,0.0,0.0,BG
2011-05-26 00:00:00-04:00,51.9188318847865,52.524548949380666,51.37079823002222,52.46686553955078,873400,0.0,0.0,BG
2011-05-27 00:00:00-04:00,52.53176120273909,53.38986587524414,52.53176120273909,53.38986587524414,1188900,0.0,0.0,BG
2011-05-31 00:00:00-04:00,53.48361065343036,53.72157330521371,53.26728547123281,53.68551635742188,1539700,0.0,0.0,BG
2011-06-01 00:00:00-04:00,53.63501414275456,53.81528779199932,52.639905579468966,52.75528335571289,1022000,0.0,0.0,BG
2011-06-02 00:00:00-04:00,52.89230066605281,53.38264533329987,52.71923946041165,53.28169250488281,773800,0.0,0.0,BG
2011-06-03 00:00:00-04:00,52.60387048867439,52.61108297806285,52.026997872498846,52.06304931640625,724100,0.0,0.0,BG
2011-06-06 00:00:00-04:00,51.91883061496608,51.96930703578106,50.72181049061497,50.72902297973633,947300,0.0,0.0,BG
2011-06-07 00:00:00-04:00,51.02468495512041,51.03189194419883,50.13773566333763,50.15216064453125,956300,0.0,0.0,BG
2011-06-08 00:00:00-04:00,49.93580833822411,50.02954866936022,49.1930816720642,49.250770568847656,1342900,0.0,0.0,BG
2011-06-09 00:00:00-04:00,49.27241239954303,50.13051152964008,48.86859554268614,49.67622375488281,1424700,0.0,0.0,BG
2011-06-10 00:00:00-04:00,49.34452013889054,49.51037437281729,48.39988765863849,48.53689193725586,1042100,0.0,0.0,BG
2011-06-13 00:00:00-04:00,48.551311316159726,48.789273906367896,48.07538613574338,48.23402786254883,551900,0.0,0.0,BG
2011-06-14 00:00:00-04:00,48.42873867304318,48.933502928996816,47.8446480322765,48.68832778930664,1441200,0.0,0.0,BG
2011-06-15 00:00:00-04:00,48.14748997813994,48.3926650332609,47.46966471130975,47.79415512084961,1449000,0.0,0.0,BG
2011-06-16 00:00:00-04:00,47.657144111899285,48.10422478796059,46.4168659004517,47.2317008972168,1410300,0.0,0.0,BG
2011-06-17 00:00:00-04:00,47.44804763793945,48.02492026939768,47.14518359229246,47.44804763793945,1350100,0.0,0.0,BG
2011-06-20 00:00:00-04:00,47.18844383621246,47.39756198114323,46.7341506069945,47.17401885986328,809600,0.0,0.0,BG
2011-06-21 00:00:00-04:00,47.354288469424056,48.443143026181424,47.29659957203594,48.30613327026367,809300,0.0,0.0,BG
2011-06-22 00:00:00-04:00,47.98166526462153,48.59459495652961,47.59948576854421,47.62833023071289,871300,0.0,0.0,BG
2011-06-23 00:00:00-04:00,46.82069394973023,47.69321815344615,46.71974109981385,47.67879867553711,1202100,0.0,0.0,BG
2011-06-24 00:00:00-04:00,47.88070372527186,48.02492050847496,47.44083538452951,47.93839263916016,1275700,0.0,0.0,BG
2011-06-27 00:00:00-04:00,47.89510337066825,48.34939650252863,47.64272135380991,47.88068389892578,705000,0.0,0.0,BG
2011-06-28 00:00:00-04:00,47.9023349125326,48.55132142941333,47.830226522105306,48.435943603515625,828200,0.0,0.0,BG
2011-06-29 00:00:00-04:00,48.95512347432742,49.8420724617169,48.86138313481329,49.38777923583984,1090500,0.0,0.0,BG
2011-06-30 00:00:00-04:00,49.60412914815457,49.906987748780764,49.39501092347877,49.71950149536133,830000,0.0,0.0,BG
2011-07-01 00:00:00-04:00,49.80603307537366,50.32522237276896,49.53201894686767,50.27474594116211,692800,0.0,0.0,BG
2011-07-05 00:00:00-04:00,50.35407652829399,51.01748275756836,50.13053328683888,51.01748275756836,923300,0.0,0.0,BG
2011-07-06 00:00:00-04:00,50.70017589503558,50.97419545226156,50.39010489710726,50.75065231323242,716500,0.0,0.0,BG
2011-07-07 00:00:00-04:00,51.30590148772514,51.78903373390452,51.18331667926481,51.39242935180664,843500,0.0,0.0,BG
2011-07-08 00:00:00-04:00,50.66412256057459,51.42848129370378,50.30357515792621,51.370792388916016,722800,0.0,0.0,BG
2011-07-11 00:00:00-04:00,50.5992157715573,50.96697562346651,50.12329611160085,50.30356979370117,550800,0.0,0.0,BG
2011-07-12 00:00:00-04:00,50.11607852864974,50.49825781560414,50.0295451894935,50.123291015625,565800,0.0,0.0,BG
2011-07-13 00:00:00-04:00,50.48384347580151,50.82996586458509,50.16656003481975,50.30356979370117,626300,0.0,0.0,BG
2011-07-14 00:00:00-04:00,50.31799591104696,51.118411605371975,49.81323173512889,49.9141845703125,717900,0.0,0.0,BG
2011-07-15 00:00:00-04:00,50.05119899440225,50.64970357241267,49.84208081595816,50.54153823852539,801300,0.0,0.0,BG
2011-07-18 00:00:00-04:00,50.18099321875988,50.318003015074005,49.04887440592224,49.47432327270508,718700,0.0,0.0,BG
2011-07-19 00:00:00-04:00,49.82043549535764,50.92371512528997,49.69064371697135,50.73622894287109,551200,0.0,0.0,BG
2011-07-20 00:00:00-04:00,50.84440044426709,51.72413705933735,50.57759336381419,51.47896194458008,803300,0.0,0.0,BG
2011-07-21 00:00:00-04:00,51.889978871400224,52.87788068460691,51.72413015552539,52.474063873291016,851400,0.0,0.0,BG
2011-07-22 00:00:00-04:00,52.3370804931828,52.993274133457625,52.01979690800627,52.69762802124024,702500,0.0,0.0,BG
2011-07-25 00:00:00-04:00,52.02699764131581,52.75530502382555,52.02699764131581,52.430809020996094,552800,0.0,0.0,BG
2011-07-26 00:00:00-04:00,52.567818494176166,52.65434635986161,51.59434149459312,51.78182220458984,853600,0.0,0.0,BG
2011-07-27 00:00:00-04:00,51.47175929516475,51.86115125667622,51.05352837489089,51.19053268432617,1248800,0.0,0.0,BG
2011-07-28 00:00:00-04:00,52.43802052505404,52.7985679648561,49.120985179178575,50.07283020019531,2226100,0.0,0.0,BG
2011-07-29 00:00:00-04:00,49.54643713203217,49.97188604576021,49.08493676896608,49.61854553222656,852200,0.0,0.0,BG
2011-08-01 00:00:00-04:00,50.26030770589878,50.29636464818886,48.92628336392047,49.66901016235352,899200,0.0,0.0,BG
2011-08-02 00:00:00-04:00,49.11376657787982,49.48152646113603,48.59457744893379,48.78927612304688,1335700,0.0,0.0,BG
2011-08-03 00:00:00-04:00,48.601787911626616,49.20750486914074,47.96001401551532,49.092132568359375,1068800,0.0,0.0,BG
2011-08-04 00:00:00-04:00,48.3205646200285,48.3205646200285,45.76788833976296,45.79673004150391,2248900,0.0,0.0,BG
2011-08-05 00:00:00-04:00,46.14285919588634,46.38081905843197,43.91467607014484,45.96979522705078,1682500,0.0,0.0,BG
2011-08-08 00:00:00-04:00,44.49154693262087,44.80161789732434,42.14798897892516,42.27778625488281,2451100,0.0,0.0,BG
2011-08-09 00:00:00-04:00,42.67440965493126,43.633464739378745,41.23221940704784,43.61904525756836,2054500,0.0,0.0,BG
2011-08-10 00:00:00-04:00,43.11426126897897,43.633447684770815,42.24894690831454,42.465274810791016,1176000,0.0,0.0,BG
2011-08-11 00:00:00-04:00,43.06378489901402,44.974684582278655,42.81140005353931,44.41944122314453,1416800,0.0,0.0,BG
2011-08-12 00:00:00-04:00,44.99142748568448,44.99142748568448,43.85469545935624,44.29635620117188,812600,0.25,0.0,BG
2011-08-15 00:00:00-04:00,44.665615566794415,45.802347684967,44.61493345416007,45.60686111450195,956200,0.0,0.0,BG
2011-08-16 00:00:00-04:00,45.24483476423037,45.84578086914415,44.90453828481729,45.44756317138672,812600,0.0,0.0,BG
2011-08-17 00:00:00-04:00,45.75166323662391,46.490177534123525,45.75166323662391,46.03403854370117,779600,0.0,0.0,BG
2011-08-18 00:00:00-04:00,44.69457069830692,44.93350298857128,43.66644484338984,44.02846145629883,857900,0.0,0.0,BG
2011-08-19 00:00:00-04:00,43.49268509171913,44.65113739962177,43.28995662832821,43.38407897949219,936200,0.0,0.0,BG
2011-08-22 00:00:00-04:00,44.166020566589125,44.89005369063157,42.942405581265575,43.14513397216797,937500,0.0,0.0,BG
2011-08-23 00:00:00-04:00,43.50715258104852,44.91901779174805,43.1306550073975,44.91901779174805,1020200,0.0,0.0,BG
2011-08-24 00:00:00-04:00,44.60045026306003,45.04935289856106,44.10810739713286,44.82490158081055,923500,0.0,0.0,BG
2011-08-25 00:00:00-04:00,44.90453581137279,44.90453581137279,43.60127670778613,43.73884201049805,826200,0.0,0.0,BG
2011-08-26 00:00:00-04:00,43.4564745633777,45.107269435110005,42.85552565995064,44.904541015625,1145400,0.0,0.0,BG
2011-08-29 00:00:00-04:00,45.4330801509438,46.69289628492167,45.4330801509438,46.16435241699219,819500,0.0,0.0,BG
2011-08-30 00:00:00-04:00,45.95439652301443,46.70014997207203,45.59961897462736,46.35261154174805,913800,0.0,0.0,BG
2011-08-31 00:00:00-04:00,46.606015677077984,47.12731490299274,46.3815616451551,46.8521842956543,1401300,0.0,0.0,BG
2011-09-01 00:00:00-04:00,46.74359130859375,47.06216775025502,46.30917240337861,46.74359130859375,933700,0.0,0.0,BG
2011-09-02 00:00:00-04:00,45.7444233189615,46.36709238804133,45.46928989639808,45.729942321777344,779000,0.0,0.0,BG
2011-09-06 00:00:00-04:00,44.23118645028772,45.44032051801991,44.13706136486982,45.42584228515625,616900,0.0,0.0,BG
2011-09-07 00:00:00-04:00,46.09920313992403,47.31557941714539,46.01231990925625,47.13457107543945,896900,0.0,0.0,BG
2011-09-08 00:00:00-04:00,46.63498898066183,47.11284810134131,46.07748022861059,46.1788444519043,1007100,0.0,0.0,BG
2011-09-09 00:00:00-04:00,45.45480320199671,45.758898580813714,44.68008790253623,45.26655578613281,796500,0.0,0.0,BG
2011-09-12 00:00:00-04:00,44.91178516841538,45.33896493020514,43.876417318009125,44.86110305786133,644100,0.0,0.0,BG
2011-09-13 00:00:00-04:00,44.82490915936494,45.15072475248594,44.62941980349234,44.87559127807617,965700,0.0,0.0,BG
2011-09-14 00:00:00-04:00,44.96970424417282,45.96162899342846,44.58596751706706,45.62857437133789,777100,0.0,0.0,BG
2011-09-15 00:00:00-04:00,45.91818113035772,46.22227649013106,45.35343615616519,46.012306213378906,746700,0.0,0.0,BG
2011-09-16 00:00:00-04:00,46.26572928621832,47.02596094197429,46.20780529608385,46.4539794921875,1040800,0.0,0.0,BG
2011-09-19 00:00:00-04:00,45.63582817925391,46.03404879252051,45.288292449286345,45.79511642456055,585500,0.0,0.0,BG
2011-09-20 00:00:00-04:00,45.8240752678665,46.22229309172101,45.4837786806973,45.5272216796875,660600,0.0,0.0,BG
2011-09-21 00:00:00-04:00,45.33171110542963,45.51271937353184,43.75331878662109,43.75331878662109,1281700,0.0,0.0,BG
2011-09-22 00:00:00-04:00,42.33422399453106,42.44282732224199,39.82182779354504,40.618263244628906,2430100,0.0,0.0,BG
2011-09-23 00:00:00-04:00,39.8145901951024,41.32781981945379,39.77838632251693,40.9947624206543,1063700,0.0,0.0,BG
2011-09-26 00:00:00-04:00,41.24093461458735,41.38574182174726,39.77114795253846,41.34954071044922,813500,0.0,0.0,BG
2011-09-27 00:00:00-04:00,42.68175966341376,44.79593537930085,42.57315357361141,43.57955932617188,1827800,0.0,0.0,BG
2011-09-28 00:00:00-04:00,43.60128009201764,43.81124762046097,42.37766221904731,42.44282531738281,1396700,0.0,0.0,BG
2011-09-29 00:00:00-04:00,43.49267262798616,43.71712390668217,41.95772306939495,42.688995361328125,890000,0.0,0.0,BG
2011-09-30 00:00:00-04:00,42.10977809259406,42.90621364570544,41.72604131398177,42.20390319824219,2178100,0.0,0.0,BG
2011-10-03 00:00:00-04:00,41.79844056717766,41.85636455482914,39.8218300610386,40.19108581542969,2293100,0.0,0.0,BG
2011-10-04 00:00:00-04:00,39.81458460473252,40.538617763297104,39.11951067341535,40.531375885009766,2100000,0.0,0.0,BG
2011-10-05 00:00:00-04:00,40.741356810117125,41.602955499647805,40.046285459136,41.33506393432617,1520800,0.0,0.0,BG
2011-10-06 00:00:00-04:00,41.32781660622954,41.99392582810334,41.26989262417053,41.60294723510742,2024300,0.0,0.0,BG
2011-10-07 00:00:00-04:00,41.878087191037885,42.00117152925758,40.372096565024215,40.437259674072266,3300300,0.0,0.0,BG
2011-10-10 00:00:00-04:00,41.36402036462341,41.646392890336735,40.83547642331966,41.21197128295898,5862400,0.0,0.0,BG
2011-10-11 00:00:00-04:00,40.98752363170596,41.87084510008862,40.886159416377005,41.41470336914063,1953100,0.0,0.0,BG
2011-10-12 00:00:00-04:00,41.84189275466688,42.471801068006535,41.4509140379864,41.72604751586914,2574500,0.0,0.0,BG
2011-10-13 00:00:00-04:00,41.71880542994872,41.98669978745209,40.84996476224856,41.92877578735352,962900,0.0,0.0,BG
2011-10-14 00:00:00-04:00,42.348707603888606,42.978615781778906,42.12425629362068,42.74692535400391,1350000,0.0,0.0,BG
2011-10-17 00:00:00-04:00,42.5152398557181,42.573161088393725,41.32058370488837,41.35678482055664,705100,0.0,0.0,BG
2011-10-18 00:00:00-04:00,41.2409287825928,41.41469795900506,40.32864820183868,41.03820037841797,1798200,0.0,0.0,BG
2011-10-19 00:00:00-04:00,40.95131422781032,41.602942378093815,40.67618086908592,40.90787124633789,1220200,0.0,0.0,BG
2011-10-20 00:00:00-04:00,41.030959240308896,41.21196753643583,40.27796682751608,41.11060333251953,1025500,0.0,0.0,BG
2011-10-21 00:00:00-04:00,41.74051658860272,42.31250073811473,41.64639149586072,41.84188079833984,1038400,0.0,0.0,BG
2011-10-24 00:00:00-04:00,41.35677829658131,42.82656766617524,41.349539179376855,42.67451858520508,1430000,0.0,0.0,BG
2011-10-25 00:00:00-04:00,42.39938346582295,42.59487275332646,41.935999916573486,42.11700820922852,1074200,0.0,0.0,BG
2011-10-26 00:00:00-04:00,42.69623681689372,43.29718291033736,42.07356785026408,43.13789749145508,1524500,0.0,0.0,BG
2011-10-27 00:00:00-04:00,43.44198973634196,45.72993441864394,42.7179565740696,45.54168701171875,3471400,0.0,0.0,BG
2011-10-28 00:00:00-04:00,44.99144234372188,45.63583173249914,44.94076021844515,45.085567474365234,1671500,0.0,0.0,BG
2011-10-31 00:00:00-04:00,44.62941234235404,45.04935298371957,44.47012413190947,44.72353744506836,1555500,0.0,0.0,BG
2011-11-01 00:00:00-04:00,43.27544899543216,44.499063665205774,43.13788373164809,44.173248291015625,2232700,0.0,0.0,BG
2011-11-02 00:00:00-04:00,44.65113380844838,45.056593464588325,44.166032806644594,44.52804946899414,1575500,0.0,0.0,BG
2011-11-03 00:00:00-04:00,44.701810512658746,44.940740029920285,44.13706274446636,44.6945686340332,1075300,0.0,0.0,BG
2011-11-04 00:00:00-04:00,44.13706799606649,44.535285746862186,43.818494347823496,44.29635620117188,1071900,0.0,0.0,BG
2011-11-07 00:00:00-05:00,44.23843486065852,44.868345839290775,44.086388525940905,44.73077774047852,1814400,0.0,0.0,BG
2011-11-08 00:00:00-05:00,44.90454050139328,45.1289917932296,44.571485884062646,45.071067810058594,860300,0.0,0.0,BG
2011-11-09 00:00:00-05:00,44.18774374740854,44.96970090146251,44.08637954491281,44.58596420288086,1135100,0.0,0.0,BG
2011-11-10 00:00:00-05:00,44.94074533593233,45.22311787238364,44.057423853111096,44.34703826904297,978400,0.0,0.0,BG
2011-11-11 00:00:00-05:00,44.94797758559586,45.433078452089056,44.73800731712842,45.29551315307617,604600,0.0,0.0,BG
2011-11-14 00:00:00-05:00,45.33172513534937,45.60685856136776,45.215879918389184,45.512733459472656,997500,0.0,0.0,BG
2011-11-15 00:00:00-05:00,45.27379687426397,45.82406367438259,44.94074225217341,45.62857437133789,860400,0.0,0.0,BG
2011-11-16 00:00:00-05:00,45.51226174921914,45.773952243524775,45.06884205308654,45.25783920288086,1043400,0.25,0.0,BG
2011-11-17 00:00:00-05:00,45.4541175394623,45.51954017810233,43.88397698506975,44.218360900878906,1464300,0.0,0.0,BG
2011-11-18 00:00:00-05:00,44.712661892531344,44.73447128739016,44.13839958998907,44.218360900878906,791700,0.0,0.0,BG
2011-11-21 00:00:00-05:00,43.62954469503881,43.716773930661816,42.98985716354614,43.38239288330078,1268300,0.0,0.0,BG
2011-11-22 00:00:00-05:00,43.18613109929481,43.96393192770025,42.99713393336032,43.287899017333984,917600,0.0,0.0,BG
2011-11-23 00:00:00-05:00,42.93171281823594,43.22974863427603,42.03033464830346,42.88082885742188,1301700,0.0,0.0,BG
2011-11-25 00:00:00-05:00,42.728186968123325,43.33152950227936,42.51738311303979,42.79360961914063,360700,0.0,0.0,BG
2011-11-28 00:00:00-05:00,43.80402837455551,44.42917759770962,43.33880181954844,44.131141662597656,909100,0.0,0.0,BG
2011-11-29 00:00:00-05:00,44.18199801653978,44.53818843478466,43.89123298796154,43.97846221923828,708200,0.0,0.0,BG
2011-11-30 00:00:00-05:00,45.17061765813176,45.47592421115912,44.90892711924203,45.43230819702149,1181100,0.0,0.0,BG
2011-12-01 00:00:00-05:00,45.49046845776672,45.92661756072455,45.30873920270624,45.74488830566406,940700,0.0,0.0,BG
2011-12-02 00:00:00-05:00,46.086520936577614,46.37728595940543,45.47591078378182,45.57767868041992,641300,0.0,0.0,BG
2011-12-05 00:00:00-05:00,46.10107581036526,46.10107581036526,44.9089323481449,45.18516159057617,923200,0.0,0.0,BG
2011-12-06 00:00:00-05:00,45.0906575619524,45.75215187613226,45.0906575619524,45.64311599731445,756900,0.0,0.0,BG
2011-12-07 00:00:00-05:00,45.43231226601949,45.91207737262993,45.01796979999086,45.650386810302734,767000,0.0,0.0,BG
2011-12-08 00:00:00-05:00,45.22877296617362,45.366886186725054,44.610891902408845,44.698123931884766,733600,0.0,0.0,BG
2011-12-09 00:00:00-05:00,44.75627991621519,45.07612240114853,44.36374406677314,44.916202545166016,742900,0.0,0.0,BG
2011-12-12 00:00:00-05:00,44.35647755426532,44.38555490101111,43.73859641427512,44.32740020751953,830900,0.0,0.0,BG
2011-12-13 00:00:00-05:00,43.83308381452302,44.19654222554389,42.34290488393098,42.64820861816406,1878000,0.0,0.0,BG
2011-12-14 00:00:00-05:00,42.32109546596224,42.63366990059255,41.492410787348845,41.6814079284668,1477800,0.0,0.0,BG
2011-12-15 00:00:00-05:00,42.161189195275895,42.39380243106752,41.57238538238355,41.66688537597656,1092100,0.0,0.0,BG
2011-12-16 00:00:00-05:00,41.797727785470215,41.93584101814491,40.59831361809113,41.15077209472656,1774700,0.0,0.0,BG
2011-12-19 00:00:00-05:00,41.36882992431092,41.43425253923893,40.44564536831216,40.605567932128906,895000,0.0,0.0,BG
2011-12-20 00:00:00-05:00,41.01265262189048,41.88495350869781,40.90361674414461,41.71049499511719,1105500,0.0,0.0,BG
2011-12-21 00:00:00-05:00,41.29615433398866,41.8922260314487,41.063541123905146,41.85588073730469,811600,0.0,0.0,BG
2011-12-22 00:00:00-05:00,41.97217267807364,42.33563103846477,41.688672827676086,42.12482452392578,994200,0.0,0.0,BG
2011-12-23 00:00:00-05:00,41.9431148815761,42.41560930640051,41.92130548417571,42.22661209106445,647800,0.0,0.0,BG
2011-12-27 00:00:00-05:00,42.16118327879802,42.27022193094768,41.79772480225666,41.979454040527344,745200,0.0,0.0,BG
2011-12-28 00:00:00-05:00,42.0158011900496,42.08122382963645,40.79458043307371,40.94723510742188,918900,0.0,0.0,BG
2011-12-29 00:00:00-05:00,40.91089155118415,41.681424638735805,40.91089155118415,41.60146331787109,754800,0.0,0.0,BG
2011-12-30 00:00:00-05:00,41.47787914230087,41.703221605678,41.42699518134682,41.57964706420898,602300,0.0,0.0,BG
2012-01-03 00:00:00-05:00,42.393797737799616,43.02621472928492,42.393797737799616,42.69910430908203,1219500,0.0,0.0,BG
2012-01-04 00:00:00-05:00,42.64820138166381,42.94623989017898,42.13936191094802,42.706356048583984,892000,0.0,0.0,BG
2012-01-05 00:00:00-05:00,42.531905268907465,42.78632783973234,41.75410443206699,42.54644393920898,967900,0.0,0.0,BG
2012-01-06 00:00:00-05:00,42.46649173227678,42.684569060528105,42.17572658288904,42.29930114746094,629000,0.0,0.0,BG
2012-01-09 00:00:00-05:00,42.473767461115365,42.71364866830668,42.1975381796195,42.51011276245117,838900,0.0,0.0,BG
2012-01-10 00:00:00-05:00,42.85174617067294,43.12797533275458,42.27021328179124,42.78632354736328,1051100,0.0,0.0,BG
2012-01-11 00:00:00-05:00,42.63366728979151,42.74270313542446,42.3501674360244,42.68455123901367,563000,0.0,0.0,BG
2012-01-12 00:00:00-05:00,42.59733297375458,43.41874991936185,42.36471976715276,43.26609802246094,917900,0.0,0.0,BG
2012-01-13 00:00:00-05:00,42.87356483966169,43.033487468922914,42.342915756075655,42.72091293334961,754800,0.0,0.0,BG
2012-01-17 00:00:00-05:00,43.25155350784871,43.25882145639967,41.97944899291198,42.103023529052734,1238900,0.0,0.0,BG
2012-01-18 00:00:00-05:00,42.161178030653225,42.62640437904077,41.72502902228185,42.56098175048828,957500,0.0,0.0,BG
2012-01-19 00:00:00-05:00,42.73544301145167,42.997133525623845,42.14663935456428,42.39379119873047,908100,0.0,0.0,BG
2012-01-20 00:00:00-05:00,42.43013012866968,42.65547532054048,41.797713329506266,42.604591369628906,990100,0.0,0.0,BG
2012-01-23 00:00:00-05:00,42.60459986273579,42.76452246774792,41.86314429354486,42.25568008422852,908100,0.0,0.0,BG
2012-01-24 00:00:00-05:00,42.24840603609736,42.52463521219729,41.86314099759293,42.35017395019531,788900,0.0,0.0,BG
2012-01-25 00:00:00-05:00,42.33563734295075,43.14251269388385,42.14663741454045,43.04074478149414,1195200,0.0,0.0,BG
2012-01-26 00:00:00-05:00,43.237017076704696,43.52051422532454,42.29202565698256,42.4737548828125,1641500,0.0,0.0,BG
2012-01-27 00:00:00-05:00,42.422870351882025,42.45921564196649,42.00125722259219,42.03760528564453,1070200,0.0,0.0,BG
2012-01-30 00:00:00-05:00,41.87768642346552,42.02307036976125,41.52149589368939,41.69595718383789,1058000,0.0,0.0,BG
2012-01-31 00:00:00-05:00,41.73956335786788,41.73956335786788,40.85272670429312,41.63052749633789,2003800,0.0,0.0,BG
2012-02-01 00:00:00-05:00,41.94310645495077,42.43013945587138,41.94310645495077,42.073951721191406,1059800,0.0,0.0,BG
2012-02-02 00:00:00-05:00,42.16117915609991,42.21206311600261,41.4342622740982,41.59418487548828,1327700,0.0,0.0,BG
2012-02-03 00:00:00-05:00,42.023077376070354,42.31384254417159,41.96492267866896,42.09576797485352,1084100,0.0,0.0,BG
2012-02-06 00:00:00-05:00,42.001256652007264,42.27021789550781,41.87041139110642,42.27021789550781,796100,0.0,0.0,BG
2012-02-07 00:00:00-05:00,42.18299666411944,42.70637784161341,42.12484474049153,42.50284194946289,1412900,0.0,0.0,BG
2012-02-08 00:00:00-05:00,42.67728770356295,43.46235923452957,42.67728770356295,43.4260139465332,1682500,0.0,0.0,BG
2012-02-09 00:00:00-05:00,44.50913001137017,46.268270689518005,44.13840354120183,45.78850555419922,4524600,0.0,0.0,BG
2012-02-10 00:00:00-05:00,45.43230937435419,46.52268479933869,45.39596408144833,46.14468765258789,2329600,0.0,0.0,BG
2012-02-13 00:00:00-05:00,46.51541691264293,46.6753367562379,46.21738107366416,46.4863395690918,1127000,0.0,0.0,BG
2012-02-14 00:00:00-05:00,46.464536103662894,47.84567959592141,46.38457755814702,47.73664093017578,3383900,0.0,0.0,BG
2012-02-15 00:00:00-05:00,48.02851044081165,48.54659306918703,47.72933847439967,48.08688735961914,2352600,0.25,0.0,BG
2012-02-16 00:00:00-05:00,47.984739784897165,48.44444558307879,47.89717438980666,48.35688018798828,2034400,0.0,0.0,BG
2012-02-17 00:00:00-05:00,48.3495839525924,48.707132882370686,48.10878330784924,48.56848907470703,979600,0.0,0.0,BG
2012-02-21 00:00:00-05:00,48.69981703772314,49.079261355048025,48.451723540888345,48.93331909179688,1023000,0.0,0.0,BG
2012-02-22 00:00:00-05:00,49.071969508243605,49.18142482875096,48.48821151029028,48.94062423706055,1380700,0.0,0.0,BG
2012-02-23 00:00:00-05:00,48.991709902193925,49.61924789446488,48.64875244512378,49.49520111083984,1218300,0.0,0.0,BG
2012-02-24 00:00:00-05:00,49.495208122351215,49.61925492354877,49.07928223758904,49.55358505249024,840000,0.0,0.0,BG
2012-02-27 00:00:00-05:00,49.32736600054572,49.34925595319879,48.67793809190076,48.88225173950195,1069400,0.0,0.0,BG
2012-02-28 00:00:00-05:00,48.8530644344287,49.24710029288143,47.7804177591807,49.13035202026367,1646700,0.0,0.0,BG
2012-02-29 00:00:00-05:00,49.22520751003896,49.8162584801772,48.88225008440792,49.12305068969727,1250900,0.0,0.0,BG
2012-03-01 00:00:00-05:00,49.23249899131922,49.42222115936595,48.758196354766575,49.15953063964844,852800,0.0,0.0,BG
2012-03-02 00:00:00-05:00,49.20332850213188,49.33467380994687,48.61227740052965,49.00631332397461,1027000,0.0,0.0,BG
2012-03-05 00:00:00-05:00,48.91873566370208,49.239803128329015,48.53199834519909,48.984405517578125,970400,0.0,0.0,BG
2012-03-06 00:00:00-05:00,48.29119810099573,48.29119810099573,47.13098056984634,47.47393798828125,1521200,0.0,0.0,BG
2012-03-07 00:00:00-05:00,47.47394521659741,48.152561650598514,47.21125462491117,48.02851486206055,1282000,0.0,0.0,BG
2012-03-08 00:00:00-05:00,48.24741916334061,48.94062695314374,48.159853788649286,48.612266540527344,1208800,0.0,0.0,BG
2012-03-09 00:00:00-05:00,48.53929748773337,48.90414490157335,48.28390541147133,48.42984771728516,747300,0.0,0.0,BG
2012-03-12 00:00:00-04:00,48.42985807263409,48.80929701462282,48.34229267042242,48.51741790771485,760700,0.0,0.0,BG
2012-03-13 00:00:00-04:00,48.86036544148397,49.42952652155325,48.71442870146151,49.42223358154297,881700,0.0,0.0,BG
2012-03-14 00:00:00-04:00,49.58275907052953,49.6119475303716,48.838472829509776,48.969818115234375,930700,0.0,0.0,BG
2012-03-15 00:00:00-04:00,49.05008976818878,49.64114082798556,48.99171284281552,49.568172454833984,1346500,0.0,0.0,BG
2012-03-16 00:00:00-04:00,49.8308521675883,49.947600425704096,49.58275307250792,49.60464859008789,1031600,0.0,0.0,BG
2012-03-19 00:00:00-04:00,49.75059773049175,49.92572294497006,49.16683959272378,49.26170349121094,808000,0.0,0.0,BG
2012-03-20 00:00:00-04:00,49.115764753119,49.87464816067824,49.07198483809097,49.70682144165039,1082400,0.0,0.0,BG
2012-03-21 00:00:00-04:00,49.619250872753085,49.88194146980277,49.3054818577843,49.568172454833984,780500,0.0,0.0,BG
2012-03-22 00:00:00-04:00,49.31278186398568,49.56817396134324,48.61956838015206,48.92604446411133,1038400,0.0,0.0,BG
2012-03-23 00:00:00-04:00,49.05009055882243,49.26899568180566,48.670646104909984,49.06468200683594,940000,0.0,0.0,BG
2012-03-26 00:00:00-04:00,49.188719437268816,49.91111558797288,49.09385556901874,49.655723571777344,1156800,0.0,0.0,BG
2012-03-27 00:00:00-04:00,49.49520464153313,49.72140827100065,49.10116874150158,49.17413711547852,954200,0.0,0.0,BG
2012-03-28 00:00:00-04:00,49.08656173188007,49.327362327391455,48.68523297315671,49.042781829833984,1223600,0.0,0.0,BG
2012-03-29 00:00:00-04:00,48.82387675247459,49.11575018895378,48.48821227969141,49.042781829833984,1173400,0.0,0.0,BG
2012-03-30 00:00:00-04:00,49.43682403945881,49.97679664729276,49.137646491130624,49.94031524658203,1346000,0.0,0.0,BG
2012-04-02 00:00:00-04:00,49.91841414602956,50.92539076829009,49.911115640665294,50.88161087036133,1814400,0.0,0.0,BG
2012-04-03 00:00:00-04:00,50.72108370102103,50.87431893067618,49.757886852382114,50.18840408325195,1635800,0.0,0.0,BG
2012-04-04 00:00:00-04:00,49.64845447837721,49.88925519363941,49.393062310886265,49.74331283569336,1084700,0.0,0.0,BG
2012-04-05 00:00:00-04:00,49.93300888382,50.1008411154999,49.42222481719213,49.95489883422852,1380800,0.0,0.0,BG
2012-04-09 00:00:00-04:00,49.400336301375006,49.42952476176629,48.94792908313409,49.23250961303711,864100,0.0,0.0,BG
2012-04-10 00:00:00-04:00,49.35656650062583,49.6265556391811,48.67794996718104,48.75821685791016,888800,0.0,0.0,BG
2012-04-11 00:00:00-04:00,49.3492463838411,49.61923540417706,49.10115287904178,49.407623291015625,736600,0.0,0.0,BG
2012-04-12 00:00:00-04:00,49.39305666349121,50.10815465070456,49.29089980817502,49.91843795776367,943200,0.0,0.0,BG
2012-04-13 00:00:00-04:00,49.98410352928239,50.0643704182765,49.334675476243184,49.61195755004883,746600,0.0,0.0,BG
2012-04-16 00:00:00-04:00,49.62654124245701,49.896524735559,49.050081724966255,49.181427001953125,1119700,0.0,0.0,BG
2012-04-17 00:00:00-04:00,49.32737335896648,49.378451778486415,48.546600050801686,49.26170349121094,1563800,0.0,0.0,BG
2012-04-18 00:00:00-04:00,49.27628382753256,49.56816283059717,48.75090273544206,49.48789596557617,917200,0.0,0.0,BG
2012-04-19 00:00:00-04:00,49.57546542123863,49.57546542123863,48.510111704336175,48.69253540039063,1533100,0.0,0.0,BG
2012-04-20 00:00:00-04:00,48.794697979992286,48.83117938322841,48.29850524551463,48.34228515625,1334100,0.0,0.0,BG
2012-04-23 00:00:00-04:00,48.17443732403217,48.26930118948689,47.75121866700557,47.84607696533203,1796200,0.0,0.0,BG
2012-04-24 00:00:00-04:00,47.84609242177234,48.69254114352307,47.80960545140617,48.34228515625,1340200,0.0,0.0,BG
2012-04-25 00:00:00-04:00,48.940620408853135,49.37114315127158,48.56847457508946,49.21060943603516,1322700,0.0,0.0,BG
2012-04-26 00:00:00-04:00,47.06532365402573,48.18905453025504,46.42319132709965,47.93366241455078,4396500,0.0,0.0,BG
2012-04-27 00:00:00-04:00,47.53961413338385,47.75851921837095,46.79532236989196,47.065311431884766,2196800,0.0,0.0,BG
2012-04-30 00:00:00-04:00,47.10909133545636,47.22584516781946,46.83180933428771,47.065311431884766,1032900,0.0,0.0,BG
2012-05-01 00:00:00-04:00,47.25504251491784,48.24742800816233,47.13099015291464,47.88987350463867,1628700,0.0,0.0,BG
2012-05-02 00:00:00-04:00,47.824204063018826,47.86068546747288,47.40097968801408,47.43016815185547,977700,0.0,0.0,BG
2012-05-03 00:00:00-04:00,47.56880130496508,47.64906817076159,47.09449861629362,47.262325286865234,1450600,0.0,0.0,BG
2012-05-04 00:00:00-04:00,47.13829026178673,47.32071399001898,46.61291181730218,47.0726203918457,1070100,0.0,0.0,BG
2012-05-07 00:00:00-04:00,46.70047166363464,47.17477444239444,46.38670264695939,46.45967102050781,1351200,0.0,0.0,BG
2012-05-08 00:00:00-04:00,46.51803796155712,47.1601673049385,46.240753191172544,47.10908889770508,1498800,0.0,0.0,BG
2012-05-09 00:00:00-04:00,46.70046581009947,47.58339582376615,46.31372846835029,47.25503540039063,1377800,0.0,0.0,BG
2012-05-10 00:00:00-04:00,47.42286475874048,47.56880706291283,46.89019065811795,47.00693893432617,1098400,0.0,0.0,BG
2012-05-11 00:00:00-04:00,46.36480619276114,46.94855866645533,46.08022567882026,46.10211563110352,1383400,0.0,0.0,BG
2012-05-14 00:00:00-04:00,45.408909374614645,45.97077473315882,45.32864249717049,45.62052154541016,1185200,0.0,0.0,BG
2012-05-15 00:00:00-04:00,45.46727641558757,45.5402447700057,44.628126421957546,44.868927001953125,1381700,0.0,0.0,BG
2012-05-16 00:00:00-04:00,44.89812194948567,45.43079884076855,44.555167272589216,44.7156982421875,875100,0.0,0.0,BG
2012-05-17 00:00:00-04:00,44.70836339839907,45.19926017632032,44.3713295393815,44.400634765625,895600,0.25,0.0,BG
2012-05-18 00:00:00-04:00,44.40796794798983,44.73767623467433,43.697263729466215,43.79983901977539,1093800,0.0,0.0,BG
2012-05-21 00:00:00-04:00,43.77054614312733,44.53986383252695,43.71193007785568,44.415306091308594,751900,0.0,0.0,BG
2012-05-22 00:00:00-04:00,44.59114465025448,44.64243230201388,43.69726935678945,43.939056396484375,853700,0.0,0.0,BG
2012-05-23 00:00:00-04:00,44.92818095531971,45.11135194838444,43.98301796031349,44.3933219909668,1380200,0.0,0.0,BG
2012-05-24 00:00:00-04:00,44.36400853006331,44.53252548765623,44.03430022391751,44.32004928588867,771300,0.0,0.0,BG
2012-05-25 00:00:00-04:00,44.32006405796098,44.75234780455262,44.19550630302705,44.73769378662109,781600,0.0,0.0,BG
2012-05-29 00:00:00-04:00,45.20659067057512,45.653528232325165,44.89886202356408,45.30916595458984,1534200,0.0,0.0,BG
2012-05-30 00:00:00-04:00,44.80362254125543,44.8549101917321,43.85845961966987,43.97568893432617,1390300,0.0,0.0,BG
2012-05-31 00:00:00-04:00,43.99034220865241,43.99034220865241,43.45548329483732,43.59469223022461,996300,0.0,0.0,BG
2012-06-01 00:00:00-04:00,43.081815588065375,43.14043164549609,42.49566898859548,42.6568603515625,1056400,0.0,0.0,BG
2012-06-04 00:00:00-04:00,42.63488820466324,42.73013792345316,41.83626239704344,42.371124267578125,796600,0.0,0.0,BG
2012-06-05 00:00:00-04:00,42.290512423579415,42.83269690364389,42.12199547464224,42.73012161254883,1124600,0.0,0.0,BG
2012-06-06 00:00:00-04:00,43.08180417428302,43.96835084579143,42.8986332357912,43.96102523803711,963700,0.0,0.0,BG
2012-06-07 00:00:00-04:00,44.41530520552973,44.46659286413568,43.82183292881293,43.95371627807617,809400,0.0,0.0,BG
2012-06-08 00:00:00-04:00,43.741232592339,43.741232592339,43.24300728025459,43.45548629760742,758100,0.0,0.0,BG
2012-06-11 00:00:00-04:00,43.704594568621175,43.85845751265944,42.73745207042748,42.74477767944336,950300,0.0,0.0,BG
2012-06-12 00:00:00-04:00,42.85467008839517,43.301604789755714,42.66417076456737,43.103782653808594,903200,0.0,0.0,BG
2012-06-13 00:00:00-04:00,43.11111466979161,43.16972792009068,42.6495230957064,42.78140640258789,517300,0.0,0.0,BG
2012-06-14 00:00:00-04:00,42.75209837995492,42.89131008997809,42.473680549842335,42.78140640258789,765600,0.0,0.0,BG
2012-06-15 00:00:00-04:00,42.76674919437943,42.78873160719437,42.31981166502009,42.59823226928711,944400,0.0,0.0,BG
2012-06-18 00:00:00-04:00,42.31982870330904,42.78874883427417,42.297849076611605,42.70082473754883,621400,0.0,0.0,BG
2012-06-19 00:00:00-04:00,42.86200272579932,43.40418997297095,42.86200272579932,43.25032424926758,1031900,0.0,0.0,BG
2012-06-20 00:00:00-04:00,43.33825357423021,45.4630351960344,43.250329494317874,44.66440963745117,2800700,0.0,0.0,BG
2012-06-21 00:00:00-04:00,44.75233654407235,44.77431616795512,43.53607851650069,43.63865661621094,1196900,0.0,0.0,BG
2012-06-22 00:00:00-04:00,43.74121967502533,43.82914094090911,43.272302530356335,43.462799072265625,1949100,0.0,0.0,BG
2012-06-25 00:00:00-04:00,43.28695357558415,43.32358720094597,42.840016079257154,43.103782653808594,1080500,0.0,0.0,BG
2012-06-26 00:00:00-04:00,43.14042899293747,43.74122956982386,43.037853693708186,43.59469223022461,840900,0.0,0.0,BG
2012-06-27 00:00:00-04:00,43.82183193348086,44.415304196718026,43.48479516248122,44.31272888183594,769500,0.0,0.0,BG
2012-06-28 00:00:00-04:00,44.07826337422712,44.92817658762441,43.80717111343648,44.898868560791016,936900,0.0,0.0,BG
2012-06-29 00:00:00-04:00,45.15530644751336,46.28363745207407,45.15530644751336,45.96858596801758,1232000,0.0,0.0,BG
2012-07-02 00:00:00-04:00,46.00522040465594,46.166408953854535,45.60957044804943,45.902645111083984,908400,0.0,0.0,BG
2012-07-03 00:00:00-04:00,46.00521812276427,47.294743222194406,45.90996844275742,47.111572265625,740600,0.0,0.0,BG
2012-07-05 00:00:00-04:00,46.84048515400541,47.10425182323911,46.12245521829561,46.33493423461914,1160400,0.0,0.0,BG
2012-07-06 00:00:00-04:00,45.84402705706046,46.04917763523908,45.30184258759779,45.64620208740234,859400,0.0,0.0,BG
2012-07-09 00:00:00-04:00,45.64619639730223,45.64619639730223,44.51053716043267,44.561824798583984,931800,0.0,0.0,BG
2012-07-10 00:00:00-04:00,44.701044153299264,45.052734889937874,44.58381483940883,44.95748519897461,771200,0.0,0.0,BG
2012-07-11 00:00:00-04:00,45.16995388259035,45.65352504126432,45.07470421339144,45.57292938232422,863500,0.0,0.0,BG
2012-07-12 00:00:00-04:00,45.1626280448269,45.33847338295243,44.671731250628135,45.25054931640625,851900,0.0,0.0,BG
2012-07-13 00:00:00-04:00,45.41906620233829,46.02719225221775,45.323816533694526,45.99055862426758,666500,0.0,0.0,BG
2012-07-16 00:00:00-04:00,45.80007735310067,45.96859713908509,45.33848842791197,45.3751220703125,570700,0.0,0.0,BG
2012-07-17 00:00:00-04:00,45.631552539625375,45.675514579950416,44.825601365104,45.25788497924805,753000,0.0,0.0,BG
2012-07-18 00:00:00-04:00,45.27986819380937,46.679294446377234,45.14065924752142,46.56206512451172,964100,0.0,0.0,BG
2012-07-19 00:00:00-04:00,46.68661357011425,46.884438535492166,46.129772305724494,46.48878860473633,706700,0.0,0.0,BG
2012-07-20 00:00:00-04:00,46.20304936831422,46.349583917504056,45.704824075160126,46.22502899169922,751000,0.0,0.0,BG
2012-07-23 00:00:00-04:00,45.53631153600175,46.1444378001882,45.301852880536174,46.04186248779297,853700,0.0,0.0,BG
2012-07-24 00:00:00-04:00,45.96125603312661,45.96125603312661,45.17728456352583,45.4117431640625,966400,0.0,0.0,BG
2012-07-25 00:00:00-04:00,45.59491890350482,45.88066517819936,45.17728930280245,45.25788497924805,1051700,0.0,0.0,BG
2012-07-26 00:00:00-04:00,45.27985639073669,47.69771227080659,45.26520237995241,47.485233306884766,2073200,0.0,0.0,BG
2012-07-27 00:00:00-04:00,47.5218794104795,48.09337197263269,47.5218794104795,47.89554977416992,1335900,0.0,0.0,BG
2012-07-30 00:00:00-04:00,48.07871945063639,48.74545889176462,48.05673423812784,48.67219161987305,1179700,0.0,0.0,BG
2012-07-31 00:00:00-04:00,48.4816923846681,48.69417138673746,47.88822021367288,48.18861770629883,1605200,0.0,0.0,BG
2012-08-01 00:00:00-04:00,48.57694530373675,51.43440807106925,48.25456259565428,48.525657653808594,8797800,0.0,0.0,BG
2012-08-02 00:00:00-04:00,47.96148805510839,48.26921395557844,47.19217330393326,47.63178253173828,1748600,0.0,0.0,BG
2012-08-03 00:00:00-04:00,48.291200054812656,48.69417285855785,47.82227720128752,47.92485809326172,1495700,0.0,0.0,BG
2012-08-06 00:00:00-04:00,47.998125075585385,48.23258370595425,47.74900963648021,47.89554977416992,1073300,0.0,0.0,BG
2012-08-07 00:00:00-04:00,48.23990399053441,48.46703979455808,47.52187691828179,47.529205322265625,1351900,0.0,0.0,BG
2012-08-08 00:00:00-04:00,47.199485756903634,47.83692263074634,47.199485756903634,47.4412727355957,1870200,0.0,0.0,BG
2012-08-09 00:00:00-04:00,47.67572590076311,47.770972764922845,47.40463093209389,47.573150634765625,1654700,0.0,0.0,BG
2012-08-10 00:00:00-04:00,47.47791168092181,47.76365791094209,47.41196723326054,47.60246658325195,829100,0.0,0.0,BG
2012-08-13 00:00:00-04:00,47.30206542756196,47.79296783320647,47.30206542756196,47.49989318847656,667100,0.0,0.0,BG
2012-08-14 00:00:00-04:00,47.77831233972847,47.80762036400041,47.22147105842984,47.33870315551758,857500,0.0,0.0,BG
2012-08-15 00:00:00-04:00,47.19217395809744,47.38999615687474,46.97969495056053,47.24346160888672,786000,0.0,0.0,BG
2012-08-16 00:00:00-04:00,47.155539492113576,47.84426419422749,46.891772822790585,47.719703674316406,1739900,0.0,0.0,BG
2012-08-17 00:00:00-04:00,47.75650014595325,47.85950246447079,47.37391529442638,47.54313659667969,659200,0.27,0.0,BG
2012-08-20 00:00:00-04:00,47.66819470166566,48.05077381689394,47.24882665028694,47.86684036254883,805700,0.0,0.0,BG
2012-08-21 00:00:00-04:00,47.82269432074138,48.47013800771522,47.778552091439536,48.26413345336914,895200,0.0,0.0,BG
2012-08-22 00:00:00-04:00,48.19056665446384,48.20527886149524,47.90363090511951,48.16113662719727,753700,0.0,0.0,BG
2012-08-23 00:00:00-04:00,47.91834299749858,48.22735547645628,47.565193897552255,47.58726501464844,759200,0.0,0.0,BG
2012-08-24 00:00:00-04:00,47.38861990858312,47.55047664027246,47.05753630860976,47.395973205566406,649400,0.0,0.0,BG
2012-08-27 00:00:00-04:00,47.410672094714165,47.55781656047789,47.03544640985463,47.248809814453125,544400,0.0,0.0,BG
2012-08-28 00:00:00-04:00,47.23412072003936,47.440130955852574,46.932472697850166,47.17526626586914,692700,0.0,0.0,BG
2012-08-29 00:00:00-04:00,47.1752622243424,47.61670146542816,46.969254812780434,47.35919570922852,726700,0.0,0.0,BG
2012-08-30 00:00:00-04:00,47.21204654039112,47.21204654039112,46.616103833127056,46.67496109008789,551200,0.0,0.0,BG
2012-08-31 00:00:00-04:00,46.888332669909424,47.15319458166188,46.6970430436544,46.82947540283203,422600,0.0,0.0,BG
2012-09-04 00:00:00-04:00,47.16790718576026,47.248838374810994,46.48367434127987,46.83682632446289,574700,0.0,0.0,BG
2012-09-05 00:00:00-04:00,47.06490427613567,47.3886290282207,46.69703728084082,46.991329193115234,922900,0.0,0.0,BG
2012-09-06 00:00:00-04:00,47.26353892445652,47.76383814551929,47.08696437972953,47.14582443237305,739300,0.0,0.0,BG
2012-09-07 00:00:00-04:00,47.42541181897418,47.99928342697677,47.08697486074714,47.881568908691406,821800,0.0,0.0,BG
2012-09-10 00:00:00-04:00,47.8079966370716,48.25678920210184,47.76384878115672,47.84477996826172,491200,0.0,0.0,BG
2012-09-11 00:00:00-04:00,47.8447708536096,48.26413891907809,47.74912747489004,48.19792556762695,673200,0.0,0.0,BG
2012-09-12 00:00:00-04:00,48.44071543195693,48.874801335247575,48.30092981327349,48.48486328125,968900,0.0,0.0,BG
2012-09-13 00:00:00-04:00,48.31563656506277,49.22059159512875,48.080201977166446,48.948368072509766,764900,0.0,0.0,BG
2012-09-14 00:00:00-04:00,49.17644882393331,49.595822515502775,48.99987426809623,49.21323776245117,758600,0.0,0.0,BG
2012-09-17 00:00:00-04:00,49.1102483171458,49.55904654108551,48.933673715118736,49.25739288330078,830700,0.0,0.0,BG
2012-09-18 00:00:00-04:00,49.0955272041865,49.4928185834122,48.389217697730125,49.426605224609375,1058100,0.0,0.0,BG
2012-09-19 00:00:00-04:00,49.59582352061411,49.81654031658255,48.617296113528994,48.727657318115234,1057000,0.0,0.0,BG
2012-09-20 00:00:00-04:00,48.5584257090745,48.68349909479283,48.15376991621774,48.345062255859375,1028100,0.0,0.0,BG
2012-09-21 00:00:00-04:00,48.55843398966153,48.69086630688876,47.79327011381574,47.83005905151367,1271300,0.0,0.0,BG
2012-09-24 00:00:00-04:00,47.95514689153698,48.337726138002175,47.63878101701162,48.13172149658203,928400,0.0,0.0,BG
2012-09-25 00:00:00-04:00,48.23471749182391,48.86009585967328,48.15378630570704,48.60994338989258,1183400,0.0,0.0,BG
2012-09-26 00:00:00-04:00,48.60258435631877,48.70558666326233,47.749135868328565,48.39657974243164,945100,0.0,0.0,BG
2012-09-27 00:00:00-04:00,48.41865624151678,49.816552065141146,48.38922620580617,49.5149040222168,1403800,0.0,0.0,BG
2012-09-28 00:00:00-04:00,49.27209926199732,49.63260729457527,48.9630923769305,49.33095932006836,959300,0.0,0.0,BG
2012-10-01 00:00:00-04:00,49.55904612822742,50.0299154718472,49.50018605697361,49.838623046875,1092000,0.0,0.0,BG
2012-10-02 00:00:00-04:00,49.94897079215089,50.14762207570007,49.61789280384068,49.91218185424805,1152300,0.0,0.0,BG
2012-10-03 00:00:00-04:00,49.919551127917885,50.16234469679208,49.58111415912581,49.934268951416016,734200,0.0,0.0,BG
2012-10-04 00:00:00-04:00,50.03726476048422,50.65527855017177,49.77240010398834,50.52284622192383,760200,0.0,0.0,BG
2012-10-05 00:00:00-04:00,50.67000738440542,51.08201666707679,50.13291904388983,50.353641510009766,1114300,0.0,0.0,BG
2012-10-08 00:00:00-04:00,50.39777981078261,50.76564681670073,50.30948970860844,50.71414566040039,638900,0.0,0.0,BG
2012-10-09 00:00:00-04:00,50.75094110250762,50.853943428292816,50.309496148335896,50.41249847412109,514600,0.0,0.0,BG
2012-10-10 00:00:00-04:00,50.40511863247756,50.40511863247756,49.80181720775972,49.8680305480957,881600,0.0,0.0,BG
2012-10-11 00:00:00-04:00,50.33892618616107,50.57436087555662,49.95634692084544,50.41249847412109,747900,0.0,0.0,BG
2012-10-12 00:00:00-04:00,50.37570405879205,50.67735205705552,50.08140935846352,50.4419174194336,1065400,0.0,0.0,BG
2012-10-15 00:00:00-04:00,50.55963815889322,51.0157896173981,50.41984691156839,50.898075103759766,881900,0.0,0.0,BG
2012-10-16 00:00:00-04:00,51.13350576748981,51.79566739647224,50.90543005597526,51.692665100097656,1475000,0.0,0.0,BG
2012-10-17 00:00:00-04:00,51.85453475649102,52.23711396643501,51.29537534515292,51.6264533996582,1161800,0.0,0.0,BG
2012-10-18 00:00:00-04:00,51.54553439694411,51.95019043763404,51.54553439694411,51.89868927001953,1083300,0.0,0.0,BG
2012-10-19 00:00:00-04:00,51.61908303163359,51.96487318197243,51.4130728647978,51.55286407470703,1149500,0.0,0.0,BG
2012-10-22 00:00:00-04:00,51.75888418158646,51.87660431229542,50.92750680797235,51.40573501586914,675800,0.0,0.0,BG
2012-10-23 00:00:00-04:00,51.08199948620323,51.08199948620323,50.36833678074765,50.85392379760742,770800,0.0,0.0,BG
2012-10-24 00:00:00-04:00,51.12615747782832,51.42781113216552,50.23591995239258,50.23591995239258,948700,0.0,0.0,BG
2012-10-25 00:00:00-04:00,50.39777861558343,52.38425815514928,50.39777861558343,51.6338119506836,2048500,0.0,0.0,BG
2012-10-26 00:00:00-04:00,51.95753874537909,52.001680990550746,51.18501577564424,51.56024169921875,1261600,0.0,0.0,BG
2012-10-31 00:00:00-04:00,51.91338232956396,52.40632830994552,51.83245115128658,52.25917816162109,1244900,0.0,0.0,BG
2012-11-01 00:00:00-04:00,52.2297439174422,52.96547776008397,51.98695601540527,52.6638298034668,1108700,0.0,0.0,BG
2012-11-02 00:00:00-04:00,52.95813751220703,53.0832109491057,52.65648386805775,52.95813751220703,1163000,0.0,0.0,BG
2012-11-05 00:00:00-05:00,52.75212194199435,53.370141378535926,52.64911963810485,53.27449798583984,853700,0.0,0.0,BG
2012-11-06 00:00:00-05:00,53.50256580041303,54.06172509111102,53.16412890723375,53.78214263916016,1008200,0.0,0.0,BG
2012-11-07 00:00:00-05:00,53.4510701774508,53.4510701774508,52.81833855995486,53.31863784790039,1072800,0.0,0.0,BG
2012-11-08 00:00:00-05:00,53.18620219109531,53.370135658786246,52.568182820787705,52.59025955200195,914500,0.0,0.0,BG
2012-11-09 00:00:00-05:00,52.27388381965784,53.20826318798309,52.09730368275625,52.59760284423828,791000,0.0,0.0,BG
2012-11-12 00:00:00-05:00,52.63439905154316,52.76683136592359,52.38424662962292,52.6049690246582,601200,0.0,0.0,BG
2012-11-13 00:00:00-05:00,52.25918035860078,53.03905653129154,52.25918035860078,52.93605422973633,785900,0.0,0.0,BG
2012-11-14 00:00:00-05:00,52.91398365598378,53.399570751073895,52.00167514141978,52.24446868896485,1371800,0.0,0.0,BG
2012-11-15 00:00:00-05:00,52.1927586461244,52.45863420089119,51.675781531093385,51.99335479736328,828000,0.27,0.0,BG
2012-11-16 00:00:00-05:00,51.808712630377165,52.436472084748,51.59453481472082,51.941650390625,1137500,0.0,0.0,BG
2012-11-19 00:00:00-05:00,52.66542874736974,53.15286917690086,52.42171416723253,52.99777603149414,1054600,0.0,0.0,BG
2012-11-20 00:00:00-05:00,53.07164605517355,53.58862337163992,52.70237493351753,53.3966064453125,1012400,0.0,0.0,BG
2012-11-21 00:00:00-05:00,53.27842123866946,53.42612738983453,53.07901737113376,53.271034240722656,519700,0.0,0.0,BG
2012-11-23 00:00:00-05:00,53.54430009577214,53.95788185205136,53.50737073840627,53.95050048828125,265700,0.0,0.0,BG
2012-11-26 00:00:00-05:00,53.595988382122734,54.09819712691126,53.595988382122734,54.05388641357422,1068800,0.0,0.0,BG
2012-11-27 00:00:00-05:00,53.913564374530274,54.18682693475772,53.477827312289136,53.49259567260742,1220600,0.0,0.0,BG
2012-11-28 00:00:00-05:00,53.21195767880932,53.50736999511719,52.93130808983659,53.50736999511719,680800,0.0,0.0,BG
2012-11-29 00:00:00-05:00,53.50737398890684,53.7437072403703,53.30058309820497,53.61815643310547,542400,0.0,0.0,BG
2012-11-30 00:00:00-05:00,53.751092495133214,54.05389745714227,53.6772394129402,54.03174209594727,975500,0.0,0.0,BG
2012-12-03 00:00:00-05:00,54.031742416106354,54.17206158271584,53.17503088062983,53.23411560058594,933700,0.0,0.0,BG
2012-12-04 00:00:00-05:00,53.3375110406467,53.40397712462239,52.72451974904665,52.82791519165039,798400,0.0,0.0,BG
2012-12-05 00:00:00-05:00,52.850059226731325,53.53690345376157,52.61372603219554,52.731895446777344,1305200,0.0,0.0,BG
2012-12-06 00:00:00-05:00,53.04208634531759,53.1750241310303,52.69497070292173,52.97562026977539,671100,0.0,0.0,BG
2012-12-07 00:00:00-05:00,53.175034368386825,53.95050587344422,53.02732819343751,53.83233642578125,1194100,0.0,0.0,BG
2012-12-10 00:00:00-05:00,53.77324060559783,53.87663603365211,53.499983674866456,53.64768981933594,661300,0.0,0.0,BG
2012-12-11 00:00:00-05:00,53.54432310574425,53.95790503975489,53.35968750882789,53.65510559082031,752900,0.0,0.0,BG
2012-12-12 00:00:00-05:00,54.105575478898096,54.19419689141205,53.2710196135455,53.40395736694336,818000,0.0,0.0,BG
2012-12-13 00:00:00-05:00,53.49261117322531,53.9135799971328,53.35967335332664,53.61077499389648,656800,0.0,0.0,BG
2012-12-14 00:00:00-05:00,53.278411865234375,53.48520269433552,53.00514933556357,53.278411865234375,638000,0.0,0.0,BG
2012-12-17 00:00:00-05:00,53.28579874495389,53.60337198455593,53.21194568252661,53.374420166015625,695200,0.0,0.0,BG
2012-12-18 00:00:00-05:00,53.47046159285413,53.83973272866855,53.27105202412134,53.81757736206055,688300,0.0,0.0,BG
2012-12-19 00:00:00-05:00,53.91357594406495,54.65211808028501,53.765869770672666,54.3123893737793,1363000,0.0,0.0,BG
2012-12-20 00:00:00-05:00,54.23113034263201,54.64471199135103,54.21636198430377,54.519161224365234,586700,0.0,0.0,BG
2012-12-21 00:00:00-05:00,54.33453402671517,54.48962716859622,53.78062753372787,54.149898529052734,874900,0.0,0.0,BG
2012-12-24 00:00:00-05:00,54.05389698975257,54.14251843376631,53.75847902890591,54.11297607421875,174500,0.0,0.0,BG
2012-12-26 00:00:00-05:00,54.22375065286751,54.29760372371521,53.29319181785581,53.49259567260742,341900,0.0,0.0,BG
2012-12-27 00:00:00-05:00,53.49259360438496,53.906175292844,53.21933105472286,53.68461608886719,380500,0.0,0.0,BG
2012-12-28 00:00:00-05:00,53.52953034804113,53.89880137362615,53.08640060963616,53.16764068603516,378400,0.0,0.0,BG
2012-12-31 00:00:00-05:00,53.14547798673059,53.77323751660675,52.82790472319872,53.68461608886719,445600,0.0,0.0,BG
2013-01-02 00:00:00-05:00,54.21638412251072,54.63735293960199,54.076059305270405,54.58565521240234,663500,0.0,0.0,BG
2013-01-03 00:00:00-05:00,54.50439212927056,54.78503601073237,54.297595673079066,54.48223114013672,590400,0.0,0.0,BG
2013-01-04 00:00:00-05:00,54.65210617182868,55.15431494041439,54.445315320286575,54.99922180175781,822700,0.0,0.0,BG
2013-01-07 00:00:00-05:00,55.11739567387613,55.154325033249926,54.40101455983514,54.82198333740234,585400,0.0,0.0,BG
2013-01-08 00:00:00-05:00,54.9106099399588,54.9844630310112,54.12775703247005,54.58565521240234,560700,0.0,0.0,BG
2013-01-09 00:00:00-05:00,54.748107930590734,55.220774286427805,54.34191327443907,54.94751739501953,694500,0.0,0.0,BG
2013-01-10 00:00:00-05:00,55.10262124175913,55.24294603036885,54.72596322922326,55.110008239746094,442900,0.0,0.0,BG
2013-01-11 00:00:00-05:00,54.969673657380646,55.390642313578745,54.41576723424486,55.1986198425293,860400,0.0,0.0,BG
2013-01-14 00:00:00-05:00,55.087849276918966,55.73038289439108,54.96968547791335,55.62698745727539,712800,0.0,0.0,BG
2013-01-15 00:00:00-05:00,55.398049407597625,56.0184221219478,55.375894044175055,55.96672439575195,811900,0.0,0.0,BG
2013-01-16 00:00:00-05:00,55.7894585460283,56.498458128743465,55.62697841849669,56.46152877807617,707900,0.0,0.0,BG
2013-01-17 00:00:00-05:00,56.49845126158336,57.21483775428364,56.31381579994419,57.00065994262695,741600,0.0,0.0,BG
2013-01-18 00:00:00-05:00,56.83820589693443,56.91205898852862,56.49847716789741,56.86774826049805,556200,0.0,0.0,BG
2013-01-22 00:00:00-05:00,56.74957564761048,57.886931225671766,56.74957564761048,57.621055603027344,1149500,0.0,0.0,BG
2013-01-23 00:00:00-05:00,57.495511773641695,57.95340998705845,57.34780558073568,57.480743408203125,810100,0.0,0.0,BG
2013-01-24 00:00:00-05:00,57.60627512868774,58.13802626218537,56.99328392564863,57.99031448364258,1242600,0.0,0.0,BG
2013-01-25 00:00:00-05:00,58.15279267208828,58.26357509362232,57.70228162324377,57.88691711425781,856900,0.0,0.0,BG
2013-01-28 00:00:00-05:00,57.97555037016068,58.44821682686685,57.606279348694684,58.41867446899414,742500,0.0,0.0,BG
2013-01-29 00:00:00-05:00,58.0715624173554,58.40390973811268,57.31086496738647,58.30789566040039,613700,0.0,0.0,BG
2013-01-30 00:00:00-05:00,58.36698264009897,58.36698264009897,57.97555621939404,58.019866943359375,661600,0.0,0.0,BG
2013-01-31 00:00:00-05:00,57.83522014515176,58.869180035039015,57.83522014515176,58.83225631713867,1436600,0.0,0.0,BG
2013-02-01 00:00:00-05:00,59.05382210330959,59.07597746344212,58.4112884863223,58.9799690246582,666200,0.0,0.0,BG
2013-02-04 00:00:00-05:00,58.58854962028959,58.67717107138327,58.27097627306866,58.6402473449707,689600,0.0,0.0,BG
2013-02-05 00:00:00-05:00,58.7140828488114,59.814508735829214,58.61807442733592,59.02426910400391,1277900,0.0,0.0,BG
2013-02-06 00:00:00-05:00,58.67717074685613,58.94304636792547,58.42606912397362,58.62547302246094,1595000,0.0,0.0,BG
2013-02-07 00:00:00-05:00,54.97708975893198,55.74517441512639,52.6285250561206,53.263671875,5985900,0.0,0.0,BG
2013-02-08 00:00:00-05:00,53.278429843575815,54.66688704651165,53.17503439413535,54.65211868286133,2413900,0.0,0.0,BG
2013-02-11 00:00:00-05:00,54.62998093307016,55.53100354122823,54.17946962899112,54.364105224609375,2367100,0.0,0.0,BG
2013-02-12 00:00:00-05:00,54.29022758983944,54.615182259793,53.95788028707251,54.378849029541016,1501200,0.0,0.0,BG
2013-02-13 00:00:00-05:00,54.4826347880419,54.77914005401632,54.23060898795256,54.415924072265625,1202100,0.27,0.0,BG
2013-02-14 00:00:00-05:00,54.37144194332,54.88291336069032,54.23060633179001,54.845848083496094,1554900,0.0,0.0,BG
2013-02-15 00:00:00-05:00,54.95703179675803,55.93549505272475,54.92738070956309,55.52780532836914,1796100,0.0,0.0,BG
2013-02-19 00:00:00-05:00,55.59452097915254,55.66864587605132,55.36473210215619,55.46109390258789,872900,0.0,0.0,BG
2013-02-20 00:00:00-05:00,55.41660129591693,55.424009824336544,54.75688032319836,54.91254425048828,1233800,0.0,0.0,BG
2013-02-21 00:00:00-05:00,54.890321499419166,55.001506008017,54.17129818186429,54.43815231323242,1088300,0.0,0.0,BG
2013-02-22 00:00:00-05:00,54.445566337223504,54.66794668759111,54.08976456307602,54.40109252929688,895300,0.0,0.0,BG
2013-02-25 00:00:00-05:00,54.26024628134685,54.94220998734925,53.81549127681779,53.84514236450195,1058500,0.0,0.0,BG
2013-02-26 00:00:00-05:00,54.089739515801135,54.104562226457,53.43742713965092,53.94889831542969,1166400,0.0,0.0,BG
2013-02-27 00:00:00-05:00,53.74136582064263,54.808782344590654,53.74136582064263,54.7717170715332,1251000,0.0,0.0,BG
2013-02-28 00:00:00-05:00,54.5196952518544,55.10528588984068,54.38626817671861,54.93479919433594,1036400,0.0,0.0,BG
2013-03-01 00:00:00-05:00,54.37885046124773,54.44556116680249,53.73395203071823,54.22318649291992,1452700,0.0,0.0,BG
2013-03-04 00:00:00-05:00,53.99339615013498,54.50486755371094,53.82290945252109,54.50486755371094,874400,0.0,0.0,BG
2013-03-05 00:00:00-05:00,54.71240419915746,55.5796827829741,54.61604242556252,55.29800033569336,957700,0.0,0.0,BG
2013-03-06 00:00:00-05:00,55.3499128218894,56.009634126785095,55.03858481055239,55.88362121582031,1026200,0.0,0.0,BG
2013-03-07 00:00:00-05:00,56.098584988259816,56.105999175457576,55.57229080457505,55.64641571044922,582900,0.0,0.0,BG
2013-03-08 00:00:00-05:00,55.90585589168365,55.9948091722445,55.594527892772405,55.89103317260742,843200,0.0,0.0,BG
2013-03-11 00:00:00-04:00,55.63158473832733,55.86878779515566,55.26836313930351,55.53521728515625,662800,0.0,0.0,BG
2013-03-12 00:00:00-04:00,55.55745115917922,55.95773235613565,55.27577431185433,55.80948257446289,675700,0.0,0.0,BG
2013-03-13 00:00:00-04:00,55.965148447099686,56.20976568501744,55.64640631582206,56.01703643798828,1069800,0.0,0.0,BG
2013-03-14 00:00:00-04:00,55.979981801346405,56.684182560499664,55.73537017231263,56.36544036865234,753600,0.0,0.0,BG
2013-03-15 00:00:00-04:00,56.269079316141614,56.5581704178501,55.972574026977824,56.51369094848633,1991300,0.0,0.0,BG
2013-03-18 00:00:00-04:00,56.18752375840669,56.18752375840669,55.631578624868496,55.87619018554688,481200,0.0,0.0,BG
2013-03-19 00:00:00-04:00,55.89103534578715,56.00222553696961,55.3573269524058,55.80208206176758,549300,0.0,0.0,BG
2013-03-20 00:00:00-04:00,55.95033403811953,55.98739366261867,55.46109948964213,55.71313095092773,518400,0.0,0.0,BG
2013-03-21 00:00:00-04:00,55.57970780727738,55.57970780727738,54.54935063857063,54.59383010864258,1123300,0.0,0.0,BG
2013-03-22 00:00:00-04:00,54.77913810774197,54.88291409884077,54.38627104781544,54.62347412109375,888500,0.0,0.0,BG
2013-03-25 00:00:00-04:00,54.957045398691584,55.26096487613524,54.23802190851321,54.31956100463867,787700,0.0,0.0,BG
2013-03-26 00:00:00-04:00,54.39367772095222,54.51228208122349,54.149066124785264,54.28990173339844,946100,0.0,0.0,BG
2013-03-27 00:00:00-04:00,54.16388793407593,54.60864296690253,53.96375014868244,54.60123443603516,857000,0.0,0.0,BG
2013-03-28 00:00:00-04:00,54.69017624424245,54.89031966375861,54.49003848009275,54.72724151611328,964800,0.0,0.0,BG
2013-04-01 00:00:00-04:00,54.83101500610899,54.89031717626832,54.29730678540748,54.49003601074219,462500,0.0,0.0,BG
2013-04-02 00:00:00-04:00,54.54193966298859,54.69760366284672,53.59312728935742,53.7784423828125,927500,0.0,0.0,BG
2013-04-03 00:00:00-04:00,53.74878665049794,53.7784377415359,52.125424762215786,52.30332565307617,1847300,0.0,0.0,BG
2013-04-04 00:00:00-04:00,52.25885009765625,52.72584204132015,51.910456858813134,52.25885009765625,987300,0.0,0.0,BG
2013-04-05 00:00:00-04:00,51.7770403336557,52.103196735277365,51.35452211126777,51.45088958740234,1282700,0.0,0.0,BG
2013-04-08 00:00:00-04:00,51.539824886601785,51.82891593508815,51.33968710509853,51.51017379760742,1326500,0.0,0.0,BG
2013-04-09 00:00:00-04:00,51.59171204202149,51.63619150247535,50.687373636140144,50.73926162719727,1809600,0.0,0.0,BG
2013-04-10 00:00:00-04:00,50.82080232395358,51.06541957044983,50.25744859036876,50.331573486328125,2199300,0.0,0.0,BG
2013-04-11 00:00:00-04:00,50.33157541629162,50.62808066686562,49.8794061816239,50.1240234375,1440300,0.0,0.0,BG
2013-04-12 00:00:00-04:00,50.02766529876409,51.339699438975465,49.56067325948808,51.32487106323242,2870900,0.0,0.0,BG
2013-04-15 00:00:00-04:00,50.798551711116765,50.94680711839117,49.39015644652034,49.501346588134766,1572100,0.0,0.0,BG
2013-04-16 00:00:00-04:00,49.63476932096898,49.93127445442916,48.9453972892042,49.21966552734375,1831100,0.0,0.0,BG
2013-04-17 00:00:00-04:00,48.7526946097725,49.3679421065082,48.73045770236222,49.301231384277344,1472300,0.0,0.0,BG
2013-04-18 00:00:00-04:00,49.2938091178809,49.9980041288466,48.90835625674925,49.849754333496094,1210800,0.0,0.0,BG
2013-04-19 00:00:00-04:00,50.19072006272401,50.83561837756557,50.0647072045926,50.59841537475586,1061300,0.0,0.0,BG
2013-04-22 00:00:00-04:00,50.49464408190524,50.52429516691792,49.812680437345776,50.287086486816406,887600,0.0,0.0,BG
2013-04-23 00:00:00-04:00,50.52430740788373,51.0950753804059,50.36122922848666,51.05801010131836,1196100,0.0,0.0,BG
2013-04-24 00:00:00-04:00,51.16176568238755,51.5546382557066,50.427919823278415,50.6280632019043,2029700,0.0,0.0,BG
2013-04-25 00:00:00-04:00,51.89564120685748,54.51228946455312,51.79927373724294,54.08977127075195,3115700,0.0,0.0,BG
2013-04-26 00:00:00-04:00,54.008234061898094,54.08977315963418,52.57018705313597,53.01494216918945,1352400,0.0,0.0,BG
2013-04-29 00:00:00-04:00,53.0001152749387,53.55606054006043,52.83703709231082,53.22990417480469,864000,0.0,0.0,BG
2013-04-30 00:00:00-04:00,53.5931178825002,53.65982858985816,52.985284708871305,53.52640151977539,1082400,0.0,0.0,BG
2013-05-01 00:00:00-04:00,53.43744320361749,53.43744320361749,52.3552040287372,52.55534744262695,796800,0.0,0.0,BG
2013-05-02 00:00:00-04:00,52.54793900612944,52.68136607819742,52.080947081574976,52.22178268432617,924100,0.0,0.0,BG
2013-05-03 00:00:00-04:00,52.488646054614826,52.95564371662239,52.05130514202075,52.72584915161133,885700,0.0,0.0,BG
2013-05-06 00:00:00-04:00,52.63690267469261,52.90375687156408,52.25144409904802,52.86669158935547,605700,0.0,0.0,BG
2013-05-07 00:00:00-04:00,52.86669273808822,53.511591337101855,52.84445583042709,53.00753402709961,1271200,0.0,0.0,BG
2013-05-08 00:00:00-04:00,52.896337134464495,53.84514944363324,52.86668604288205,53.81549835205078,810700,0.0,0.0,BG
2013-05-09 00:00:00-04:00,54.00082581705957,54.03789110387977,53.43746625853117,53.54865646362305,930400,0.0,0.0,BG
2013-05-10 00:00:00-04:00,53.74136940570768,53.89703338327327,53.37073927187521,53.696895599365234,581500,0.0,0.0,BG
2013-05-13 00:00:00-04:00,53.57830166572021,53.61536694846138,52.66655452611578,53.01494216918945,1037000,0.0,0.0,BG
2013-05-14 00:00:00-04:00,53.08165012653076,53.50416826806133,53.02234794569943,53.48934555053711,937300,0.0,0.0,BG
2013-05-15 00:00:00-04:00,53.0964716442867,53.97857318427725,52.851860050777375,53.76360702514648,1632700,0.0,0.0,BG
2013-05-16 00:00:00-04:00,53.56271610228211,53.94961486661471,53.04933928154976,53.19814300537109,1073400,0.27,0.0,BG
2013-05-17 00:00:00-04:00,53.23534508363437,53.63711626048996,53.04933759651684,53.62223815917969,757700,0.0,0.0,BG
2013-05-20 00:00:00-04:00,53.3320736102851,53.73385051393903,53.183269872560864,53.28743362426758,895500,0.0,0.0,BG
2013-05-21 00:00:00-04:00,53.22792181195757,53.64457691235254,53.168398032901145,53.44369125366211,644500,0.0,0.0,BG
2013-05-22 00:00:00-04:00,53.40647429537569,54.00913679924899,53.13862303221008,53.34695053100586,888800,0.0,0.0,BG
2013-05-23 00:00:00-04:00,52.45414159005514,53.094008168536206,52.15652830388933,52.87823867797852,881900,0.0,0.0,BG
2013-05-24 00:00:00-04:00,52.7591808585024,52.79637896024175,52.32020011658114,52.59549331665039,624300,0.0,0.0,BG
2013-05-28 00:00:00-04:00,52.8930841165713,53.07165538387069,52.2681017105168,52.60291290283203,625800,0.0,0.0,BG
2013-05-29 00:00:00-04:00,52.766592305125634,53.33949843269436,52.3127336708428,53.04188537597656,849400,0.0,0.0,BG
2013-05-30 00:00:00-04:00,53.24278123733608,53.317188773299456,52.833568172027526,53.02701187133789,776400,0.0,0.0,BG
2013-05-31 00:00:00-04:00,52.90052982014722,53.04933922029493,51.78448486328125,51.78448486328125,1146800,0.0,0.0,BG
2013-06-03 00:00:00-04:00,51.73985079912591,52.03002206697895,51.449679531272864,51.985382080078125,734800,0.0,0.0,BG
2013-06-04 00:00:00-04:00,52.03744649513551,52.096964565531614,51.56126787298503,51.7100715637207,832100,0.0,0.0,BG
2013-06-05 00:00:00-04:00,51.68033057195113,51.68033057195113,51.0925461060034,51.13719177246094,870100,0.0,0.0,BG
2013-06-06 00:00:00-04:00,51.16692949759052,51.33805885810964,50.7279546175804,51.293418884277344,608400,0.0,0.0,BG
2013-06-07 00:00:00-04:00,51.36038743168678,51.777042394439,51.36038743168678,51.70264053344727,384100,0.0,0.0,BG
2013-06-10 00:00:00-04:00,51.76217738061152,52.14163434706047,51.47944796675715,52.09698867797852,476500,0.0,0.0,BG
2013-06-11 00:00:00-04:00,51.9630493548671,52.29042435168752,51.62079625659943,52.21602249145508,555500,0.0,0.0,BG
2013-06-12 00:00:00-04:00,53.019585068776,53.36928011447441,52.506202497303946,52.52852249145508,1422400,0.0,0.0,BG
2013-06-13 00:00:00-04:00,52.77404651233898,53.64456022334437,52.24578590968191,53.45111083984375,1025900,0.0,0.0,BG
2013-06-14 00:00:00-04:00,53.58503454372758,53.64455830213419,52.402029647010856,52.78148651123047,689900,0.0,0.0,BG
2013-06-17 00:00:00-04:00,52.8484655174905,53.14607874022248,52.31276285187296,52.9303092956543,689400,0.0,0.0,BG
2013-06-18 00:00:00-04:00,52.82611407272741,53.748709405141874,52.82611407272741,53.43621826171875,659100,0.0,0.0,BG
2013-06-19 00:00:00-04:00,53.42134539867846,53.55527099848284,52.796357374092274,52.81124114990234,705900,0.0,0.0,BG
2013-06-20 00:00:00-04:00,52.476443501561086,52.69965480835733,52.28299408077096,52.3425178527832,1070100,0.0,0.0,BG
2013-06-21 00:00:00-04:00,52.53595618819823,52.56571806792443,52.02257369679298,52.22346496582031,1322700,0.0,0.0,BG
2013-06-24 00:00:00-04:00,51.76961252418604,51.92585815435977,51.099984340227984,51.33807373046875,1372000,0.0,0.0,BG
2013-06-25 00:00:00-04:00,51.62080423334334,51.81425364103906,51.28599297231137,51.57616424560547,878900,0.0,0.0,BG
2013-06-26 00:00:00-04:00,51.88867040721573,52.394611227302896,51.70266283624988,52.26812744140625,535800,0.0,0.0,BG
2013-06-27 00:00:00-04:00,52.39459967669815,52.93774416184028,52.26067402806717,52.86334228515625,460900,0.0,0.0,BG
2013-06-28 00:00:00-04:00,52.81868245531343,52.91540997791585,52.37970752703347,52.65499496459961,899800,0.0,0.0,BG
2013-07-01 00:00:00-04:00,52.65501066352431,53.61481022810015,52.46156691364043,53.4064826965332,586300,0.0,0.0,BG
2013-07-02 00:00:00-04:00,53.46598618236238,53.74127927404295,52.90052189946324,53.093971252441406,567000,0.0,0.0,BG
2013-07-03 00:00:00-04:00,52.90055068348161,53.436253382291625,52.72942690144534,53.4213752746582,460100,0.0,0.0,BG
2013-07-05 00:00:00-04:00,53.96448810783792,53.96448810783792,52.81124516084917,53.08653259277344,679100,0.0,0.0,BG
2013-07-08 00:00:00-04:00,53.2651018532235,54.061219355998695,53.16838000243214,53.85288619995117,567800,0.0,0.0,BG
2013-07-09 00:00:00-04:00,54.15049035873256,55.24421512191093,54.15049035873256,54.84988021850586,1168000,0.0,0.0,BG
2013-07-10 00:00:00-04:00,54.849900580312834,55.236793739591285,54.396041759400106,55.14007186889648,666500,0.0,0.0,BG
2013-07-11 00:00:00-04:00,55.132603881433546,55.608782471992754,55.01356207204202,55.22188949584961,867700,0.0,0.0,BG
2013-07-12 00:00:00-04:00,55.22190152569331,55.281425281604335,54.76804282074289,55.22934341430664,510300,0.0,0.0,BG
2013-07-15 00:00:00-04:00,55.169835912001865,55.37816344256811,54.626691413168906,54.82014083862305,765800,0.0,0.0,BG
2013-07-16 00:00:00-04:00,54.83499809503034,54.97636558409387,54.26953949177084,54.64899063110352,617700,0.0,0.0,BG
2013-07-17 00:00:00-04:00,54.61923501378044,54.96148806987045,54.50018751088093,54.58203125,603100,0.0,0.0,BG
2013-07-18 00:00:00-04:00,54.70109288850154,54.931746089784895,54.58949290973476,54.86478042602539,442600,0.0,0.0,BG
2013-07-19 00:00:00-04:00,54.656453299892576,55.05078836510717,54.37372389076689,54.82014083862305,473000,0.0,0.0,BG
2013-07-22 00:00:00-04:00,54.93173904938215,55.02101902095288,54.70108587766078,54.797813415527344,756800,0.0,0.0,BG
2013-07-23 00:00:00-04:00,54.96148945125248,55.03589130418597,54.67875446300869,54.7234001159668,499900,0.0,0.0,BG
2013-07-24 00:00:00-04:00,54.79779276124229,55.34837319223328,54.51505782050638,55.22188949584961,965300,0.0,0.0,BG
2013-07-25 00:00:00-04:00,51.73982347612783,55.519495528713136,50.9065082095473,55.45252990722656,2501100,0.0,0.0,BG
2013-07-26 00:00:00-04:00,55.25911651446222,56.27843985928935,54.88710144099971,55.62369537353516,1414000,0.0,0.0,BG
2013-07-29 00:00:00-04:00,55.631116130804486,56.189138585951575,55.54927805976103,55.64599990844727,654300,0.0,0.0,BG
2013-07-30 00:00:00-04:00,55.57159664891462,57.05965649179681,55.57159664891462,56.866207122802734,1313000,0.0,0.0,BG
2013-07-31 00:00:00-04:00,57.067095376714775,57.625117843931015,56.55371856689453,56.55371856689453,1013800,0.0,0.0,BG
2013-08-01 00:00:00-04:00,56.83646125845621,57.26055820610716,56.61324994853489,56.92574691772461,668900,0.0,0.0,BG
2013-08-02 00:00:00-04:00,56.99268419764733,57.052207946777344,56.50162745856756,57.052207946777344,437300,0.0,0.0,BG
2013-08-05 00:00:00-04:00,57.0819883034897,57.17126827959487,56.80669513200112,57.11918640136719,449600,0.0,0.0,BG
2013-08-06 00:00:00-04:00,57.05964805456365,57.387017311572144,56.60578941547543,56.88107681274414,727200,0.0,0.0,BG
2013-08-07 00:00:00-04:00,56.91085321399641,57.3721538583741,56.68764761948986,57.26799011230469,621000,0.0,0.0,BG
2013-08-08 00:00:00-04:00,57.34982798067441,57.82600667854889,56.68019991288284,57.51351547241211,627800,0.0,0.0,BG
2013-08-09 00:00:00-04:00,57.32751346962705,57.736726561579616,57.17126217512877,57.38703155517578,749800,0.0,0.0,BG
2013-08-12 00:00:00-04:00,57.32751043531629,57.69952541367267,57.18614292706148,57.44655227661133,472000,0.0,0.0,BG
2013-08-13 00:00:00-04:00,57.40191516674187,58.14594516066854,57.39447327738306,57.93017578125,620900,0.0,0.0,BG
2013-08-14 00:00:00-04:00,57.840892241459855,58.59236415206789,57.840892241459855,58.20547103881836,647200,0.0,0.0,BG
2013-08-15 00:00:00-04:00,58.03433757678792,58.65188381336202,56.70996514032657,56.73972702026367,920600,0.0,0.0,BG
2013-08-16 00:00:00-04:00,56.76960039521583,57.262602292022784,56.28406977836812,56.96381378173828,590100,0.3,0.0,BG
2013-08-19 00:00:00-04:00,56.777065990949374,57.37463725277581,56.52309378801304,56.53803634643555,567200,0.0,0.0,BG
2013-08-20 00:00:00-04:00,56.41851966832126,56.92645838422311,56.33635269229917,56.64261245727539,633200,0.0,0.0,BG
2013-08-21 00:00:00-04:00,56.515633398904285,56.89658318992616,56.48575397823098,56.6276741027832,564300,0.0,0.0,BG
2013-08-22 00:00:00-04:00,57.2103207466656,57.59127631776276,56.90406659262444,57.165504455566406,465700,0.0,0.0,BG
2013-08-23 00:00:00-04:00,57.14309075816848,57.800420992403794,57.03104434238858,57.29995346069336,420300,0.0,0.0,BG
2013-08-26 00:00:00-04:00,57.56887564567571,57.628634507511066,56.24674359635125,56.33637619018555,942700,0.0,0.0,BG
2013-08-27 00:00:00-04:00,56.015172413647605,56.8368367147265,55.95541925821711,56.45588684082031,526800,0.0,0.0,BG
2013-08-28 00:00:00-04:00,56.30650060685498,56.61276052049974,55.87326307624112,55.9180793762207,642900,0.0,0.0,BG
2013-08-29 00:00:00-04:00,55.798544050148,56.5231043989202,55.798544050148,56.21685028076172,448400,0.0,0.0,BG
2013-08-30 00:00:00-04:00,56.35876562202555,56.6650254130345,56.19443735492948,56.60526657104492,376700,0.0,0.0,BG
2013-09-03 00:00:00-04:00,56.88165148805019,57.411998430539526,56.80695577905063,57.001163482666016,594600,0.0,0.0,BG
2013-09-04 00:00:00-04:00,56.956357538131215,57.14309969399394,56.403602352474685,56.97129440307617,551300,0.0,0.0,BG
2013-09-05 00:00:00-04:00,56.88167998320004,57.25516441421393,56.46337354519877,57.21034240722656,427800,0.0,0.0,BG
2013-09-06 00:00:00-04:00,57.25513965673113,57.77801535448778,57.06839752197266,57.068397521972656,530200,0.0,0.0,BG
2013-09-09 00:00:00-04:00,57.39708046986209,57.71081170039357,57.090826222027694,57.568885803222656,441800,0.0,0.0,BG
2013-09-10 00:00:00-04:00,57.81536105882316,57.92740746976753,56.96381745391347,57.18043899536133,985000,0.0,0.0,BG
2013-09-11 00:00:00-04:00,57.08332991739822,57.73319454710408,56.76213324279655,57.72572326660156,607500,0.0,0.0,BG
2013-09-12 00:00:00-04:00,57.75561576760319,57.84525405717904,57.40453959041263,57.665977478027344,357800,0.0,0.0,BG
2013-09-13 00:00:00-04:00,57.471780519872205,58.24862874525629,57.18046314771812,58.173927307128906,533800,0.0,0.0,BG
2013-09-16 00:00:00-04:00,58.49508568758705,59.010495637695946,58.49508568758705,58.67436218261719,653000,0.0,0.0,BG
2013-09-17 00:00:00-04:00,58.67437204912717,59.13002324418033,58.599670647511786,59.08520126342773,579500,0.0,0.0,BG
2013-09-18 00:00:00-04:00,58.89102487887743,59.27198061058888,58.54741987144137,59.122589111328125,618600,0.0,0.0,BG
2013-09-19 00:00:00-04:00,59.271943350537306,59.30182277139047,58.47268736419476,58.59220504760742,437200,0.0,0.0,BG
2013-09-20 00:00:00-04:00,58.29342910036634,58.97316754978149,58.22619896422926,58.3382453918457,1008600,0.0,0.0,BG
2013-09-23 00:00:00-04:00,58.15897624718206,58.405477255445405,57.65850864780003,57.785491943359375,631300,0.0,0.0,BG
2013-09-24 00:00:00-04:00,57.71079280557659,58.2411398017351,57.71079280557659,57.770545959472656,583000,0.0,0.0,BG
2013-09-25 00:00:00-04:00,57.882587679520526,57.927409664947135,57.464287141654914,57.73319625854492,418600,0.0,0.0,BG
2013-09-26 00:00:00-04:00,57.71079734202857,58.29343195546877,57.232737879774135,57.25514602661133,787500,0.0,0.0,BG
2013-09-27 00:00:00-04:00,56.98625347331463,57.113236808342286,56.44843499682102,56.92649459838867,1286800,0.0,0.0,BG
2013-09-30 00:00:00-04:00,56.47081702555177,56.777076843674784,56.32889688690797,56.7023811340332,715100,0.0,0.0,BG
2013-10-01 00:00:00-04:00,56.57539950736241,57.03105080395273,56.26167406676785,56.85177993774414,619400,0.0,0.0,BG
2013-10-02 00:00:00-04:00,56.97875814850878,58.11415349737129,56.48576188567663,58.091739654541016,837300,0.0,0.0,BG
2013-10-03 00:00:00-04:00,57.85268785833093,58.15147629385524,57.2924616788161,57.99461364746094,831200,0.0,0.0,BG
2013-10-04 00:00:00-04:00,57.80043520646718,58.92835952456944,57.77802705758416,58.45777130126953,646000,0.0,0.0,BG
2013-10-07 00:00:00-04:00,58.09923984307265,58.74910483447268,57.98719336884225,58.49513244628906,700200,0.0,0.0,BG
2013-10-08 00:00:00-04:00,58.47267473724546,58.94326839041392,58.28593267142702,58.63700866699219,793900,0.0,0.0,BG
2013-10-09 00:00:00-04:00,58.28594452396566,58.97315409818295,57.88258089590332,58.054386138916016,795100,0.0,0.0,BG
2013-10-10 00:00:00-04:00,58.51003486273615,58.89845591473539,58.35317218602973,58.56979370117188,421200,0.0,0.0,BG
2013-10-11 00:00:00-04:00,58.53246431110088,59.01052379479077,58.48764801541701,58.905948638916016,485100,0.0,0.0,BG
2013-10-14 00:00:00-04:00,58.50258275760925,58.85365892483987,58.45029518156969,58.70426177978516,284300,0.0,0.0,BG
2013-10-15 00:00:00-04:00,58.45776105185023,58.898469766396886,58.33077206558008,58.76401519775391,420200,0.0,0.0,BG
2013-10-16 00:00:00-04:00,59.01050163411695,59.548319776026666,58.71171314428749,59.44374465942383,901100,0.0,0.0,BG
2013-10-17 00:00:00-04:00,59.16736559505308,60.53431911896562,59.16736559505308,60.52684783935547,885800,0.0,0.0,BG
2013-10-18 00:00:00-04:00,60.444683800042895,60.75840917192802,59.92927946020784,60.34757995605469,973400,0.0,0.0,BG
2013-10-21 00:00:00-04:00,60.95261775717007,61.28128566311081,60.63142113061427,60.73599624633789,1493800,0.0,0.0,BG
2013-10-22 00:00:00-04:00,58.18138454039864,60.50445737195121,58.03199309805988,60.22807693481445,2001100,0.0,0.0,BG
2013-10-23 00:00:00-04:00,60.25794928021657,60.78829624677474,59.78736116313701,60.4895133972168,1374500,0.0,0.0,BG
2013-10-24 00:00:00-04:00,60.19818322717691,61.10202004536081,59.35411095023751,59.83964157104492,1898500,0.0,0.0,BG
2013-10-25 00:00:00-04:00,59.9741070149805,61.75189015539948,59.68278972934289,61.54273986816406,2049900,0.0,0.0,BG
2013-10-28 00:00:00-04:00,61.86393340466505,62.29717651965136,61.550207989916736,62.0805549621582,1342200,0.0,0.0,BG
2013-10-29 00:00:00-04:00,61.98345223633358,62.31211452015216,61.75188811262496,61.968509674072266,941400,0.0,0.0,BG
2013-10-30 00:00:00-04:00,61.953572381076334,62.10296380914713,61.19913256180816,61.42322540283203,754600,0.0,0.0,BG
2013-10-31 00:00:00-04:00,61.52779108170524,61.70706190760891,61.09454802843097,61.348514556884766,934600,0.0,0.0,BG
2013-11-01 00:00:00-04:00,61.11695186881264,61.7145288449988,61.11695186881264,61.580074310302734,726200,0.0,0.0,BG
2013-11-04 00:00:00-05:00,61.557665345351495,61.93114952572931,61.557665345351495,61.893798828125,864400,0.0,0.0,BG
2013-11-05 00:00:00-05:00,61.527796746502815,61.67718816535738,61.1318986585953,61.28129577636719,753900,0.0,0.0,BG
2013-11-06 00:00:00-05:00,61.296216267799934,61.468021482622845,60.72852446863686,61.25139999389648,831900,0.0,0.0,BG
2013-11-07 00:00:00-05:00,61.14684580795171,61.24394966760158,60.28783083778893,60.340118408203125,1250000,0.0,0.0,BG
2013-11-08 00:00:00-05:00,60.34011556843888,60.61649596985976,60.10108587223509,60.4446907043457,957000,0.0,0.0,BG
2013-11-11 00:00:00-05:00,60.54926125160434,61.06467131016933,60.53432438999997,60.82564163208008,625100,0.0,0.0,BG
2013-11-12 00:00:00-05:00,60.65383527165727,61.57260896376207,60.52685200412999,61.43068313598633,827600,0.0,0.0,BG
2013-11-13 00:00:00-05:00,61.07215868162018,61.639850754833525,60.892882101629965,61.56515502929688,872900,0.0,0.0,BG
2013-11-14 00:00:00-05:00,61.46768866816807,61.81254878828892,61.22029287138259,61.60263442993164,1081700,0.3,0.0,BG
2013-11-15 00:00:00-05:00,61.647600088480345,61.76754866002222,61.25025578842585,61.4301872253418,570100,0.0,0.0,BG
2013-11-18 00:00:00-05:00,61.55015156103605,61.61012872203598,60.62052844448468,61.06284713745117,1382800,0.0,0.0,BG
2013-11-19 00:00:00-05:00,61.152800793228224,61.152800793228224,60.04324641296001,60.17819213867188,1048700,0.0,0.0,BG
2013-11-20 00:00:00-05:00,60.0807461277126,60.54556055121622,59.73588602759197,59.8408432006836,683400,0.0,0.0,BG
2013-11-21 00:00:00-05:00,59.8633356476436,60.20819576182782,59.735888463654526,59.908321380615234,679700,0.0,0.0,BG
2013-11-22 00:00:00-05:00,59.96078959193024,60.66550112950052,59.735878125208885,60.51556396484375,620200,0.0,0.0,BG
2013-11-25 00:00:00-05:00,60.70298880450262,60.717980233203214,60.20069300685694,60.23817443847656,632700,0.0,0.0,BG
2013-11-26 00:00:00-05:00,60.31314609592721,60.62802331205321,60.13322034366703,60.46308898925781,699500,0.0,0.0,BG
2013-11-27 00:00:00-05:00,60.52306988623797,60.68050564416047,60.26816981169424,60.37312698364258,502400,0.0,0.0,BG
2013-11-29 00:00:00-05:00,60.35064836995973,60.58305276318007,59.92332102644022,60.065765380859375,225400,0.0,0.0,BG
2013-12-02 00:00:00-05:00,60.30565162021305,60.5830359558804,59.57094576198131,60.26066589355469,697000,0.0,0.0,BG
2013-12-03 00:00:00-05:00,60.22317997369651,60.22317997369651,59.660907050122255,59.75836563110352,687700,0.0,0.0,BG
2013-12-04 00:00:00-05:00,59.525982845558026,60.47809615709805,59.3310598933712,60.22320175170898,734500,0.0,0.0,BG
2013-12-05 00:00:00-05:00,60.22318939247096,60.29815798339192,59.72089354158995,60.26816940307617,587600,0.0,0.0,BG
2013-12-06 00:00:00-05:00,62.47977679293182,63.10952556527839,60.66551050928594,60.68050765991211,810100,0.0,0.0,BG
2013-12-09 00:00:00-05:00,60.50055806613508,61.505155227193,60.478068066662985,61.49015808105469,881200,0.0,0.0,BG
2013-12-10 00:00:00-05:00,61.24279334733836,61.25028620446248,60.36564288606484,60.90542602539063,1330900,0.0,0.0,BG
2013-12-11 00:00:00-05:00,60.96538857948638,61.10783290701779,60.3281469727324,60.37312698364258,791200,0.0,0.0,BG
2013-12-12 00:00:00-05:00,60.29815849072231,60.41061423791835,59.8933212326587,60.11823272705078,972700,0.0,0.0,BG
2013-12-13 00:00:00-05:00,60.23068802666794,60.62053388844025,60.06575939871224,60.14072799682617,635700,0.0,0.0,BG
2013-12-16 00:00:00-05:00,60.17820754458295,60.74048059237104,59.95330175731004,60.35813903808594,687400,0.0,0.0,BG
2013-12-17 00:00:00-05:00,60.50806826157555,61.287754138203645,59.99827386992397,61.032859802246094,773000,0.0,0.0,BG
2013-12-18 00:00:00-05:00,61.1827998001849,61.1827998001849,59.97578663654549,60.98787689208984,942100,0.0,0.0,BG
2013-12-19 00:00:00-05:00,60.777973436561744,61.07785356738657,60.39562612676665,60.92041778564453,706300,0.0,0.0,BG
2013-12-20 00:00:00-05:00,61.00287853791938,61.235282897949226,60.658018425710296,61.23528289794922,1335900,0.0,0.0,BG
2013-12-23 00:00:00-05:00,61.40021307053385,61.76006458939532,61.07034441179686,61.56514739990234,533200,0.0,0.0,BG
2013-12-24 00:00:00-05:00,61.55763797864114,62.30733518386659,61.46767225490921,61.97746658325195,342400,0.0,0.0,BG
2013-12-26 00:00:00-05:00,62.089952067786285,62.089952067786285,61.49019172824563,61.677616119384766,258300,0.0,0.0,BG
2013-12-27 00:00:00-05:00,61.52765961915431,61.82004112015583,60.79295371937055,61.75257110595703,251500,0.0,0.0,BG
2013-12-30 00:00:00-05:00,61.722578700572846,61.90250444702044,61.34773005896082,61.40770721435547,399700,0.0,0.0,BG
2013-12-31 00:00:00-05:00,61.580149157903584,61.74508351493411,61.25777901999967,61.55765914916992,400700,0.0,0.0,BG
2014-01-02 00:00:00-05:00,61.25776734361795,61.685094587317685,61.14531160164715,61.41520309448242,369100,0.0,0.0,BG
2014-01-03 00:00:00-05:00,61.23527671992528,61.23527671992528,60.68799516506135,60.91290664672852,624700,0.0,0.0,BG
2014-01-06 00:00:00-05:00,61.1677983164322,61.37771835936509,60.68049966032717,60.79294967651367,1249500,0.0,0.0,BG
2014-01-07 00:00:00-05:00,60.86792375241095,61.38521098414122,60.83793517496139,61.21278381347656,968200,0.0,0.0,BG
2014-01-08 00:00:00-05:00,61.02536753404971,61.34023905914872,60.80795460869932,60.9728889465332,695100,0.0,0.0,BG
2014-01-09 00:00:00-05:00,61.17531072620832,61.35523651253519,60.68051338387503,60.897926330566406,713800,0.0,0.0,BG
2014-01-10 00:00:00-05:00,60.97288711568816,61.47518296965458,60.72548561636612,61.06284713745117,560400,0.0,0.0,BG
2014-01-13 00:00:00-05:00,60.76294629589173,61.16028480484575,60.70296916102543,60.77043914794922,712200,0.0,0.0,BG
2014-01-14 00:00:00-05:00,60.65050405358063,61.64760269294034,60.58302833195261,61.33272552490234,647200,0.0,0.0,BG
2014-01-15 00:00:00-05:00,61.52016418616582,61.52016418616582,61.00287689168042,61.16031265258789,874700,0.0,0.0,BG
2014-01-16 00:00:00-05:00,61.10031363675354,61.22026791820032,60.51555081403792,61.077823638916016,962600,0.0,0.0,BG
2014-01-17 00:00:00-05:00,60.995358415055776,61.28024126283216,60.7329655658229,60.95037841796875,502600,0.0,0.0,BG
2014-01-21 00:00:00-05:00,60.99537053106646,61.08533626284628,60.5530461661527,60.98037338256836,661000,0.0,0.0,BG
2014-01-22 00:00:00-05:00,61.32523977856595,61.32523977856595,60.59053392764165,60.79294967651367,658400,0.0,0.0,BG
2014-01-23 00:00:00-05:00,60.47810484434306,61.07786522042088,59.96081738270826,60.050777435302734,1003600,0.0,0.0,BG
2014-01-24 00:00:00-05:00,59.78833934149795,59.863307902054494,58.19897954692047,58.20647811889648,1255000,0.0,0.0,BG
2014-01-27 00:00:00-05:00,57.98158799371106,58.416413812125725,57.26187925275055,57.74918365478516,1516000,0.0,0.0,BG
2014-01-28 00:00:00-05:00,57.7416771623991,58.2589700726752,57.48678285397867,58.079044342041016,931100,0.0,0.0,BG
2014-01-29 00:00:00-05:00,57.76418199032921,57.8691391597242,56.9095274854062,56.93951034545898,885400,0.0,0.0,BG
2014-01-30 00:00:00-05:00,57.03697369766538,57.57675668529891,56.70710504528119,57.45680236816406,681400,0.0,0.0,BG
2014-01-31 00:00:00-05:00,56.99197907548909,57.25437767334111,56.75957477197694,56.797061920166016,666000,0.0,0.0,BG
2014-02-03 00:00:00-05:00,56.669614589088994,57.09694752917861,55.71000298687361,55.79996871948242,973600,0.0,0.0,BG
2014-02-04 00:00:00-05:00,55.91243603586411,56.08486324274031,54.92283565114694,55.110260009765625,1764400,0.0,0.0,BG
2014-02-05 00:00:00-05:00,55.08028081149867,56.06238278769121,54.817887808669184,55.67254257202149,1372400,0.0,0.0,BG
2014-02-06 00:00:00-05:00,55.69500309289776,56.49717883092739,55.69500309289776,56.31725311279297,863300,0.0,0.0,BG
2014-02-07 00:00:00-05:00,56.43720954126242,57.06695822199967,56.174816640845336,56.3697395324707,834400,0.0,0.0,BG
2014-02-10 00:00:00-05:00,56.28727723218624,56.51218300063501,55.68001850198004,55.94241714477539,1042400,0.0,0.0,BG
2014-02-11 00:00:00-05:00,56.234803249255904,57.329360760536886,55.91243314033679,57.27688217163086,1041300,0.0,0.0,BG
2014-02-12 00:00:00-05:00,56.92451477050781,57.29186483664188,56.54966613003818,56.92451477050781,999500,0.0,0.0,BG
2014-02-13 00:00:00-05:00,57.09008882432524,58.2717819533272,56.450319683068486,58.22662353515625,2136400,0.3,0.0,BG
2014-02-14 00:00:00-05:00,58.1363245175753,59.32554644570853,57.72235878425035,59.17501449584961,1650900,0.0,0.0,BG
2014-02-18 00:00:00-05:00,59.09973352413774,59.40080311913727,58.79114135252128,58.941673278808594,929300,0.0,0.0,BG
2014-02-19 00:00:00-05:00,58.79867148726876,59.227693807103215,58.63308291778439,59.00941848754883,1084100,0.0,0.0,BG
2014-02-20 00:00:00-05:00,58.93413869461886,59.90507918346948,58.83628779428639,59.56637954711914,1034500,0.0,0.0,BG
2014-02-21 00:00:00-05:00,59.566388892520855,59.89756600574549,59.46101540057204,59.739505767822266,1491400,0.0,0.0,BG
2014-02-24 00:00:00-05:00,59.76209596940783,60.770672647049,59.76209596940783,60.12337493896485,1177100,0.0,0.0,BG
2014-02-25 00:00:00-05:00,60.02552581173523,60.64271594148177,59.92768062690144,60.221221923828125,913800,0.0,0.0,BG
2014-02-26 00:00:00-05:00,60.21370120664344,60.69541035690251,60.09327104786566,60.24380874633789,812900,0.0,0.0,BG
2014-02-27 00:00:00-05:00,60.055622332154826,60.18357502941255,59.5739133310705,59.82981872558594,984700,0.0,0.0,BG
2014-02-28 00:00:00-05:00,59.80725655078353,60.13843373678097,59.491136005472825,59.92015838623047,966600,0.0,0.0,BG
2014-03-03 00:00:00-05:00,59.37823338976727,59.38576171001171,58.678248910105474,59.032005310058594,1207900,0.0,0.0,BG
2014-03-04 00:00:00-05:00,59.7244726197841,59.79221602977985,59.10728232030687,59.32555770874024,1282400,0.0,0.0,BG
2014-03-05 00:00:00-05:00,59.18254879673726,59.30297897442029,58.53525094775835,58.99438095092773,1068400,0.0,0.0,BG
2014-03-06 00:00:00-05:00,59.05456605827148,60.50722132011743,58.791132356366575,60.40184783935547,1440700,0.0,0.0,BG
2014-03-07 00:00:00-05:00,60.4169199738355,60.73304626968775,59.875001486144576,60.19865036010742,1015400,0.0,0.0,BG
2014-03-10 00:00:00-04:00,59.99541968958452,60.65776826756584,59.92768203904771,60.62766647338867,942600,0.0,0.0,BG
2014-03-11 00:00:00-04:00,60.582505578074986,60.665299872609495,59.287910146181616,59.53629302978516,1095200,0.0,0.0,BG
2014-03-12 00:00:00-04:00,59.001895874643616,59.82231048213754,58.88899404430997,59.01695251464844,1240400,0.0,0.0,BG
2014-03-13 00:00:00-04:00,59.13735425867586,59.49111051168195,58.69328116995651,58.70833206176758,1071200,0.0,0.0,BG
2014-03-14 00:00:00-04:00,58.6857755741476,59.29543742094796,58.58792464100882,58.82878494262695,774800,0.0,0.0,BG
2014-03-17 00:00:00-04:00,58.896514686049926,59.46101802169897,58.78361287043514,59.08468246459961,836400,0.0,0.0,BG
2014-03-18 00:00:00-04:00,59.0922273891129,59.543829036051626,58.94168967851567,59.49114227294922,740000,0.0,0.0,BG
2014-03-19 00:00:00-04:00,59.626603021353,59.626603021353,58.67070754770258,58.81371688842773,534300,0.0,0.0,BG
2014-03-20 00:00:00-04:00,58.61050191396384,59.18252782800512,58.48254345990536,58.91909408569336,645200,0.0,0.0,BG
2014-03-21 00:00:00-04:00,59.07715618455685,59.498655927904615,58.85888086481472,58.97178268432617,1145100,0.0,0.0,BG
2014-03-24 00:00:00-04:00,59.08470020129428,59.26533971504936,58.542775917602434,58.67825698852539,555900,0.0,0.0,BG
2014-03-25 00:00:00-04:00,59.01695274644688,59.38576003405476,58.6857755741476,58.82878494262695,707700,0.0,0.0,BG
2014-03-26 00:00:00-04:00,59.17501364327974,59.34812480888081,58.30944058799725,58.3320198059082,883900,0.0,0.0,BG
2014-03-27 00:00:00-04:00,58.52020019382153,59.12986217819983,58.173972045753175,58.88148498535156,958700,0.0,0.0,BG
2014-03-28 00:00:00-04:00,59.31047998224745,59.63412875768896,59.02446131318212,59.44596099853516,657400,0.0,0.0,BG
2014-03-31 00:00:00-04:00,59.73949042671266,59.85238646593423,59.29541161688962,59.84486389160156,698300,0.0,0.0,BG
2014-04-01 00:00:00-04:00,59.92013935686007,60.07067126136631,59.40832284214518,59.88250350952149,718800,0.0,0.0,BG
2014-04-02 00:00:00-04:00,59.852415120610544,60.25885828366455,59.295440004911,59.81478500366211,896900,0.0,0.0,BG
2014-04-03 00:00:00-04:00,59.81476783161266,59.859926255956736,59.03951758744333,59.82981872558594,815500,0.0,0.0,BG
2014-04-04 00:00:00-04:00,59.95778786011707,60.07068394111487,58.68577175157259,58.858882904052734,1247300,0.0,0.0,BG
2014-04-07 00:00:00-04:00,58.73092077834372,59.37069001871649,58.332006042902734,58.73844909667969,1079600,0.0,0.0,BG
2014-04-08 00:00:00-04:00,58.979317110178464,60.62014059534653,58.70835501226626,60.20616912841797,2151000,0.0,0.0,BG
2014-04-09 00:00:00-04:00,60.36422333373195,60.96636254472396,59.84488415023708,60.48465347290039,804300,0.0,0.0,BG
2014-04-10 00:00:00-04:00,60.25133769562119,60.98895232734137,59.63414748150944,59.76210021972656,727100,0.0,0.0,BG
2014-04-11 00:00:00-04:00,59.60401599841437,59.649174419074015,58.77607333682888,58.89650344848633,678900,0.0,0.0,BG
2014-04-14 00:00:00-04:00,59.33308554736248,60.06317769593772,59.03201585051136,59.656734466552734,597100,0.0,0.0,BG
2014-04-15 00:00:00-04:00,59.72445467235554,60.10831856717383,59.318011561799445,59.8975715637207,842400,0.0,0.0,BG
2014-04-16 00:00:00-04:00,60.2212171941333,61.06420516323342,60.13089459354763,61.05668258666992,931200,0.0,0.0,BG
2014-04-17 00:00:00-04:00,61.00398693721584,61.12441131133351,60.2964743585935,60.40184783935547,722900,0.0,0.0,BG
2014-04-21 00:00:00-04:00,60.37175771518939,60.37175771518939,59.81478262167016,60.20616912841797,394800,0.0,0.0,BG
2014-04-22 00:00:00-04:00,60.19111620797651,60.431970759979386,59.85993904556301,60.29648971557617,830400,0.0,0.0,BG
2014-04-23 00:00:00-04:00,60.364224890293904,60.83088307796729,60.26637970651532,60.79324722290039,522100,0.0,0.0,BG
2014-04-24 00:00:00-04:00,60.82335475846886,61.23732619450374,60.44701917750088,60.79324722290039,565100,0.0,0.0,BG
2014-04-25 00:00:00-04:00,60.77065990696195,61.34269152166864,60.33411505546753,61.25236892700195,745100,0.0,0.0,BG
2014-04-28 00:00:00-04:00,61.53087218652934,61.53087218652934,59.9276845564655,60.12337493896485,699400,0.0,0.0,BG
2014-04-29 00:00:00-04:00,60.17604838425556,60.86098179877956,60.07067489624024,60.07067489624024,832900,0.0,0.0,BG
2014-04-30 00:00:00-04:00,60.10079210019535,60.61260872825307,59.72445651316542,59.95026016235352,1601500,0.0,0.0,BG
2014-05-01 00:00:00-04:00,58.44491193499516,58.48254204445757,56.51807001838243,56.70623779296875,3519800,0.0,0.0,BG
2014-05-02 00:00:00-04:00,56.713774656768,57.586876018760606,56.56324271138853,57.50408172607422,1825900,0.0,0.0,BG
2014-05-05 00:00:00-04:00,57.233105053090455,57.338478536502414,56.61591504635293,56.87934875488281,1487200,0.0,0.0,BG
2014-05-06 00:00:00-04:00,56.8417396800647,57.2105527881462,56.623470034778094,56.81163787841797,1010300,0.0,0.0,BG
2014-05-07 00:00:00-04:00,57.02988706233631,58.06104854279302,56.84924760513197,58.03094100952149,1395000,0.0,0.0,BG
2014-05-08 00:00:00-04:00,57.97071855645296,58.31695227374661,57.45137946536063,57.775028228759766,980400,0.0,0.0,BG
2014-05-09 00:00:00-04:00,58.15889958624072,58.482548423528655,57.752462202135305,57.9105224609375,938900,0.0,0.0,BG
2014-05-12 00:00:00-04:00,58.04599537308199,58.67070800110878,58.04599537308199,58.36964416503906,710800,0.0,0.0,BG
2014-05-13 00:00:00-04:00,58.43738750328921,58.595447755364646,58.15889711110383,58.40727996826172,1029500,0.0,0.0,BG
2014-05-14 00:00:00-04:00,58.45261621293447,58.83796986988452,58.22593623479649,58.588623046875,956200,0.3,0.0,BG
2014-05-15 00:00:00-04:00,58.35438860421908,58.36194037568691,57.4854564144012,57.65168762207031,681400,0.0,0.0,BG
2014-05-16 00:00:00-04:00,57.65169246194646,58.05215544238047,57.53079493177916,57.94637298583984,562400,0.0,0.0,BG
2014-05-19 00:00:00-04:00,57.84059914210722,57.90859968941837,57.53080349845676,57.86326599121094,825600,0.0,0.0,BG
2014-05-20 00:00:00-04:00,57.91615766598928,58.23350508526951,57.6668107945352,58.18817138671875,1043300,0.0,0.0,BG
2014-05-21 00:00:00-04:00,58.50549682674687,58.50549682674687,57.72723788220082,57.7725715637207,793200,0.0,0.0,BG
2014-05-22 00:00:00-04:00,57.5534599287696,57.83303113476742,57.01699012648569,57.04721450805664,690800,0.0,0.0,BG
2014-05-23 00:00:00-04:00,57.19078391654822,57.50057376669108,56.97921899162883,57.22100830078125,722100,0.0,0.0,BG
2014-05-27 00:00:00-04:00,57.17565404512879,57.53834079735074,57.02453792778402,57.33432769775391,686300,0.0,0.0,BG
2014-05-28 00:00:00-04:00,57.379672725150975,58.14281668608464,57.2134415210788,57.83302688598633,1217800,0.0,0.0,BG
2014-05-29 00:00:00-04:00,58.17303804918786,59.20064383497956,57.92369702071874,58.58105850219727,1308700,0.0,0.0,BG
2014-05-30 00:00:00-04:00,58.55840926974883,58.989096694434615,58.377068713226485,58.71708297729492,1047600,0.0,0.0,BG
2014-06-02 00:00:00-04:00,58.78509006472438,58.8984243111013,58.17305631072687,58.18817138671875,733700,0.0,0.0,BG
2014-06-03 00:00:00-04:00,57.969029003360966,58.36193437358967,57.88591340807424,57.93880462646485,981800,0.0,0.0,BG
2014-06-04 00:00:00-04:00,57.89347630121409,57.91614314480627,56.66941486483765,56.9489860534668,1524100,0.0,0.0,BG
2014-06-05 00:00:00-04:00,57.153006788050526,57.64414298477932,56.8054349872903,57.51569366455078,702500,0.0,0.0,BG
2014-06-06 00:00:00-04:00,57.50056844212712,58.02948647015954,57.50056844212712,57.87836456298828,421900,0.0,0.0,BG
2014-06-09 00:00:00-04:00,57.71968442324676,58.127704879871175,57.56856829770173,57.67435073852539,432300,0.0,0.0,BG
2014-06-10 00:00:00-04:00,57.47032718018385,57.74989830279998,57.288986709554,57.59122467041016,611200,0.0,0.0,BG
2014-06-11 00:00:00-04:00,57.56103874710652,57.79527058499364,57.23613373098237,57.28146743774414,729800,0.0,0.0,BG
2014-06-12 00:00:00-04:00,57.34945151352789,57.50056765391635,56.654308044203006,56.752532958984375,872300,0.0,0.0,BG
2014-06-13 00:00:00-04:00,56.74498396276751,56.90365766346943,56.47297025736078,56.646759033203125,472400,0.0,0.0,BG
2014-06-16 00:00:00-04:00,56.661868343631454,56.74498396276751,56.44274587179202,56.646759033203125,459600,0.0,0.0,BG
2014-06-17 00:00:00-04:00,56.63164494831265,57.03966551355733,56.35963123814953,56.94144058227539,473300,0.0,0.0,BG
2014-06-18 00:00:00-04:00,56.873418856160605,57.08498950149266,56.216057372045576,57.06231689453125,544500,0.0,0.0,BG
2014-06-19 00:00:00-04:00,57.04722213745117,57.46280023374129,56.97922159335576,57.42501831054688,540200,0.0,0.0,BG
2014-06-20 00:00:00-04:00,57.24369033561399,57.70460222921069,57.22857525713123,57.38724899291992,914100,0.0,0.0,BG
2014-06-23 00:00:00-04:00,57.32678098706021,57.40989658834904,56.90364544466868,57.15299224853516,639500,0.0,0.0,BG
2014-06-24 00:00:00-04:00,57.07744359411508,57.44012467343707,56.540973747613776,56.56364059448242,506900,0.0,0.0,BG
2014-06-25 00:00:00-04:00,56.61652944709317,56.9036524365544,56.29162453796344,56.42763137817383,628100,0.0,0.0,BG
2014-06-26 00:00:00-04:00,56.48051119564675,57.18321210064254,56.1858307288463,57.13787841796875,672300,0.0,0.0,BG
2014-06-27 00:00:00-04:00,57.137870611480736,57.79523197928003,56.918748233977766,57.59122467041016,1372200,0.0,0.0,BG
2014-06-30 00:00:00-04:00,57.493006424927,57.65168585626811,56.873421065589945,57.15299224853516,1004300,0.0,0.0,BG
2014-07-01 00:00:00-04:00,57.34945297241211,57.70458225254131,57.243670518507,57.34945297241211,589800,0.0,0.0,BG
2014-07-02 00:00:00-04:00,57.23609531393314,57.66678253323178,57.19831340718202,57.54589080810547,649500,0.0,0.0,BG
2014-07-03 00:00:00-04:00,57.57610788841602,57.93123704950077,57.42499179483969,57.4703254699707,538400,0.0,0.0,BG
2014-07-07 00:00:00-04:00,57.28144081936825,58.13526366470461,57.19832521911938,58.01436614990234,641700,0.0,0.0,BG
2014-07-08 00:00:00-04:00,57.96147403920675,58.28637889936522,57.58367795831135,57.59879302978516,869700,0.0,0.0,BG
2014-07-09 00:00:00-04:00,57.71213652198773,57.84814336356744,56.70720316639994,56.775203704833984,881800,0.0,0.0,BG
2014-07-10 00:00:00-04:00,56.299183344159246,56.60897318652146,55.95916335361141,56.24629211425781,1240200,0.0,0.0,BG
2014-07-11 00:00:00-04:00,56.34449990342753,56.382281812458906,55.62668974951112,55.7475814819336,1017700,0.0,0.0,BG
2014-07-14 00:00:00-04:00,55.966721655958025,56.3369602703308,55.59648304158525,55.9062728881836,705300,0.0,0.0,BG
2014-07-15 00:00:00-04:00,55.81559281959746,55.906260185947154,55.48313043708731,55.56624603271485,730400,0.0,0.0,BG
2014-07-16 00:00:00-04:00,55.75514673643566,56.15560966289175,55.53602431607633,56.12538528442383,491000,0.0,0.0,BG
2014-07-17 00:00:00-04:00,55.87604070396282,56.11782997659482,55.74003387781289,55.860931396484375,692300,0.0,0.0,BG
2014-07-18 00:00:00-04:00,55.86094727823362,55.99695414305148,55.61160039861544,55.85338973999024,515000,0.0,0.0,BG
2014-07-21 00:00:00-04:00,55.80804123985244,56.03472120933832,55.641810030857606,55.80048370361328,818600,0.0,0.0,BG
2014-07-22 00:00:00-04:00,55.81560153178578,56.72986746168486,55.81560153178578,56.5938606262207,749600,0.0,0.0,BG
2014-07-23 00:00:00-04:00,56.68452800672256,56.752534306810325,56.17828258321595,56.5938606262207,624400,0.0,0.0,BG
2014-07-24 00:00:00-04:00,56.52585852501692,57.0396615233024,56.52585852501692,56.89610290527344,633100,0.0,0.0,BG
2014-07-25 00:00:00-04:00,56.80542619931758,56.85075989009973,56.21606516030391,56.23117446899414,319800,0.0,0.0,BG
2014-07-28 00:00:00-04:00,56.23117981567605,56.34451981811967,55.90627488318406,56.11783981323242,379000,0.0,0.0,BG
2014-07-29 00:00:00-04:00,56.14050391053559,56.36717811633066,55.9818244723546,56.05738830566406,637500,0.0,0.0,BG
2014-07-30 00:00:00-04:00,56.08760931355032,56.33695034846115,55.40001767181395,55.64936447143555,1693300,0.0,0.0,BG
2014-07-31 00:00:00-04:00,56.77521048714015,60.43228057275776,56.77521048714015,59.570899963378906,3918200,0.0,0.0,BG
2014-08-01 00:00:00-04:00,59.54066875235622,61.13496878462518,59.33665562639532,61.05185317993164,1720600,0.0,0.0,BG
2014-08-04 00:00:00-04:00,60.88562244008867,61.0518536507577,60.545602482435335,60.64383316040039,1442500,0.0,0.0,BG
2014-08-05 00:00:00-04:00,60.643864661321686,60.89320584213216,60.182952706763125,60.32651138305664,1117300,0.0,0.0,BG
2014-08-06 00:00:00-04:00,60.00158719155733,60.48516580142532,59.812689116930414,60.447383880615234,1016500,0.0,0.0,BG
2014-08-07 00:00:00-04:00,60.49271429229207,60.779843039564746,60.04691762741714,60.41715621948242,857900,0.0,0.0,BG
2014-08-08 00:00:00-04:00,60.27357374858752,60.84026777157605,60.20557323288956,60.66648483276367,1310500,0.0,0.0,BG
2014-08-11 00:00:00-04:00,61.03674004680012,62.547924522391945,60.96873951245991,62.1399040222168,1404500,0.0,0.0,BG
2014-08-12 00:00:00-04:00,61.84521015495809,62.29856424678994,61.76965210043779,61.95099258422852,989100,0.0,0.0,BG
2014-08-13 00:00:00-04:00,61.88300734976664,62.11723910604817,61.43720491797594,61.59587860107422,1139700,0.0,0.0,BG
2014-08-14 00:00:00-04:00,61.890567864119,62.13235716876503,61.74700348286575,61.91323471069336,1067200,0.0,0.0,BG
2014-08-15 00:00:00-04:00,62.011871633089946,62.44435354248096,61.54145037829935,61.79941940307617,1286600,0.34,0.0,BG
2014-08-18 00:00:00-04:00,61.99669702545236,62.60369185319666,61.54145379900998,61.791839599609375,1078400,0.0,0.0,BG
2014-08-19 00:00:00-04:00,62.11048521636673,63.127194501902906,61.7993988957678,62.89198684692383,1216400,0.0,0.0,BG
2014-08-20 00:00:00-04:00,62.74025125747155,62.85405769687981,61.76906438298514,62.42916488647461,878900,0.0,0.0,BG
2014-08-21 00:00:00-04:00,62.37605695433528,63.02857425940096,62.35329566511473,62.99063491821289,688800,0.0,0.0,BG
2014-08-22 00:00:00-04:00,63.043764379485175,63.29415020929322,62.70233336700683,62.83131790161133,577400,0.0,0.0,BG
2014-08-25 00:00:00-04:00,63.18791049834189,63.60522010590312,62.89200215433697,63.41553497314453,765700,0.0,0.0,BG
2014-08-26 00:00:00-04:00,63.54450708972678,63.94663856660531,63.50656775507684,63.87076568603516,915800,0.0,0.0,BG
2014-08-27 00:00:00-04:00,63.60521843276415,64.18944607925086,63.5824571436288,64.15909576416016,669200,0.0,0.0,BG
2014-08-28 00:00:00-04:00,63.82525979055519,64.08322880963713,63.71903657225894,63.9466552734375,523200,0.0,0.0,BG
2014-08-29 00:00:00-04:00,63.99218057743212,64.39431796520599,63.74938381261042,64.2273941040039,674000,0.0,0.0,BG
2014-09-02 00:00:00-04:00,64.40189135165481,64.81920094082257,64.10598302069242,64.69779968261719,1196200,0.0,0.0,BG
2014-09-03 00:00:00-04:00,64.76610591099528,65.2972220797284,64.62194332716825,65.07718658447266,991400,0.0,0.0,BG
2014-09-04 00:00:00-04:00,64.94059324078698,65.67657241372757,64.38671594626676,64.40947723388672,1106800,0.0,0.0,BG
2014-09-05 00:00:00-04:00,64.42467348325306,64.87232770284508,64.15910961605701,64.8268051147461,884700,0.0,0.0,BG
2014-09-08 00:00:00-04:00,64.7661123154366,65.16824399563276,64.4398535541719,64.96338653564453,661300,0.0,0.0,BG
2014-09-09 00:00:00-04:00,65.04679876390927,65.29717862612945,64.78882409024865,64.91780853271484,767700,0.0,0.0,BG
2014-09-10 00:00:00-04:00,64.78885931424401,64.89508253505261,64.40189998773761,64.76609802246094,988900,0.0,0.0,BG
2014-09-11 00:00:00-04:00,64.92542039668672,65.5703486246366,64.85713653443885,65.52482604980469,887400,0.0,0.0,BG
2014-09-12 00:00:00-04:00,65.4641103253082,65.49446063110612,64.8950551162374,65.18338012695312,687600,0.0,0.0,BG
2014-09-15 00:00:00-04:00,65.15308399748312,65.41105312817942,64.925459409088,65.28965759277344,579600,0.0,0.0,BG
2014-09-16 00:00:00-04:00,65.30480780230297,65.585543927986,65.01648843797334,65.39585876464844,762800,0.0,0.0,BG
2014-09-17 00:00:00-04:00,65.55518229470673,65.58553261025116,65.17581203349746,65.31238555908203,614700,0.0,0.0,BG
2014-09-18 00:00:00-04:00,65.28962485377343,65.57035514479236,65.0847616691982,65.28203582763672,970000,0.0,0.0,BG
2014-09-19 00:00:00-04:00,65.35789653675144,65.57793194384335,64.42464910152096,64.48534393310547,1217100,0.0,0.0,BG
2014-09-22 00:00:00-04:00,64.4701784123145,64.82678735802972,64.37912747232431,64.68262481689453,657100,0.0,0.0,BG
2014-09-23 00:00:00-04:00,64.68263219524889,64.68263219524889,63.863191008054685,64.06805419921875,825800,0.0,0.0,BG
2014-09-24 00:00:00-04:00,63.9845864355378,64.55364179880925,63.87836323082557,64.45500183105469,573300,0.0,0.0,BG
2014-09-25 00:00:00-04:00,64.41710425540317,64.41710425540317,63.20311996019056,63.43832778930664,697800,0.0,0.0,BG
2014-09-26 00:00:00-04:00,63.430713315939705,64.32602745991659,63.18791655428825,64.12117004394531,462700,0.0,0.0,BG
2014-09-29 00:00:00-04:00,63.72662779901362,64.06047554907111,63.35484648836994,63.82526779174805,514100,0.0,0.0,BG
2014-09-30 00:00:00-04:00,63.749362281207056,64.03009829738549,63.62037780974516,63.9087028503418,953600,0.0,0.0,BG
2014-10-01 00:00:00-04:00,63.81768316457689,64.18187547272281,62.10292749658713,62.83131790161133,1579300,0.0,0.0,BG
2014-10-02 00:00:00-04:00,62.4974864822079,62.93755177988107,62.027065066869895,62.2850341796875,1188300,0.0,0.0,BG
2014-10-03 00:00:00-04:00,62.33053833922698,63.59763368873946,61.90563968807999,63.43070983886719,1073300,0.0,0.0,BG
2014-10-06 00:00:00-04:00,64.28807223303208,64.69020369127506,63.81006210900559,64.5384521484375,1257900,0.0,0.0,BG
2014-10-07 00:00:00-04:00,64.6067690175721,64.8950883873777,64.06806383810982,64.11358642578125,1268700,0.0,0.0,BG
2014-10-08 00:00:00-04:00,64.09083659529618,64.54607991963151,63.34726806085322,64.50814056396484,1778600,0.0,0.0,BG
2014-10-09 00:00:00-04:00,64.34120785858657,64.70540011997097,63.210680149907226,63.30173110961914,1283300,0.0,0.0,BG
2014-10-10 00:00:00-04:00,63.27896577636104,63.764559286355016,62.65679872988553,62.68714904785156,872600,0.0,0.0,BG
2014-10-13 00:00:00-04:00,62.618853815273134,63.08168599280631,61.890463615072754,61.95116424560547,1035100,0.0,0.0,BG
2014-10-14 00:00:00-04:00,62.209156280708605,63.49143007911638,61.86772523779587,62.391258239746094,1424400,0.0,0.0,BG
2014-10-15 00:00:00-04:00,61.68558864455423,61.85250664785689,60.2970925076309,61.7235221862793,1728600,0.0,0.0,BG
2014-10-16 00:00:00-04:00,60.92687920116968,61.860127000194346,60.41851854378311,61.43523406982422,1233500,0.0,0.0,BG
2014-10-17 00:00:00-04:00,61.7842408851016,62.70990524734584,61.7842408851016,62.527809143066406,863100,0.0,0.0,BG
2014-10-20 00:00:00-04:00,62.21672275072201,62.64161559028432,61.298647414535886,62.527809143066406,1333900,0.0,0.0,BG
2014-10-21 00:00:00-04:00,62.95271081254836,63.71145144032167,62.36847728747322,63.64316177368164,1025700,0.0,0.0,BG
2014-10-22 00:00:00-04:00,63.53691252191607,64.42464309220088,63.27894359273754,63.6583137512207,1031100,0.0,0.0,BG
2014-10-23 00:00:00-04:00,64.28049802541858,64.29567028883483,63.567280081508336,63.70385360717773,490900,0.0,0.0,BG
2014-10-24 00:00:00-04:00,63.635579927467575,64.24256896972656,63.40036639137452,64.24256896972656,510900,0.0,0.0,BG
2014-10-27 00:00:00-04:00,64.2804971663399,64.2804971663399,63.22584831671646,63.59762954711914,752100,0.0,0.0,BG
2014-10-28 00:00:00-04:00,62.763013722903054,64.36395660622695,62.63402923000011,64.2804946899414,1251500,0.0,0.0,BG
2014-10-29 00:00:00-04:00,64.41706007679923,64.85713089098307,63.82524350055946,64.48534393310547,1359400,0.0,0.0,BG
2014-10-30 00:00:00-04:00,63.73420559791724,64.86472738589276,62.21672451225254,64.74333190917969,2737400,0.0,0.0,BG
2014-10-31 00:00:00-04:00,65.0847644925165,67.4140977866778,64.80403418931974,67.2623519897461,2268600,0.0,0.0,BG
2014-11-03 00:00:00-05:00,67.2092447454843,67.330640233165,66.29875253858741,66.53396606445312,1408400,0.0,0.0,BG
2014-11-04 00:00:00-05:00,66.2835754687644,66.90574249344965,65.99525614128183,66.51119995117188,1042300,0.0,0.0,BG
2014-11-05 00:00:00-05:00,66.958857948643,67.77829918592192,66.81469538225187,67.68724822998047,1325800,0.0,0.0,BG
2014-11-06 00:00:00-05:00,67.52791297538806,67.76312070751504,67.05749172240274,67.11060333251953,1043000,0.0,0.0,BG
2014-11-07 00:00:00-05:00,66.79952340537605,67.48997434419941,66.69330018401861,67.34581756591797,848600,0.0,0.0,BG
2014-11-10 00:00:00-05:00,67.20164516880702,67.80863987811526,66.71605171685265,67.33821868896484,990000,0.0,0.0,BG
2014-11-11 00:00:00-05:00,66.9892102194635,67.64172761756419,66.71606313241058,67.55826568603516,775200,0.0,0.0,BG
2014-11-12 00:00:00-05:00,67.02713763631336,67.49755886285602,66.72364604626623,67.1561279296875,1011200,0.0,0.0,BG
2014-11-13 00:00:00-05:00,67.16370582870128,67.52031478626509,66.81468589690475,67.33821868896484,904700,0.0,0.0,BG
2014-11-14 00:00:00-05:00,67.24683073649628,68.13796980109265,67.1782784486848,67.46771240234375,876900,0.34,0.0,BG
2014-11-17 00:00:00-05:00,67.37630655993941,68.44262956432839,67.27729305226488,68.29791259765625,1119000,0.0,0.0,BG
2014-11-18 00:00:00-05:00,68.19888277580871,68.92245581409432,68.11509990051356,68.5797119140625,696800,0.0,0.0,BG
2014-11-19 00:00:00-05:00,68.90724844493992,68.90724844493992,68.15320812396868,68.69398498535156,565300,0.0,0.0,BG
2014-11-20 00:00:00-05:00,68.55686188478381,69.44800065792187,68.37405971773649,69.05194091796875,879200,0.0,0.0,BG
2014-11-21 00:00:00-05:00,69.94310591784382,70.4077180974043,69.3718620063508,69.69175720214844,1319600,0.0,0.0,BG
2014-11-24 00:00:00-05:00,69.5546475630932,69.7069769246259,68.3055282033485,68.442626953125,1362300,0.0,0.0,BG
2014-11-25 00:00:00-05:00,68.65588881607911,69.21190201386433,68.38930953398723,68.80060577392578,1336800,0.0,0.0,BG
2014-11-26 00:00:00-05:00,68.6558956057786,68.82346140280558,68.21413228834258,68.39693450927734,808700,0.0,0.0,BG
2014-11-28 00:00:00-05:00,68.51878551530461,69.24236444545251,68.37406856707662,69.13572692871094,381900,0.0,0.0,BG
2014-12-01 00:00:00-05:00,68.89199648542764,69.31091090872337,68.55687075778319,69.13572692871094,1347800,0.0,0.0,BG
2014-12-02 00:00:00-05:00,69.31089685315098,69.47846258848858,68.67871914655584,68.90721893310547,1301000,0.0,0.0,BG
2014-12-03 00:00:00-05:00,69.05956425745143,69.65365686699595,68.73205092001119,69.50132751464844,1432000,0.0,0.0,BG
2014-12-04 00:00:00-05:00,69.15859352583061,69.49371931145473,68.23698163513313,68.38169860839844,1203000,0.0,0.0,BG
2014-12-05 00:00:00-05:00,68.64825350605349,70.03447123864635,68.35882547344306,69.98115539550781,1125900,0.0,0.0,BG
2014-12-08 00:00:00-05:00,69.88214468290418,70.83421749874756,69.46323031953658,70.38484191894531,1230300,0.0,0.0,BG
2014-12-09 00:00:00-05:00,69.8745337410892,70.79613962536469,69.78313846029646,70.76567840576172,1211900,0.0,0.0,BG
2014-12-10 00:00:00-05:00,70.84184448316377,70.8723115143635,68.65588293526677,68.80821228027344,1417000,0.0,0.0,BG
2014-12-11 00:00:00-05:00,69.44040353524584,70.96372052394571,69.3109229858447,70.71237182617188,1395800,0.0,0.0,BG
2014-12-12 00:00:00-05:00,70.2477771974647,70.2477771974647,68.51880887300305,68.56450653076172,1203100,0.0,0.0,BG
2014-12-15 00:00:00-05:00,69.00624696213934,69.15858212229831,67.57433132259813,68.31314086914062,939300,0.0,0.0,BG
2014-12-16 00:00:00-05:00,68.30553662454837,69.25760977898788,67.62004279115324,67.68097686767578,831100,0.0,0.0,BG
2014-12-17 00:00:00-05:00,67.71145490026032,69.0367393193487,67.68098785705212,68.85394287109375,697200,0.0,0.0,BG
2014-12-18 00:00:00-05:00,69.58511999718502,70.06496275314073,69.32615308929321,69.86693572998047,627800,0.0,0.0,BG
2014-12-19 00:00:00-05:00,69.80601257902777,70.24015775310838,68.84632110595703,68.84632110595703,1842500,0.0,0.0,BG
2014-12-22 00:00:00-05:00,69.10527900274144,70.35439849125429,68.86916091373456,70.17921447753906,948600,0.0,0.0,BG
2014-12-23 00:00:00-05:00,70.66666637792238,70.66666637792238,69.7907580438783,70.34677124023438,993900,0.0,0.0,BG
2014-12-24 00:00:00-05:00,70.34677715797832,70.63620528628262,70.09542846679688,70.09542846679688,219000,0.0,0.0,BG
2014-12-26 00:00:00-05:00,70.44579670451758,70.73523066861782,70.17921737784117,70.45341491699219,259300,0.0,0.0,BG
2014-12-29 00:00:00-05:00,70.40008052226443,70.79614030179829,70.0344819626246,70.56002807617188,424800,0.0,0.0,BG
2014-12-30 00:00:00-05:00,70.45340722055519,70.72760472975246,70.09542681627028,70.14874267578125,325100,0.0,0.0,BG
2014-12-31 00:00:00-05:00,70.09544749751649,70.2020792479995,69.18907180741627,69.24239349365234,402800,0.0,0.0,BG
2015-01-02 00:00:00-05:00,69.21950818730414,69.6688896318277,68.81583019487968,69.43277740478516,493900,0.0,0.0,BG
2015-01-05 00:00:00-05:00,69.28808347688854,69.45564929793446,67.74191745522762,68.02372741699219,1114900,0.0,0.0,BG
2015-01-06 00:00:00-05:00,68.25223204593291,68.37409440813472,66.75938179024628,67.38394165039062,1861200,0.0,0.0,BG
2015-01-07 00:00:00-05:00,67.68095996697579,67.93992101104102,67.10971621695809,67.7342758178711,751900,0.0,0.0,BG
2015-01-08 00:00:00-05:00,68.29793143956014,69.02912306431989,67.3382457007474,68.9758071899414,1229500,0.0,0.0,BG
2015-01-09 00:00:00-05:00,69.1281206231192,69.1966670924329,68.09226469509946,68.1379623413086,529600,0.0,0.0,BG
2015-01-12 00:00:00-05:00,67.89421022939567,68.07700656694271,66.86597284058114,67.66571044921875,870900,0.0,0.0,BG
2015-01-13 00:00:00-05:00,68.18365773442997,69.27282948403356,67.75713088792534,68.45785522460938,735000,0.0,0.0,BG
2015-01-14 00:00:00-05:00,67.76476532645083,68.43502279017574,67.28491669823285,68.41979217529297,613800,0.0,0.0,BG
2015-01-15 00:00:00-05:00,68.56451081145258,69.3033206499791,68.29031903678785,68.9758071899414,823000,0.0,0.0,BG
2015-01-16 00:00:00-05:00,68.77777916560107,70.07259656025144,68.77016095194,70.04212951660156,638500,0.0,0.0,BG
2015-01-20 00:00:00-05:00,70.0192582462867,70.39246924214783,68.83868537993969,69.16619873046875,877700,0.0,0.0,BG
2015-01-21 00:00:00-05:00,68.83106561922078,69.84406678537506,68.6482634354555,69.77552032470703,775700,0.0,0.0,BG
2015-01-22 00:00:00-05:00,69.889756353319,70.42291475591016,69.33374332405329,70.10301971435547,705800,0.0,0.0,BG
2015-01-23 00:00:00-05:00,70.17158472909827,70.64381501848364,69.90500545726472,69.99640655517578,437900,0.0,0.0,BG
2015-01-26 00:00:00-05:00,70.13351473463214,70.636206313311,69.95071251420975,70.3086929321289,602100,0.0,0.0,BG
2015-01-27 00:00:00-05:00,70.1258689409569,70.46861280020377,69.32612552139314,70.02685546875,480700,0.0,0.0,BG
2015-01-28 00:00:00-05:00,70.60573390716566,70.75045086791305,69.08241705211576,69.18904876708984,434400,0.0,0.0,BG
2015-01-29 00:00:00-05:00,69.59274368278066,69.6993754147132,68.57211820586315,69.69175720214844,428100,0.0,0.0,BG
2015-01-30 00:00:00-05:00,69.2575839896093,69.74504479828757,68.12271483918565,68.1912612915039,862500,0.0,0.0,BG
2015-02-02 00:00:00-05:00,68.39694793919259,69.11290310662416,67.74192104637626,69.00627136230469,616700,0.0,0.0,BG
2015-02-03 00:00:00-05:00,68.31314985692002,69.24998651843802,67.86376833906736,68.70159149169922,1334000,0.0,0.0,BG
2015-02-04 00:00:00-05:00,68.86914586594492,69.3109090987951,67.83329005629236,68.328369140625,1202500,0.0,0.0,BG
2015-02-05 00:00:00-05:00,68.68635943570641,69.70697897213817,68.13796442049232,69.66889953613281,999700,0.0,0.0,BG
2015-02-06 00:00:00-05:00,69.63844005530517,69.98118407149938,68.9681826367726,69.05957794189453,796500,0.0,0.0,BG
2015-02-09 00:00:00-05:00,68.93007918654483,69.4937047262963,68.72443399332197,68.78536224365234,523700,0.0,0.0,BG
2015-02-10 00:00:00-05:00,69.0062444505237,69.63080405696296,68.76251401413256,69.56986999511719,962400,0.0,0.0,BG
2015-02-11 00:00:00-05:00,69.21190157844102,69.70697489450028,68.95293469818631,69.676513671875,1008800,0.0,0.0,BG
2015-02-12 00:00:00-05:00,65.46412669530231,66.51149369579089,61.15999420302611,61.496376037597656,5789500,0.34,0.0,BG
2015-02-13 00:00:00-05:00,61.35111956398688,63.36939891854357,61.03003099227823,62.85718536376953,3111900,0.0,0.0,BG
2015-02-17 00:00:00-05:00,62.49787121495523,63.52229835323046,62.429069018804704,63.23943710327149,1653300,0.0,0.0,BG
2015-02-18 00:00:00-05:00,63.23177076883149,63.43818895831084,62.757778845462205,63.36938095092773,1390700,0.0,0.0,BG
2015-02-19 00:00:00-05:00,62.87246787146855,63.3082325654189,62.841887176652776,63.07123947143555,1071100,0.0,0.0,BG
2015-02-20 00:00:00-05:00,63.05595874753163,63.3235325647922,62.75779839953071,63.23943710327149,1068200,0.0,0.0,BG
2015-02-23 00:00:00-05:00,63.055950692020126,63.38468586342138,62.94891534611809,63.323524475097656,673400,0.0,0.0,BG
2015-02-24 00:00:00-05:00,63.06359446816397,63.568167196648055,62.73485928124378,63.124755859375,655300,0.0,0.0,BG
2015-02-25 00:00:00-05:00,63.54525260332093,63.54525260332093,62.658429657053055,62.727237701416016,724100,0.0,0.0,BG
2015-02-26 00:00:00-05:00,62.497850239043736,62.79600465430449,62.031504957190805,62.161468505859375,842500,0.0,0.0,BG
2015-02-27 00:00:00-05:00,62.11559857629413,62.77306876322294,62.11559857629413,62.520782470703125,690600,0.0,0.0,BG
2015-03-02 00:00:00-05:00,62.52079272296843,62.64311549067418,61.7562929228193,62.383182525634766,1103000,0.0,0.0,BG
2015-03-03 00:00:00-05:00,62.146173124331725,62.76541593328387,61.92446754062402,62.22262191772461,1312500,0.0,0.0,BG
2015-03-04 00:00:00-05:00,62.268493403186994,63.002418191022656,62.13852986410605,62.70425796508789,935200,0.0,0.0,BG
2015-03-05 00:00:00-05:00,62.64310697429208,63.254703231662,62.41375473235972,62.91832733154297,735500,0.0,0.0,BG
2015-03-06 00:00:00-05:00,62.719569382314695,62.918340979595,61.473436706938514,61.77159118652344,1026400,0.0,0.0,BG
2015-03-09 00:00:00-04:00,61.70278727620719,61.870978190288895,61.11412490959269,61.3587646484375,920100,0.0,0.0,BG
2015-03-10 00:00:00-04:00,61.00708229465512,61.22114129111767,60.48722223210171,60.96120834350586,991100,0.0,0.0,BG
2015-03-11 00:00:00-04:00,60.6936437727678,61.11412103128856,60.16613699983651,60.28845977783203,1177700,0.0,0.0,BG
2015-03-12 00:00:00-04:00,60.5483988654145,61.060618308384086,60.17379549114786,60.90007400512695,1126900,0.0,0.0,BG
2015-03-13 00:00:00-04:00,61.17525509789539,61.17525509789539,60.22727723212127,60.70891571044922,742000,0.0,0.0,BG
2015-03-16 00:00:00-04:00,60.66305661483449,61.36639501535727,60.479578300061256,60.80066680908203,810800,0.0,0.0,BG
2015-03-17 00:00:00-04:00,60.00558287114221,60.800663299492506,60.00558287114221,60.36489868164063,891900,0.0,0.0,BG
2015-03-18 00:00:00-04:00,60.38782289582375,61.50399163269668,59.9367709231022,61.20583724975586,1214800,0.0,0.0,BG
2015-03-19 00:00:00-04:00,60.98417406188121,61.03768883877834,60.28083532761226,60.4184455871582,911600,0.0,0.0,BG
2015-03-20 00:00:00-04:00,60.578951015324606,61.32051661373368,60.395472731313646,61.30522918701172,1221600,0.0,0.0,BG
2015-03-23 00:00:00-04:00,60.97651534445208,62.42906636118043,60.89241988651133,61.955074310302734,1379300,0.0,0.0,BG
2015-03-24 00:00:00-04:00,61.92449630340528,62.19207012089799,61.02238612395004,61.09119415283203,921100,0.0,0.0,BG
2015-03-25 00:00:00-04:00,61.40462989883944,61.442857225765074,60.548387936677365,60.81596755981445,1314600,0.0,0.0,BG
2015-03-26 00:00:00-04:00,60.55603888040634,60.7853911929485,59.8832810403791,60.01324462890625,1116200,0.0,0.0,BG
2015-03-27 00:00:00-04:00,60.64777273715752,61.24408166959396,60.15084668257021,61.2135009765625,1513300,0.0,0.0,BG
2015-03-30 00:00:00-04:00,61.54223870024222,62.82659869772803,61.41991592301927,62.53609085083008,1332600,0.0,0.0,BG
2015-03-31 00:00:00-04:00,62.23028378576192,62.99478357223892,61.84038726151091,62.964202880859375,1481900,0.0,0.0,BG
2015-04-01 00:00:00-04:00,63.08653935657649,63.87397928002317,62.84189958242646,63.57582473754883,1516300,0.0,0.0,BG
2015-04-02 00:00:00-04:00,63.43053380198424,64.48554116779987,63.32350432281464,63.92745971679688,1274900,0.0,0.0,BG
2015-04-06 00:00:00-04:00,63.69813264007036,64.76843368685823,63.69813264007036,64.20270538330078,784800,0.0,0.0,BG
2015-04-07 00:00:00-04:00,64.08801477163163,64.89073600112867,63.92747052573223,64.05743408203125,818000,0.0,0.0,BG
2015-04-08 00:00:00-04:00,64.04215315054712,64.76078491283465,64.019219087099,64.6078872680664,781800,0.0,0.0,BG
2015-04-09 00:00:00-04:00,64.64609426590765,64.86779988397356,64.21032966010084,64.46261596679688,616600,0.0,0.0,BG
2015-04-10 00:00:00-04:00,64.58493070037434,65.0359826781441,64.42438064683776,64.91366577148438,774200,0.0,0.0,BG
2015-04-13 00:00:00-04:00,64.84488677978516,65.50235721611429,64.6078936571567,64.84488677978516,877900,0.0,0.0,BG
2015-04-14 00:00:00-04:00,65.31887258459145,65.86166680753931,64.69198290697986,65.66289520263672,1067700,0.0,0.0,BG
2015-04-15 00:00:00-04:00,65.9075231574033,66.58792747252055,65.34179497203317,66.47325134277344,1142200,0.0,0.0,BG
2015-04-16 00:00:00-04:00,66.67202210479289,66.7178902230682,66.07571323653316,66.24390411376953,715900,0.0,0.0,BG
2015-04-17 00:00:00-04:00,65.77758802772428,65.96871304901613,65.14305155719387,65.40298461914062,877700,0.0,0.0,BG
2015-04-20 00:00:00-04:00,65.41058205895398,65.69344900271199,64.88308131609296,64.92130279541016,974200,0.0,0.0,BG
2015-04-21 00:00:00-04:00,65.18888739054718,65.3264975709895,64.26384344583434,64.65373992919922,860700,0.0,0.0,BG
2015-04-22 00:00:00-04:00,64.62315058223507,64.97481970009679,64.49318704941709,64.86779022216797,550100,0.0,0.0,BG
2015-04-23 00:00:00-04:00,64.7837179989285,65.90753375230165,64.5620123344894,65.52528381347656,566100,0.0,0.0,BG
2015-04-24 00:00:00-04:00,65.99928501039076,66.33566103709215,65.36474862390803,65.59410095214844,946200,0.0,0.0,BG
2015-04-27 00:00:00-04:00,65.55585826932416,66.45796827240129,65.45647539444988,65.99162292480469,729700,0.0,0.0,BG
2015-04-28 00:00:00-04:00,65.99927005910655,66.32800521102202,65.50999064686083,66.25155639648438,589200,0.0,0.0,BG
2015-04-29 00:00:00-04:00,65.64759946987759,66.6567389655629,65.63995283878293,66.53441619873047,1235900,0.0,0.0,BG
2015-04-30 00:00:00-04:00,66.51147893913524,68.41508170321109,65.83872125192597,66.02984619140625,2124000,0.0,0.0,BG
2015-05-01 00:00:00-04:00,66.48856373591545,68.18575461305427,66.23627734441169,67.87230682373047,2418500,0.0,0.0,BG
2015-05-04 00:00:00-04:00,67.76526767140042,68.58328229490398,67.68117221950715,68.25454711914062,1116300,0.0,0.0,BG
2015-05-05 00:00:00-04:00,68.29276405624647,68.38450029332263,67.24539729915534,67.29891204833984,947900,0.0,0.0,BG
2015-05-06 00:00:00-04:00,67.71939829378918,67.96403801313603,67.40595055476957,67.76526641845703,1287800,0.0,0.0,BG
2015-05-07 00:00:00-04:00,68.12454466356807,68.96549286990681,67.71936089895645,68.42269897460938,1993600,0.0,0.0,BG
2015-05-08 00:00:00-04:00,68.95786767855064,69.02667568161694,68.63677921802682,68.73616790771484,748800,0.0,0.0,BG
2015-05-11 00:00:00-04:00,68.59855387365155,68.98080368590652,68.34626759772264,68.76673889160156,790500,0.0,0.0,BG
2015-05-12 00:00:00-04:00,68.73616573922467,69.0496075600372,68.62913042309057,68.78968048095703,820000,0.0,0.0,BG
2015-05-13 00:00:00-04:00,69.04961655506507,69.7376674903052,68.8432041908281,69.27896881103516,1321100,0.0,0.0,BG
2015-05-14 00:00:00-04:00,69.64594406374758,70.00525997236728,69.43953164425952,69.73768615722656,1319000,0.0,0.0,BG
2015-05-15 00:00:00-04:00,70.08297005346563,70.80428426500471,69.5918602630384,70.48966979980469,1212100,0.34,0.0,BG
2015-05-18 00:00:00-04:00,70.22112150026885,70.70455623575536,69.9371961673365,70.53573608398438,995100,0.0,0.0,BG
2015-05-19 00:00:00-04:00,70.48200348818096,70.6661682192901,69.94485391640801,70.15971374511719,868800,0.0,0.0,BG
2015-05-20 00:00:00-04:00,70.33623893793809,71.39519390926796,70.32856369665849,70.78130340576172,983800,0.0,0.0,BG
2015-05-21 00:00:00-04:00,70.41294138511256,70.79662130962136,70.29016099911405,70.30551147460938,945400,0.0,0.0,BG
2015-05-22 00:00:00-04:00,70.21343314552857,70.497358425428,69.67628353976379,69.99857330322266,651000,0.0,0.0,BG
2015-05-26 00:00:00-04:00,69.73765690558756,70.04460199819874,69.30793728862632,69.4076919555664,989300,0.0,0.0,BG
2015-05-27 00:00:00-04:00,69.70697588627877,70.51270618526681,69.2542363204893,70.16739654541016,798100,0.0,0.0,BG
2015-05-28 00:00:00-04:00,70.16738305949282,70.52804310773197,70.01390758444917,70.22876739501953,637500,0.0,0.0,BG
2015-05-29 00:00:00-04:00,70.20575769735429,71.14961297836975,70.00624833266126,71.0268325805664,1276300,0.0,0.0,BG
2015-06-01 00:00:00-04:00,71.06520173088006,71.1649564115595,70.15204156457592,70.33621215820312,858800,0.0,0.0,BG
2015-06-02 00:00:00-04:00,70.11368405366615,70.45131846657301,69.84510337487583,70.0292739868164,510000,0.0,0.0,BG
2015-06-03 00:00:00-04:00,70.3055297895819,70.3055297895819,69.70698403365127,70.04462432861328,625800,0.0,0.0,BG
2015-06-04 00:00:00-04:00,69.545833026396,70.10600838895343,69.07007358466792,69.20052337646484,638300,0.0,0.0,BG
2015-06-05 00:00:00-04:00,68.8705512358382,69.32329076806832,68.45617618603067,69.08541107177734,617900,0.0,0.0,BG
2015-06-08 00:00:00-04:00,69.15449317036912,69.26959249986197,68.70174767455676,68.75546264648438,609300,0.0,0.0,BG
2015-06-09 00:00:00-04:00,68.87055410870242,69.2158637373672,68.54826434134974,68.83985900878906,737200,0.0,0.0,BG
2015-06-10 00:00:00-04:00,69.07006131650624,70.48200062173926,69.07006131650624,70.40526580810547,1193700,0.0,0.0,BG
2015-06-11 00:00:00-04:00,70.33620222169007,70.73522674252847,70.0752968448225,70.45897674560547,771700,0.0,0.0,BG
2015-06-12 00:00:00-04:00,70.0906513667002,70.38992711772151,69.95253220321705,70.33621215820312,426600,0.0,0.0,BG
2015-06-15 00:00:00-04:00,69.75301693859349,70.18273661444015,69.59954144401146,69.89881134033203,485800,0.0,0.0,BG
2015-06-16 00:00:00-04:00,69.944869926236,70.08299496980638,69.46142934649335,69.95254516601562,557900,0.0,0.0,BG
2015-06-17 00:00:00-04:00,69.86811747122049,70.152036872044,69.26957186370659,70.08297729492188,815000,0.0,0.0,BG
2015-06-18 00:00:00-04:00,70.05996690994998,70.90406169770404,69.94486174468989,70.5740966796875,757400,0.0,0.0,BG
2015-06-19 00:00:00-04:00,70.65083921161563,70.68920955571839,70.3592445017093,70.5664291381836,758200,0.0,0.0,BG
2015-06-22 00:00:00-04:00,70.8887164621172,70.96545714762678,70.38993713325894,70.70455169677734,550400,0.0,0.0,BG
2015-06-23 00:00:00-04:00,71.01916990376361,71.3874994229762,70.38225970261384,71.24937438964844,720800,0.0,0.0,BG
2015-06-24 00:00:00-04:00,71.03451704913174,71.21101243028458,70.15972709183514,70.1750717163086,485000,0.0,0.0,BG
2015-06-25 00:00:00-04:00,70.382233100324,70.382233100324,69.10074379766913,69.23119354248047,757100,0.0,0.0,BG
2015-06-26 00:00:00-04:00,69.20817974136926,69.42303954090781,68.10317979575333,68.63265991210938,1416300,0.0,0.0,BG
2015-06-29 00:00:00-04:00,68.17995012897262,68.75547025812179,67.36655021987973,67.4202651977539,721500,0.0,0.0,BG
2015-06-30 00:00:00-04:00,67.84231194973658,68.36411121817908,67.36654656119448,67.37422180175781,1009100,0.0,0.0,BG
2015-07-01 00:00:00-04:00,67.83463390122165,69.36935409874027,67.27445845315046,68.9549789428711,1361500,0.0,0.0,BG
2015-07-02 00:00:00-04:00,69.06239663733912,69.06239663733912,68.34107639902284,68.69406127929688,832600,0.0,0.0,BG
2015-07-06 00:00:00-04:00,67.20538975072654,67.40489913414335,65.77809969201655,66.08504486083984,1541300,0.0,0.0,BG
2015-07-07 00:00:00-04:00,66.17712541401336,66.81403562537878,65.47883085145604,66.77566528320312,1420000,0.0,0.0,BG
2015-07-08 00:00:00-04:00,66.30757376388286,66.53777822811323,65.65531314566779,65.7397232055664,881900,0.0,0.0,BG
2015-07-09 00:00:00-04:00,66.3305899830078,66.72193930706007,65.64764015731899,65.68600463867188,663600,0.0,0.0,BG
2015-07-10 00:00:00-04:00,66.51477166029973,66.64522146821685,65.59394191036466,65.77810668945312,878200,0.0,0.0,BG
2015-07-13 00:00:00-04:00,66.26152583632727,66.33059127128989,65.6936811526509,66.30757141113281,738000,0.0,0.0,BG
2015-07-14 00:00:00-04:00,66.46104468321073,67.0442398752139,66.28454932153508,66.86006927490234,937800,0.0,0.0,BG
2015-07-15 00:00:00-04:00,66.81401555717166,66.99818026441626,65.89318616645812,66.53009033203125,980000,0.0,0.0,BG
2015-07-16 00:00:00-04:00,66.84471636816643,67.53534139751746,66.5838109773045,67.50464630126953,917500,0.0,0.0,BG
2015-07-17 00:00:00-04:00,67.83463389435087,67.89602410732371,66.75265334505322,67.60442352294922,878800,0.0,0.0,BG
2015-07-20 00:00:00-04:00,67.38187034133612,67.6811402312932,67.05190535311533,67.343505859375,494800,0.0,0.0,BG
2015-07-21 00:00:00-04:00,67.10563776477267,67.54303278343166,66.33827767207319,66.36897277832031,574500,0.0,0.0,BG
2015-07-22 00:00:00-04:00,66.34594023537966,67.27444506759524,65.8394857153038,67.15933990478516,639100,0.0,0.0,BG
2015-07-23 00:00:00-04:00,67.14399455951387,67.5506943898414,66.62986480625047,66.86006927490234,602500,0.0,0.0,BG
2015-07-24 00:00:00-04:00,66.6682011575667,66.87539153186336,65.91619201435094,66.2077865600586,677600,0.0,0.0,BG
2015-07-27 00:00:00-04:00,65.99294414740889,66.36127943490526,65.54020466632062,65.65530395507812,806200,0.0,0.0,BG
2015-07-28 00:00:00-04:00,65.68600173107372,66.52242700862341,65.40975171779961,66.44568634033203,728700,0.0,0.0,BG
2015-07-29 00:00:00-04:00,66.46873036660574,66.6375446616809,65.67067520332607,65.69369506835938,1410800,0.0,0.0,BG
2015-07-30 00:00:00-04:00,62.30961779417112,63.52972300619353,61.35041797680709,62.34798812866211,3147400,0.0,0.0,BG
2015-07-31 00:00:00-04:00,62.53983043252314,62.75469026293467,61.242990357479,61.273685455322266,2064600,0.0,0.0,BG
2015-08-03 00:00:00-04:00,61.17394044033108,62.02571051291788,61.127900713540086,61.24300003051758,1264700,0.0,0.0,BG
2015-08-04 00:00:00-04:00,61.31204850536562,61.58062326146454,60.58305319082215,60.69048309326172,968800,0.0,0.0,BG
2015-08-05 00:00:00-04:00,60.85163885035577,61.31205359251096,60.28378834235631,60.36819839477539,1083700,0.0,0.0,BG
2015-08-06 00:00:00-04:00,60.70584297815362,60.71351821651499,58.76442334162261,59.270877838134766,1435600,0.0,0.0,BG
2015-08-07 00:00:00-04:00,58.9716052375328,59.57014500346321,58.05845096710951,58.4881706237793,1271900,0.0,0.0,BG
2015-08-10 00:00:00-04:00,58.703043374382496,59.324603136673645,58.5495737073576,59.07904815673828,1386300,0.0,0.0,BG
2015-08-11 00:00:00-04:00,58.55722815770372,59.08670832653447,58.12750851603878,58.51886367797852,1436700,0.0,0.0,BG
2015-08-12 00:00:00-04:00,58.19658374819623,59.3859941749807,57.75151936580886,59.332279205322266,1213400,0.0,0.0,BG
2015-08-13 00:00:00-04:00,59.55480113860276,59.99219603883927,58.69535595985237,58.78744125366211,1101800,0.0,0.0,BG
2015-08-14 00:00:00-04:00,58.78744604381027,59.13275567837373,58.49585137138983,58.55723571777344,1022200,0.0,0.0,BG
2015-08-17 00:00:00-04:00,58.61123467437803,58.919716033633264,58.46470470487847,58.765472412109375,873100,0.38,0.0,BG
2015-08-18 00:00:00-04:00,58.6806047148067,58.99679953654153,58.25644824841216,58.27186965942383,872300,0.0,0.0,BG
2015-08-19 00:00:00-04:00,58.13308485352069,58.13308485352069,56.783484134491104,56.86831665039063,1145800,0.0,0.0,BG
2015-08-20 00:00:00-04:00,57.01483207894225,57.03025349436045,56.212783150009855,56.22821044921875,986700,0.0,0.0,BG
2015-08-21 00:00:00-04:00,55.6652342957389,56.120239619145,54.71665539910866,54.724369049072266,1120300,0.0,0.0,BG
2015-08-24 00:00:00-04:00,53.40562095588064,55.00200534693581,51.716690410347134,54.161399841308594,2150900,0.0,0.0,BG
2015-08-25 00:00:00-04:00,55.433866571261774,55.81175889409364,53.12797969087968,53.166542053222656,1685100,0.0,0.0,BG
2015-08-26 00:00:00-04:00,53.999436716361984,54.3310530457046,53.37476642212223,53.70638275146485,1879200,0.0,0.0,BG
2015-08-27 00:00:00-04:00,53.93004000701229,55.96600843373759,53.83749384805508,55.31820297241211,1691000,0.0,0.0,BG
2015-08-28 00:00:00-04:00,55.10226075231035,56.081688457932,55.10226075231035,55.966007232666016,1106700,0.0,0.0,BG
2015-08-31 00:00:00-04:00,55.63438105758934,56.18964613401621,55.48014337359987,55.87345123291016,1589200,0.0,0.0,BG
2015-09-01 00:00:00-04:00,55.14080955189407,55.41072842189358,53.99172300030184,54.33104705810547,1114300,0.0,0.0,BG
2015-09-02 00:00:00-04:00,54.73208544246325,55.04056673476923,54.02258258881336,54.70123672485352,607500,0.0,0.0,BG
2015-09-03 00:00:00-04:00,54.77063595601168,55.51099333035521,54.55470084007425,54.65496063232422,569600,0.0,0.0,BG
2015-09-04 00:00:00-04:00,54.19995228661485,54.30791985023035,53.74494696620541,54.01486587524414,521600,0.0,0.0,BG
2015-09-08 00:00:00-04:00,54.88632110789423,54.97886725728566,54.13825591407226,54.5007209777832,502600,0.0,0.0,BG
2015-09-09 00:00:00-04:00,54.75521703066421,54.94801709063134,53.62926538651109,53.76808166503906,612600,0.0,0.0,BG
2015-09-10 00:00:00-04:00,53.59843334941085,54.71667169167284,53.51360082592419,54.13827133178711,894000,0.0,0.0,BG
2015-09-11 00:00:00-04:00,53.83749261851876,54.05342776736241,53.367059951198726,53.66782760620117,600900,0.0,0.0,BG
2015-09-14 00:00:00-04:00,53.76036816070636,54.09198450009914,53.598416815950486,53.86833572387695,802100,0.0,0.0,BG
2015-09-15 00:00:00-04:00,54.169096047917705,54.84004228617013,53.98400966225122,54.73207473754883,624800,0.0,0.0,BG
2015-09-16 00:00:00-04:00,54.80918893946662,55.52640524253428,54.80918893946662,55.27190780639648,474300,0.0,0.0,BG
2015-09-17 00:00:00-04:00,55.21793052223787,55.65751438002072,54.79377396264547,54.99428176879883,520800,0.0,0.0,BG
2015-09-18 00:00:00-04:00,54.74749790935192,55.14852528892786,54.37732512613292,54.53156280517578,844000,0.0,0.0,BG
2015-09-21 00:00:00-04:00,54.593267563794704,55.40302431322942,54.4698726969526,54.79378128051758,561700,0.0,0.0,BG
2015-09-22 00:00:00-04:00,54.1922448775247,54.1922448775247,53.2513854124954,53.74495315551758,649400,0.0,0.0,BG
2015-09-23 00:00:00-04:00,53.67553878063168,54.331057847605926,53.50587377614138,53.62926864624024,437300,0.0,0.0,BG
2015-09-24 00:00:00-04:00,53.2590797491114,54.608679993187096,52.68067964450753,54.36960983276367,796100,0.0,0.0,BG
2015-09-25 00:00:00-04:00,54.82462318426241,55.38760195805367,54.43902305760266,54.87089920043945,861400,0.0,0.0,BG
2015-09-28 00:00:00-04:00,54.40045818159184,54.431306893019794,53.0200092350889,53.29764175415039,751900,0.0,0.0,BG
2015-09-29 00:00:00-04:00,54.73980475368148,55.919740376266944,54.43903119683024,55.82719421386719,1378400,0.0,0.0,BG
2015-09-30 00:00:00-04:00,56.36702682987197,56.80661664718333,56.027702700492966,56.52898406982422,1498900,0.0,0.0,BG
2015-10-01 00:00:00-04:00,56.62923672432961,57.10738301549139,55.91202022948253,56.61381530761719,1030100,0.0,0.0,BG
2015-10-02 00:00:00-04:00,56.34388972535415,57.53925249486648,55.70379797427631,57.50840377807617,1081200,0.0,0.0,BG
2015-10-05 00:00:00-04:00,57.63950518100409,58.41070543292362,57.39272133574148,57.84773254394531,1466600,0.0,0.0,BG
2015-10-06 00:00:00-04:00,57.72434435710527,58.10994452767216,57.57010664239517,57.92485809326172,861100,0.0,0.0,BG
2015-10-07 00:00:00-04:00,58.0559353122792,58.842562610638375,57.46211389855158,58.665184020996094,1285700,0.0,0.0,BG
2015-10-08 00:00:00-04:00,58.7114763423509,59.53666042267969,58.42613599881681,59.14335250854492,773700,0.0,0.0,BG
2015-10-09 00:00:00-04:00,59.127924298839936,59.7526005291889,59.02767038019216,59.47496795654297,738000,0.0,0.0,BG
2015-10-12 00:00:00-04:00,59.41327225642455,59.66776976941223,59.17420204447384,59.4826774597168,393300,0.0,0.0,BG
2015-10-13 00:00:00-04:00,59.39014824912656,60.47753782308708,59.1433643406978,59.74489974975586,1079600,0.0,0.0,BG
2015-10-14 00:00:00-04:00,59.66777621130849,60.138208919272,59.382429949231465,59.6137924194336,744000,0.0,0.0,BG
2015-10-15 00:00:00-04:00,59.667768027336464,60.107351953394,58.9197028112511,59.47496795654297,684300,0.0,0.0,BG
2015-10-16 00:00:00-04:00,59.70631902148468,60.007086633564974,58.97368117334874,59.98395156860352,656800,0.0,0.0,BG
2015-10-19 00:00:00-04:00,59.87597366210889,60.230724992389696,59.66775222964894,60.00707626342773,764300,0.0,0.0,BG
2015-10-20 00:00:00-04:00,59.99939325494044,60.23074984382235,59.69091191930581,60.10736083984375,608300,0.0,0.0,BG
2015-10-21 00:00:00-04:00,60.36957172439475,60.747458306445374,59.9068526201175,60.11507415771485,572200,0.0,0.0,BG
2015-10-22 00:00:00-04:00,60.40039161592605,61.156170303034784,60.061061689005,60.99421310424805,624700,0.0,0.0,BG
2015-10-23 00:00:00-04:00,61.30269648236205,61.518631576637496,60.80912887150673,61.241004943847656,482500,0.0,0.0,BG
2015-10-26 00:00:00-04:00,61.3027241007867,61.32585917362629,60.74745881746593,61.117637634277344,610500,0.0,0.0,BG
2015-10-27 00:00:00-04:00,60.96339535556761,61.27187081552712,60.62406528906147,61.08678436279297,882600,0.0,0.0,BG
2015-10-28 00:00:00-04:00,60.78599827849792,61.59576082536024,59.081646577605206,61.01736068725586,1124800,0.0,0.0,BG
2015-10-29 00:00:00-04:00,60.30785915664446,61.00194058096209,56.20507392864501,57.13822555541992,2754100,0.0,0.0,BG
2015-10-30 00:00:00-04:00,57.07653589299696,57.67807118603863,56.12024328395452,56.26677322387695,1199300,0.0,0.0,BG
2015-11-02 00:00:00-05:00,56.18964952802264,56.60609836049741,55.59582205283437,56.0354118347168,1238700,0.0,0.0,BG
2015-11-03 00:00:00-05:00,55.73465144616591,55.73465144616591,54.53929433226934,55.22566223144531,1525500,0.0,0.0,BG
2015-11-04 00:00:00-05:00,55.225655727108,55.225655727108,54.577844394734,54.78607177734375,1334400,0.0,0.0,BG
2015-11-05 00:00:00-05:00,55.10224903066438,56.95313058981618,55.10224903066438,56.544395446777344,1563000,0.0,0.0,BG
2015-11-06 00:00:00-05:00,55.5341199055837,56.382438824422685,55.31818482265629,56.27447128295898,1134500,0.0,0.0,BG
2015-11-09 00:00:00-05:00,56.27449526735759,56.53670058443954,55.07142450184325,55.22566223144531,876900,0.0,0.0,BG
2015-11-10 00:00:00-05:00,54.97117103411899,55.15625750778669,54.31565178187649,54.446754455566406,701200,0.0,0.0,BG
2015-11-11 00:00:00-05:00,54.44674050737627,54.600984099079255,53.86834027702073,53.89918899536133,669900,0.0,0.0,BG
2015-11-12 00:00:00-05:00,53.534738803043886,53.782871767300776,52.43364914390121,52.49567794799805,1145500,0.38,0.0,BG
2015-11-13 00:00:00-05:00,52.49567851502099,53.01521190613381,52.379370808610325,52.75932312011719,1469900,0.0,0.0,BG
2015-11-16 00:00:00-05:00,52.728318242487525,53.31763639696003,52.728318242487525,53.01522445678711,900200,0.0,0.0,BG
2015-11-17 00:00:00-05:00,53.11602423961136,53.526993991554384,50.983629105904335,51.138710021972656,1850600,0.0,0.0,BG
2015-11-18 00:00:00-05:00,51.46438355449783,51.83658007708819,51.17747738486842,51.565185546875,1350600,0.0,0.0,BG
2015-11-19 00:00:00-05:00,51.642728804183626,52.34836053706406,51.185235987798855,51.278282165527344,1338700,0.0,0.0,BG
2015-11-20 00:00:00-05:00,51.56517782067824,52.15449579509659,50.650186458800896,50.805267333984375,1348300,0.0,0.0,BG
2015-11-23 00:00:00-05:00,50.96036969502799,53.42619422594734,50.65020193393941,53.01522445678711,2457700,0.0,0.0,BG
2015-11-24 00:00:00-05:00,52.87564286803936,53.17805477165416,51.85209352135294,51.99166870117188,1784300,0.0,0.0,BG
2015-11-25 00:00:00-05:00,52.022689088255575,52.66628619000791,51.87536397910089,52.54997253417969,884900,0.0,0.0,BG
2015-11-27 00:00:00-05:00,52.588736749642806,52.588736749642806,51.64272785376403,51.96065139770508,603000,0.0,0.0,BG
2015-11-30 00:00:00-05:00,51.90636331908919,52.10796727547695,51.31704533929089,51.65047454833984,1170200,0.0,0.0,BG
2015-12-01 00:00:00-05:00,51.95288979362785,52.232040122511926,50.95260210111932,51.107688903808594,1639800,0.0,0.0,BG
2015-12-02 00:00:00-05:00,51.0921758391968,51.22399518083516,50.673450357560434,50.7354850769043,882400,0.0,0.0,BG
2015-12-03 00:00:00-05:00,50.76650472150395,51.1697185834742,49.61113316453789,49.93680953979492,1474100,0.0,0.0,BG
2015-12-04 00:00:00-05:00,49.98333113738133,50.74324167106231,49.797232892463015,50.38655090332031,789200,0.0,0.0,BG
2015-12-07 00:00:00-05:00,50.40206473636693,50.93710393205938,50.06087963581436,50.40982055664063,1349100,0.0,0.0,BG
2015-12-08 00:00:00-05:00,50.05312701976991,50.06087692366624,49.10711814018606,49.176902770996094,1234700,0.0,0.0,BG
2015-12-09 00:00:00-05:00,49.045077140753065,50.07638215895734,48.86673176065317,49.20016098022461,1185300,0.0,0.0,BG
2015-12-10 00:00:00-05:00,49.4405423793252,49.75846294653213,48.92101487402687,49.25444412231445,1117800,0.0,0.0,BG
2015-12-11 00:00:00-05:00,48.71165930695764,49.16140225074939,48.19213172496946,48.82021713256836,1136900,0.0,0.0,BG
2015-12-14 00:00:00-05:00,48.81246003999459,49.20792107873313,47.72687596200157,47.92848587036133,1288100,0.0,0.0,BG
2015-12-15 00:00:00-05:00,48.09907331520117,48.85898095277187,48.07581177218711,48.52555465698242,1298200,0.0,0.0,BG
2015-12-16 00:00:00-05:00,48.87449348013589,49.13813516762963,48.1533560101671,48.98305130004883,1249400,0.0,0.0,BG
2015-12-17 00:00:00-05:00,49.2156743758289,49.70418452370285,48.88224512430818,49.65766143798828,1654000,0.0,0.0,BG
2015-12-18 00:00:00-05:00,49.56461593139896,51.51091279361783,49.30873005205884,51.25502395629883,2877700,0.0,0.0,BG
2015-12-21 00:00:00-05:00,51.30928888665507,51.782293245181,50.59590739758375,50.898319244384766,1218700,0.0,0.0,BG
2015-12-22 00:00:00-05:00,50.94484791217119,52.09246662496783,50.94484791217119,51.84433364868164,961300,0.0,0.0,BG
2015-12-23 00:00:00-05:00,52.03043634541173,52.67403334122868,51.92963434879693,52.53445816040039,992700,0.0,0.0,BG
2015-12-24 00:00:00-05:00,52.34059267863567,53.06948578830333,52.294069600471694,53.05397415161133,459400,0.0,0.0,BG
2015-12-28 00:00:00-05:00,52.90665081805864,53.03847015444425,52.52669261418546,52.751564025878906,649900,0.0,0.0,BG
2015-12-29 00:00:00-05:00,52.89888818073344,53.519217521622565,52.89888818073344,53.44167709350586,760100,0.0,0.0,BG
2015-12-30 00:00:00-05:00,53.43394112368369,53.643300925780686,53.06173868934159,53.309871673583984,789000,0.0,0.0,BG
2015-12-31 00:00:00-05:00,53.15478117706835,53.395158298277735,52.84461352379292,52.94541549682617,699700,0.0,0.0,BG
2016-01-04 00:00:00-05:00,52.32509393710433,52.348355479288976,51.48764292271616,51.81331634521485,979500,0.0,0.0,BG
2016-01-05 00:00:00-05:00,51.64272587723207,51.97615513242864,51.17747726708632,51.627220153808594,1277600,0.0,0.0,BG
2016-01-06 00:00:00-05:00,51.17747857597437,52.115731639952365,51.0611649414739,51.75904083251953,1179900,0.0,0.0,BG
2016-01-07 00:00:00-05:00,51.20073886908246,52.10022464356143,50.81303070752229,51.5962028503418,1519700,0.0,0.0,BG
2016-01-08 00:00:00-05:00,51.61946184779946,51.96839680961259,51.13870162142965,51.27052688598633,989100,0.0,0.0,BG
2016-01-11 00:00:00-05:00,51.56519378203743,51.71252480023553,51.08443345462543,51.52642059326172,1034500,0.0,0.0,BG
2016-01-12 00:00:00-05:00,51.76679721467819,52.06145329811692,49.95231987825142,50.53388214111328,1330700,0.0,0.0,BG
2016-01-13 00:00:00-05:00,50.87506835747869,52.01493136453754,50.1616867190328,50.30126190185547,1789800,0.0,0.0,BG
2016-01-14 00:00:00-05:00,50.18494244031215,50.28574442667077,49.00630934322691,49.58787155151367,1691500,0.0,0.0,BG
2016-01-15 00:00:00-05:00,48.86673949922701,48.98305017876606,47.34692413927886,47.92073059082031,1438500,0.0,0.0,BG
2016-01-19 00:00:00-05:00,48.28517474712286,48.455767284590976,47.15306762642005,47.18408203125,1797200,0.0,0.0,BG
2016-01-20 00:00:00-05:00,46.80412739242619,46.98247278285322,45.22227746257988,46.245826721191406,1797100,0.0,0.0,BG
2016-01-21 00:00:00-05:00,45.951166974279694,46.54823785863903,45.64100224028648,46.075233459472656,972400,0.0,0.0,BG
2016-01-22 00:00:00-05:00,46.55600322037147,47.19959731985865,46.183803688503176,46.47070693969727,941600,0.0,0.0,BG
2016-01-25 00:00:00-05:00,46.36214137938354,46.62578304022851,45.60998662033028,45.77282333374024,1771300,0.0,0.0,BG
2016-01-26 00:00:00-05:00,46.06748351005732,46.23807604722217,45.5402001751646,45.99769592285156,1503900,0.0,0.0,BG
2016-01-27 00:00:00-05:00,45.60223886805976,45.85037187571698,44.90436293528708,45.4471549987793,1791100,0.0,0.0,BG
2016-01-28 00:00:00-05:00,46.05974500418241,46.67232184060596,45.734068509723066,46.58702850341797,1082400,0.0,0.0,BG
2016-01-29 00:00:00-05:00,46.517222702645526,48.08356094360352,46.50946688358373,48.08356094360352,1505100,0.0,0.0,BG
2016-02-01 00:00:00-05:00,47.99051094156937,48.130086102341934,47.20734183543729,47.48649215698242,899100,0.0,0.0,BG
2016-02-02 00:00:00-05:00,46.88942520800149,46.88942520800149,45.09821246719165,45.30757522583008,1593300,0.0,0.0,BG
2016-02-03 00:00:00-05:00,45.834860717722485,46.13727261959959,45.38511781689497,45.92790985107422,1043100,0.0,0.0,BG
2016-02-04 00:00:00-05:00,46.05972381430911,46.99022089501994,45.951163060779976,46.13726425170898,1512800,0.0,0.0,BG
2016-02-05 00:00:00-05:00,46.02871364745515,46.34663422322989,45.8038422026934,46.08299255371094,1168900,0.0,0.0,BG
2016-02-08 00:00:00-05:00,45.96668183866321,46.05197811332938,44.86559200419126,45.27656173706055,1210500,0.0,0.0,BG
2016-02-09 00:00:00-05:00,44.95863688057484,45.214525680323874,43.67920175576501,44.00487518310547,2171200,0.0,0.0,BG
2016-02-10 00:00:00-05:00,44.29953461451718,45.51693798446851,43.88856195882908,45.30757522583008,2015800,0.0,0.0,BG
2016-02-11 00:00:00-05:00,43.57839486190292,44.00487321779247,35.73118305640892,37.05714416503906,5527600,0.0,0.0,BG
2016-02-12 00:00:00-05:00,37.854402220606,40.63701058404361,37.79968827085381,40.22274398803711,3752000,0.38,0.0,BG
2016-02-16 00:00:00-05:00,40.59012637805333,41.66096076003307,40.27747256731917,40.769901275634766,1713700,0.0,0.0,BG
2016-02-17 00:00:00-05:00,41.03564297098907,41.09035692308212,39.362952477431975,39.39421844482422,1873900,0.0,0.0,BG
2016-02-18 00:00:00-05:00,39.3160495268824,39.8475589917352,38.66729716876548,39.53490829467773,2063700,0.0,0.0,BG
2016-02-19 00:00:00-05:00,39.19100423100561,39.20663721932591,38.09672188377356,38.15143585205078,1446700,0.0,0.0,BG
2016-02-22 00:00:00-05:00,38.15142812239687,40.27746341452294,38.15142812239687,40.12113952636719,2572400,0.0,0.0,BG
2016-02-23 00:00:00-05:00,40.09768531009112,40.230564182285455,38.37028084337222,38.847076416015625,1827600,0.0,0.0,BG
2016-02-24 00:00:00-05:00,38.62041448193816,38.9408832958116,38.0967227785033,38.7611083984375,2014100,0.0,0.0,BG
2016-02-25 00:00:00-05:00,38.94870374141742,40.05861917315112,38.62823192561182,39.85539627075195,2663000,0.0,0.0,BG
2016-02-26 00:00:00-05:00,40.0586118546004,40.30873368032828,39.40985631920865,39.44894027709961,1297600,0.0,0.0,BG
2016-02-29 00:00:00-05:00,39.51928333337757,39.75377214918397,38.80018091899261,38.86271286010742,1654100,0.0,0.0,BG
2016-03-01 00:00:00-05:00,39.03467071461753,39.54273231302359,38.72983494824876,39.08156967163086,1394600,0.0,0.0,BG
2016-03-02 00:00:00-05:00,39.1440980160853,40.33217500100699,38.72201638682564,40.25401306152344,2026500,0.0,0.0,BG
2016-03-03 00:00:00-05:00,40.55885614334695,42.325344919704776,40.3009193110004,42.223731994628906,2118600,0.0,0.0,BG
2016-03-04 00:00:00-05:00,42.4269465001787,43.857333226919,42.41913149903057,42.91156005859375,1869100,0.0,0.0,BG
2016-03-07 00:00:00-05:00,42.6536247622065,44.029297679913626,42.60672580534587,43.73227691650391,1314800,0.0,0.0,BG
2016-03-08 00:00:00-05:00,43.54467707538347,44.05273859051626,42.13774139414444,42.84902572631836,1896500,0.0,0.0,BG
2016-03-09 00:00:00-05:00,43.0600728071513,44.13872494551397,42.927193922186085,43.3023796081543,1816300,0.0,0.0,BG
2016-03-10 00:00:00-05:00,43.48997140331768,43.78699217554717,42.52856512178016,43.54468536376953,1747500,0.0,0.0,BG
2016-03-11 00:00:00-05:00,43.90423893842678,44.61552644988307,43.66193508714495,43.93550491333008,1452700,0.0,0.0,BG
2016-03-14 00:00:00-04:00,43.68537461309567,44.06055729417818,42.614540524483886,42.989723205566406,1215600,0.0,0.0,BG
2016-03-15 00:00:00-04:00,42.98972065840451,43.40398428515484,42.25498832419536,42.802127838134766,826300,0.0,0.0,BG
2016-03-16 00:00:00-04:00,42.76304581006328,43.1460464420123,42.317516227365694,42.84902572631836,1079400,0.0,0.0,BG
2016-03-17 00:00:00-04:00,42.7083391620538,43.912052232055686,42.7083391620538,43.45088958740234,1057000,0.0,0.0,BG
2016-03-18 00:00:00-04:00,43.81824450752274,44.47481481024823,43.21638814821719,43.63846969604492,1656500,0.0,0.0,BG
2016-03-21 00:00:00-04:00,43.41180093906857,43.88077850285914,43.17731215717329,43.25547409057617,1385600,0.0,0.0,BG
2016-03-22 00:00:00-04:00,43.00536370304201,43.622853278020656,42.55201602064631,43.06007766723633,1064400,0.0,0.0,BG
2016-03-23 00:00:00-04:00,42.98973337278375,43.06789533169559,42.33316278018646,42.395694732666016,1290900,0.0,0.0,BG
2016-03-24 00:00:00-04:00,42.2940730677897,43.80262182046418,41.817277464489166,43.654109954833984,1754400,0.0,0.0,BG
2016-03-28 00:00:00-04:00,43.654114021644936,44.3810314875625,43.450891162491125,43.90423583984375,1166200,0.0,0.0,BG
2016-03-29 00:00:00-04:00,43.77916206055858,44.53734527628233,43.70881513351528,44.49826431274414,1326300,0.0,0.0,BG
2016-03-30 00:00:00-04:00,44.55298222904712,45.490940345995966,43.61502411209827,44.16216659545898,1466900,0.0,0.0,BG
2016-03-31 00:00:00-04:00,44.02930733534121,44.8187539013175,44.01367434629276,44.29505920410156,1467200,0.0,0.0,BG
2016-04-01 00:00:00-04:00,44.021475404321976,44.52171896864819,43.12259819976362,44.47482299804688,1087400,0.0,0.0,BG
2016-04-04 00:00:00-04:00,44.31849236989547,44.31849236989547,43.56030910499119,43.74790191650391,1453300,0.0,0.0,BG
2016-04-05 00:00:00-04:00,43.38054597562799,43.9120556062968,42.89593530590786,43.53687286376953,2519400,0.0,0.0,BG
2016-04-06 00:00:00-04:00,43.51342714221721,43.99022286681358,42.770879551911655,43.47434616088867,1326500,0.0,0.0,BG
2016-04-07 00:00:00-04:00,43.46652627349536,44.59207451040712,43.318014386770514,44.10746383666992,2264300,0.0,0.0,BG
2016-04-08 00:00:00-04:00,44.45919497549741,44.68586581596898,43.763543504867705,43.96676635742188,1037200,0.0,0.0,BG
2016-04-11 00:00:00-04:00,43.85734272024248,44.71713615361436,43.82607674550851,43.88079071044922,1018900,0.0,0.0,BG
2016-04-12 00:00:00-04:00,43.91205252741082,44.146541352338296,43.56031779917602,44.091827392578125,1274400,0.0,0.0,BG
2016-04-13 00:00:00-04:00,44.20907413906635,44.57643887850736,44.06838024508904,44.18562316894531,1229900,0.0,0.0,BG
2016-04-14 00:00:00-04:00,44.052753200085085,44.29505706441207,43.78699836247434,44.19344711303711,1185700,0.0,0.0,BG
2016-04-15 00:00:00-04:00,44.48265567092373,45.27210230043404,44.216900799087846,44.95163345336914,1767000,0.0,0.0,BG
2016-04-18 00:00:00-04:00,44.787473888345794,45.264269469004816,44.69367896513501,45.25645446777344,1382000,0.0,0.0,BG
2016-04-19 00:00:00-04:00,45.13921842400216,46.5070735277598,45.13140342106605,46.264766693115234,1645900,0.0,0.0,BG
2016-04-20 00:00:00-04:00,46.29603123804264,46.87443983313428,46.0537244108835,46.522705078125,1916300,0.0,0.0,BG
2016-04-21 00:00:00-04:00,46.56178617397942,47.1949087346143,46.16315543840833,46.45235824584961,1365100,0.0,0.0,BG
2016-04-22 00:00:00-04:00,46.11625342583895,46.81972289111138,45.95992654670205,46.81190490722656,1430700,0.0,0.0,BG
2016-04-25 00:00:00-04:00,46.81190920881207,46.96823610231398,46.00682973255537,46.33511352539063,1231900,0.0,0.0,BG
2016-04-26 00:00:00-04:00,46.28821564913975,46.99168216856197,46.17096973839236,46.87443923950195,1085900,0.0,0.0,BG
2016-04-27 00:00:00-04:00,46.88225212190853,47.359047764243975,46.538335371190016,47.2574348449707,1675200,0.0,0.0,BG
2016-04-28 00:00:00-04:00,48.35953949562028,49.69613161082422,48.35953949562028,48.85978317260742,3258200,0.0,0.0,BG
2016-04-29 00:00:00-04:00,48.97701247594738,49.09425835245987,48.02342142659285,48.85195159912109,1822100,0.0,0.0,BG
2016-05-02 00:00:00-04:00,48.86759567260742,49.14898345475302,48.7112687956724,48.86759567260742,1163000,0.0,0.0,BG
2016-05-03 00:00:00-04:00,48.63310259745384,48.76597849313841,47.87491924868184,48.297000885009766,1127100,0.0,0.0,BG
2016-05-04 00:00:00-04:00,48.15631177726407,48.60184144363269,47.86710898965521,48.51586151123047,1229100,0.0,0.0,BG
2016-05-05 00:00:00-04:00,48.70345782941638,48.70345782941638,47.28088879663158,47.35905075073242,1436300,0.0,0.0,BG
2016-05-06 00:00:00-04:00,47.32778051351978,47.710781210166175,46.999496757840426,47.64043426513672,1115200,0.0,0.0,BG
2016-05-09 00:00:00-04:00,47.718600390479686,48.29700898711084,47.03858185011005,47.42939758300781,893700,0.0,0.0,BG
2016-05-10 00:00:00-04:00,47.67169978797361,47.92182159423828,47.226167152522095,47.92182159423828,865900,0.0,0.0,BG
2016-05-11 00:00:00-04:00,47.80457270385166,48.27355031585104,47.60134986710178,47.82020568847656,828900,0.0,0.0,BG
2016-05-12 00:00:00-04:00,48.15630467621437,48.48458838968319,47.58571418731372,47.968711853027344,826900,0.0,0.0,BG
2016-05-13 00:00:00-04:00,47.929640279247415,47.93745826349295,47.05421389005079,47.405948638916016,767200,0.0,0.0,BG
2016-05-16 00:00:00-04:00,47.52319002804538,48.17976054409711,47.38249613305664,47.63261795043945,835800,0.0,0.0,BG
2016-05-17 00:00:00-04:00,47.45170889781554,48.049474818944,47.17641955224107,47.30226516723633,966900,0.38,0.0,BG
2016-05-18 00:00:00-04:00,47.30227372611077,48.246117509552406,47.097775689890135,47.88431167602539,1351800,0.0,0.0,BG
2016-05-19 00:00:00-04:00,47.78205237023816,48.14385813722638,47.16855537400631,48.05733871459961,1071100,0.0,0.0,BG
2016-05-20 00:00:00-04:00,48.206789415725936,49.55176517906246,47.98655730799378,49.347267150878906,1319700,0.0,0.0,BG
2016-05-23 00:00:00-04:00,49.16636617365014,50.69224499973059,49.15063809331666,50.13380813598633,1655600,0.0,0.0,BG
2016-05-24 00:00:00-04:00,50.34617370561648,51.27428647478376,50.06302025056248,50.69224548339844,1414400,0.0,0.0,BG
2016-05-25 00:00:00-04:00,50.85741715710715,51.93496756279687,50.77875876185978,51.53383255004883,1867700,0.0,0.0,BG
2016-05-26 00:00:00-04:00,51.824858484388045,52.37543130451549,51.33720398599396,51.83272552490234,1386900,0.0,0.0,BG
2016-05-27 00:00:00-04:00,52.07655573550999,52.17880327072664,51.25855745139368,51.746212005615234,726500,0.0,0.0,BG
2016-05-31 00:00:00-04:00,51.78552968537178,52.8316240525436,51.77766864559001,52.75297164916992,2342900,0.0,0.0,BG
2016-06-01 00:00:00-04:00,52.54846449170032,53.24848100170781,52.32036834787417,53.083309173583984,1489400,0.0,0.0,BG
2016-06-02 00:00:00-04:00,52.6585774617298,53.665348480340825,52.57992506986141,53.27994155883789,1497400,0.0,0.0,BG
2016-06-03 00:00:00-04:00,53.27994034448233,53.4451121638792,53.00465397882088,53.30353546142578,1130900,0.0,0.0,BG
2016-06-06 00:00:00-04:00,53.30354830398755,53.65749314579431,52.95747650411577,53.051856994628906,954800,0.0,0.0,BG
2016-06-07 00:00:00-04:00,53.20128836608016,53.20128836608016,52.6900388254427,52.81588745117188,1033600,0.0,0.0,BG
2016-06-08 00:00:00-04:00,52.79230003295811,53.224891245204965,52.28105041776308,52.30464553833008,1351500,0.0,0.0,BG
2016-06-09 00:00:00-04:00,52.12374871693524,52.42263629843928,51.45519418065699,52.037235260009766,1620700,0.0,0.0,BG
2016-06-10 00:00:00-04:00,51.92710543188834,52.005763834571454,51.21136077366218,51.43945693969727,1098800,0.0,0.0,BG
2016-06-13 00:00:00-04:00,51.43945604613182,51.43945604613182,48.97759750467676,49.10344314575195,2517800,0.0,0.0,BG
2016-06-14 00:00:00-04:00,48.90680808015831,49.30794011473552,48.51354008530364,48.89894104003906,1008000,0.0,0.0,BG
2016-06-15 00:00:00-04:00,49.0326448977422,49.512432245216765,48.6787031659662,48.75735855102539,1380500,0.0,0.0,BG
2016-06-16 00:00:00-04:00,48.4506084832931,48.60791625766928,47.7505920377352,48.27757263183594,979700,0.0,0.0,BG
2016-06-17 00:00:00-04:00,48.23037563001608,48.56072223042781,47.99441548709113,48.42700958251953,1362000,0.0,0.0,BG
2016-06-20 00:00:00-04:00,48.49781060833672,49.07198153975354,48.49781060833672,48.5528678894043,896600,0.0,0.0,BG
2016-06-21 00:00:00-04:00,48.75736582607796,48.75736582607796,48.03375117754408,48.41915512084961,955700,0.0,0.0,BG
2016-06-22 00:00:00-04:00,48.23037683727055,49.1034320883027,48.11239526265688,48.40341567993164,1000000,0.0,0.0,BG
2016-06-23 00:00:00-04:00,48.59218855418515,48.90680412478279,48.31690218020956,48.46634292602539,639700,0.0,0.0,BG
2016-06-24 00:00:00-04:00,47.1292357365414,47.86071445745365,46.20112601578918,46.21685409545898,1779700,0.0,0.0,BG
2016-06-27 00:00:00-04:00,45.79212225281805,45.85504356625353,44.58872025415244,44.95839309692383,1465300,0.0,0.0,BG
2016-06-28 00:00:00-04:00,45.67415098688824,45.81572772460979,45.05278674915446,45.77640151977539,901700,0.0,0.0,BG
2016-06-29 00:00:00-04:00,45.760663507746806,46.56293056654087,45.760663507746806,46.45281600952149,720300,0.0,0.0,BG
2016-06-30 00:00:00-04:00,46.52360153198242,46.7202355147881,46.23258107714456,46.52360153198242,1563800,0.0,0.0,BG
2016-07-01 00:00:00-04:00,46.70450281074472,46.89326974744684,45.71346589167131,46.05954360961914,1446100,0.0,0.0,BG
2016-07-05 00:00:00-04:00,46.17751507447587,46.37414902011789,45.04490462772039,45.43030548095703,1255700,0.0,0.0,BG
2016-07-06 00:00:00-04:00,45.22581898998602,45.81572097681193,44.91907043690002,45.713470458984375,1014600,0.0,0.0,BG
2016-07-07 00:00:00-04:00,46.14606727003771,46.50000908231416,45.50110796784367,45.58762741088867,829800,0.0,0.0,BG
2016-07-08 00:00:00-04:00,46.004482324889246,47.31013169141515,45.855038595935184,47.1921501159668,1440300,0.0,0.0,BG
2016-07-11 00:00:00-04:00,47.25507948571909,47.31800079907558,46.688772663528646,46.8067512512207,830600,0.0,0.0,BG
2016-07-12 00:00:00-04:00,47.17642959684744,47.727005404826535,47.168565556909165,47.5539665222168,965100,0.0,0.0,BG
2016-07-13 00:00:00-04:00,47.57756626791498,47.64048759076067,46.79103022976421,47.35733413696289,806400,0.0,0.0,BG
2016-07-14 00:00:00-04:00,47.5932846069336,47.72699726625729,47.28653609490359,47.5932846069336,740700,0.0,0.0,BG
2016-07-15 00:00:00-04:00,47.72700315950925,48.08094494801582,47.38092841096763,48.01802062988281,1040700,0.0,0.0,BG
2016-07-18 00:00:00-04:00,48.018024283848405,48.513542825464434,47.7348708314964,48.0966796875,971300,0.0,0.0,BG
2016-07-19 00:00:00-04:00,48.0809501576522,48.14387148220618,47.67195104666196,47.766334533691406,834200,0.0,0.0,BG
2016-07-20 00:00:00-04:00,47.90790802651819,48.3719643902782,47.805657505582126,48.30904006958008,786500,0.0,0.0,BG
2016-07-21 00:00:00-04:00,48.356226765839054,48.83601414484181,48.13599767399373,48.51353454589844,658400,0.0,0.0,BG
2016-07-22 00:00:00-04:00,48.56860832608572,49.06412695154813,48.35624320088753,48.922550201416016,694200,0.0,0.0,BG
2016-07-25 00:00:00-04:00,48.922541428339066,48.922541428339066,48.23038888519148,48.28544616699219,921300,0.0,0.0,BG
2016-07-26 00:00:00-04:00,48.23824827952349,48.51353464489189,47.90003760184441,48.1359977722168,743000,0.0,0.0,BG
2016-07-27 00:00:00-04:00,48.16746634448416,48.42702166634874,47.884312902161504,48.15959930419922,1021900,0.0,0.0,BG
2016-07-28 00:00:00-04:00,49.55176897468991,51.541704133705245,48.76523295921864,51.40012741088867,2017100,0.0,0.0,BG
2016-07-29 00:00:00-04:00,51.28215128146795,51.86419231560605,51.15630862597471,51.7855339050293,1043400,0.0,0.0,BG
2016-08-01 00:00:00-04:00,51.49450895858429,51.49450895858429,49.331535123304654,49.57535934448242,1813400,0.0,0.0,BG
2016-08-02 00:00:00-04:00,50.02369480949807,50.02369480949807,48.44275856710345,49.81133270263672,1698600,0.0,0.0,BG
2016-08-03 00:00:00-04:00,49.7405319951107,50.700103759765625,49.34726404227281,50.700103759765625,1284400,0.0,0.0,BG
2016-08-04 00:00:00-04:00,50.79449546730561,51.27428289931303,50.322572074991584,51.242820739746094,1238800,0.0,0.0,BG
2016-08-05 00:00:00-04:00,51.26641838386375,52.23386033561084,51.1248416592372,52.0765495300293,1038000,0.0,0.0,BG
2016-08-08 00:00:00-04:00,52.04509120195802,52.760841918282296,51.72261452815483,51.77767181396485,1126300,0.0,0.0,BG
2016-08-09 00:00:00-04:00,51.95071134733645,52.281055066233634,51.769805405581806,51.95857238769531,693100,0.0,0.0,BG
2016-08-10 00:00:00-04:00,52.2338665598368,52.43050058964953,51.66755959384901,51.746212005615234,1072500,0.0,0.0,BG
2016-08-11 00:00:00-04:00,51.81699365490809,52.147343361874285,51.01472951123347,51.23495864868164,839800,0.0,0.0,BG
2016-08-12 00:00:00-04:00,51.31360081278935,51.76979307833134,50.967529094785725,51.72260284423828,752200,0.0,0.0,BG
2016-08-15 00:00:00-04:00,51.67541342194857,51.90350958479048,51.52597566068862,51.872047424316406,624700,0.0,0.0,BG
2016-08-16 00:00:00-04:00,51.66753928772672,51.66753928772672,50.73155975341797,50.73155975341797,706600,0.0,0.0,BG
2016-08-17 00:00:00-04:00,50.76323931390561,51.52326210209573,50.48614559608526,51.42825698852539,908100,0.42,0.0,BG
2016-08-18 00:00:00-04:00,51.38076102963264,51.39659219626797,50.470314924922825,50.62073516845703,1024800,0.0,0.0,BG
2016-08-19 00:00:00-04:00,50.4228060928047,50.64448165893555,50.11404704076244,50.64448165893555,752100,0.0,0.0,BG
2016-08-22 00:00:00-04:00,50.92950307574981,50.92950307574981,50.39906833122271,50.66032791137695,606800,0.0,0.0,BG
2016-08-23 00:00:00-04:00,50.79491611266679,51.12742500514446,50.64449283458752,50.75532913208008,673500,0.0,0.0,BG
2016-08-24 00:00:00-04:00,50.79491191575607,50.89782960060271,50.11405395870901,50.296142578125,960100,0.0,0.0,BG
2016-08-25 00:00:00-04:00,50.23280479686965,50.57323223789035,49.7894566592454,49.82112503051758,870100,0.0,0.0,BG
2016-08-26 00:00:00-04:00,49.97155247318736,49.97155247318736,49.092774674009775,49.45695495605469,991500,0.0,0.0,BG
2016-08-29 00:00:00-04:00,49.50444372329375,49.99529438178792,49.48860953882021,49.71820068359375,529900,0.0,0.0,BG
2016-08-30 00:00:00-04:00,49.718201170163525,50.0902969587786,49.34610840161036,49.49652862548828,706000,0.0,0.0,BG
2016-08-31 00:00:00-04:00,50.41488873126067,50.62072708533721,49.75778367851519,50.58906173706055,1681900,0.0,0.0,BG
2016-09-01 00:00:00-04:00,50.61282061044066,50.65240456795551,49.29069468499562,49.84487915039063,1317200,0.0,0.0,BG
2016-09-02 00:00:00-04:00,49.80527730148975,50.54155012301408,49.80527730148975,50.31987762451172,627200,0.0,0.0,BG
2016-09-06 00:00:00-04:00,50.3357142610351,50.82655880591122,50.01111805802217,50.73155975341797,725200,0.0,0.0,BG
2016-09-07 00:00:00-04:00,50.69990841330593,50.84241308001912,50.31989697542492,50.78699493408203,944100,0.0,0.0,BG
2016-09-08 00:00:00-04:00,50.771146832716965,50.96115704098096,50.16946294018999,50.470306396484375,1035500,0.0,0.0,BG
2016-09-09 00:00:00-04:00,50.36739438019514,50.36739438019514,49.02151870727539,49.02151870727539,1260900,0.0,0.0,BG
2016-09-12 00:00:00-04:00,48.73650412343415,49.60736310611496,48.22981929380809,49.44110870361328,1085600,0.0,0.0,BG
2016-09-13 00:00:00-04:00,49.19568960615661,49.54403565935884,48.05565539037469,48.25357818603516,1544400,0.0,0.0,BG
2016-09-14 00:00:00-04:00,48.41983741099243,48.79193327015186,47.731066859411406,47.818153381347656,919700,0.0,0.0,BG
2016-09-15 00:00:00-04:00,47.63605342692921,48.02398340607248,47.3114601872632,47.81022644042969,1195800,0.0,0.0,BG
2016-09-16 00:00:00-04:00,47.548983235569686,48.09524917602539,47.509396252296376,48.09524917602539,1655200,0.0,0.0,BG
2016-09-19 00:00:00-04:00,48.19815758136626,48.57816896720388,47.24812760674119,47.26396179199219,963500,0.0,0.0,BG
2016-09-20 00:00:00-04:00,47.16895964857783,47.43813173736195,46.64644059605701,46.93144989013672,1256900,0.0,0.0,BG
2016-09-21 00:00:00-04:00,46.92353217127827,47.810225363554224,46.92353217127827,47.762725830078125,1303500,0.0,0.0,BG
2016-09-22 00:00:00-04:00,48.016066914306,48.69691873042022,47.99231412742089,48.586082458496094,1129000,0.0,0.0,BG
2016-09-23 00:00:00-04:00,48.19024990202756,48.41984111011544,47.28772227857888,47.588565826416016,1033300,0.0,0.0,BG
2016-09-26 00:00:00-04:00,47.46979798335818,47.46979798335818,47.01853429461526,47.08187103271485,637400,0.0,0.0,BG
2016-09-27 00:00:00-04:00,46.90770145296162,47.19271075512626,46.55143982525581,46.955204010009766,735400,0.0,0.0,BG
2016-09-28 00:00:00-04:00,47.05812959694418,47.19271868783954,46.4485269359699,47.08979797363281,998200,0.0,0.0,BG
2016-09-29 00:00:00-04:00,46.955204133189405,47.06604041319706,46.32184878446776,46.51977157592773,826500,0.0,0.0,BG
2016-09-30 00:00:00-04:00,46.10809225735086,47.09770615949122,46.06850528521568,46.89186477661133,1291500,0.0,0.0,BG
2016-10-03 00:00:00-04:00,46.678119548563664,47.05813102013209,46.42477856751805,47.01854705810547,629200,0.0,0.0,BG
2016-10-04 00:00:00-04:00,46.96312615868106,48.071495150934,46.70978519246253,47.398555755615234,1020200,0.0,0.0,BG
2016-10-05 00:00:00-04:00,47.34312393609097,48.36440611001503,47.16103535795951,48.24565124511719,2170200,0.0,0.0,BG
2016-10-06 00:00:00-04:00,48.07939862207046,49.21943268284176,48.07939862207046,48.98192596435547,1283800,0.0,0.0,BG
2016-10-07 00:00:00-04:00,49.10859912351592,49.10859912351592,47.9606494175212,48.26148986816406,902400,0.0,0.0,BG
2016-10-10 00:00:00-04:00,48.63359195883378,48.92651686505378,48.364416822829305,48.910682678222656,488300,0.0,0.0,BG
2016-10-11 00:00:00-04:00,48.70484692923379,48.997771851329645,47.58064376379327,47.71523284912109,668200,0.0,0.0,BG
2016-10-12 00:00:00-04:00,47.63605516440821,47.84981213784758,47.19271005214471,47.62022399902344,729100,0.0,0.0,BG
2016-10-13 00:00:00-04:00,47.22438203452028,48.079406973603646,46.93145411144503,47.63605880737305,589900,0.0,0.0,BG
2016-10-14 00:00:00-04:00,47.85772708763848,48.19023589645583,46.83644485473633,46.83644485473633,731200,0.0,0.0,BG
2016-10-17 00:00:00-04:00,46.93145222768653,47.00270455475537,46.30601849015133,46.42477035522461,665000,0.0,0.0,BG
2016-10-18 00:00:00-04:00,46.95520081905544,47.13728941193922,46.73352525462404,46.97103500366211,818300,0.0,0.0,BG
2016-10-19 00:00:00-04:00,47.20062324671688,47.56480345344455,46.83644606005114,47.54896926879883,721100,0.0,0.0,BG
2016-10-20 00:00:00-04:00,47.50147646691105,48.00024281543113,47.12146501758327,47.398555755615234,1058800,0.0,0.0,BG
2016-10-21 00:00:00-04:00,47.1372981599968,48.25358271140804,46.741452531552206,48.17441177368164,907500,0.0,0.0,BG
2016-10-24 00:00:00-04:00,48.174411515881935,48.72068041305216,48.174411515881935,48.61775970458984,873300,0.0,0.0,BG
2016-10-25 00:00:00-04:00,48.53859302629861,49.40945221842012,48.39608835557871,48.64942932128906,964000,0.0,0.0,BG
2016-10-26 00:00:00-04:00,48.41191936585944,49.00568778153198,48.340667035176246,48.665260314941406,799000,0.0,0.0,BG
2016-10-27 00:00:00-04:00,48.93443061104928,49.16401874715483,48.49108248397348,48.52275085449219,687600,0.0,0.0,BG
2016-10-28 00:00:00-04:00,48.5860883344872,49.23527488003695,48.142743193172606,48.86318206787109,893500,0.0,0.0,BG
2016-10-31 00:00:00-04:00,48.98984813530287,49.22735487109179,48.63358652158849,49.09276580810547,1056700,0.0,0.0,BG
2016-11-01 00:00:00-04:00,49.08485451849598,50.36739341997473,49.06902033205028,49.544036865234375,1805600,0.0,0.0,BG
2016-11-02 00:00:00-04:00,50.66824317911482,54.9829583462862,49.59154252834861,54.47627639770508,4305100,0.0,0.0,BG
2016-11-03 00:00:00-04:00,54.04875344231152,55.64005438301068,53.69249483236175,54.88003158569336,1930400,0.0,0.0,BG
2016-11-04 00:00:00-04:00,54.89586585885832,55.48963426913505,54.71378026217658,54.87211608886719,1741500,0.0,0.0,BG
2016-11-07 00:00:00-05:00,55.33920796196041,55.67963536957669,54.428762007626304,54.69002151489258,1443200,0.0,0.0,BG
2016-11-08 00:00:00-05:00,54.72168909721628,55.8379703684051,54.3891742563236,55.45796203613281,1056000,0.0,0.0,BG
2016-11-09 00:00:00-05:00,54.91168989378234,55.40254050298093,53.53414920360973,54.21500396728516,1766500,0.0,0.0,BG
2016-11-10 00:00:00-05:00,53.96958362616015,54.80878034280842,53.10664318182852,53.32831573486328,1340000,0.0,0.0,BG
2016-11-11 00:00:00-05:00,52.99580676866533,53.18581095075893,50.636564517184034,50.90574264526367,1838500,0.0,0.0,BG
2016-11-14 00:00:00-05:00,51.15116689351963,52.877053882910936,50.929494332700905,52.702880859375,1468200,0.0,0.0,BG
2016-11-15 00:00:00-05:00,52.7187014986846,53.89040685207319,52.4020299265305,53.88248825073242,1039700,0.0,0.0,BG
2016-11-16 00:00:00-05:00,53.43640659845499,54.201148697616304,52.88674574564563,53.75505065917969,1639100,0.42,0.0,BG
2016-11-17 00:00:00-05:00,53.818774326530885,53.88250435386707,52.9982699768748,53.71521759033203,1112400,0.0,0.0,BG
2016-11-18 00:00:00-05:00,53.5399761655693,53.78692248493517,53.293029846203424,53.6515007019043,964500,0.0,0.0,BG
2016-11-21 00:00:00-05:00,53.77895071970108,54.52775731238852,53.77895071970108,53.97013473510742,755000,0.0,0.0,BG
2016-11-22 00:00:00-05:00,54.15335507025652,54.360468547010505,53.50809916575816,53.85860824584961,1052900,0.0,0.0,BG
2016-11-23 00:00:00-05:00,53.65149975215971,54.11353343887226,52.98235254599503,53.4603157043457,1080600,0.0,0.0,BG
2016-11-25 00:00:00-05:00,53.61961249888331,54.57554449685665,53.57978579748575,54.21706771850586,717700,0.0,0.0,BG
2016-11-28 00:00:00-05:00,53.85063760134517,54.64724468443498,52.6716625218449,52.95047378540039,1462800,0.0,0.0,BG
2016-11-29 00:00:00-05:00,52.94251975045276,53.92234939105825,52.91862250417992,53.4603157043457,800700,0.0,0.0,BG
2016-11-30 00:00:00-05:00,53.89046612031038,54.51978639544672,53.64351381131432,54.39232635498047,996300,0.0,0.0,BG
2016-12-01 00:00:00-05:00,54.16929386683873,55.79437341215962,54.09760213045437,55.762508392333984,1623700,0.0,0.0,BG
2016-12-02 00:00:00-05:00,55.523520485884106,55.81826734354805,54.9897951101633,55.06149291992188,1150000,0.0,0.0,BG
2016-12-05 00:00:00-05:00,55.42793964372494,56.073189638088415,55.32437680083486,56.04132461547852,1056300,0.0,0.0,BG
2016-12-06 00:00:00-05:00,56.28028764908436,57.06892690374197,56.18469261793856,56.965370178222656,1359800,0.0,0.0,BG
2016-12-07 00:00:00-05:00,57.31586213977545,58.18416679259796,56.94942370713696,58.15230178833008,1296700,0.0,0.0,BG
2016-12-08 00:00:00-05:00,58.21604469671652,58.47892648195635,57.62655110357941,58.4709587097168,765700,0.0,0.0,BG
2016-12-09 00:00:00-05:00,58.41518586461027,58.70992653009261,58.216034138147776,58.439083099365234,791500,0.0,0.0,BG
2016-12-12 00:00:00-05:00,58.255881945482926,58.90909960186372,58.08063346790368,58.63825607299805,767700,0.0,0.0,BG
2016-12-13 00:00:00-05:00,58.88518668178671,58.94891669901119,57.35570273417305,57.451297760009766,1121000,0.0,0.0,BG
2016-12-14 00:00:00-05:00,58.15231508004745,58.15231508004745,56.27232194193419,56.606895446777344,1300200,0.0,0.0,BG
2016-12-15 00:00:00-05:00,56.62284735567388,57.16454055333721,56.136916424933325,56.750301361083984,709400,0.0,0.0,BG
2016-12-16 00:00:00-05:00,56.86978288948284,58.12045584850452,56.86978288948284,58.01689910888672,1267500,0.0,0.0,BG
2016-12-19 00:00:00-05:00,58.03284197311692,58.3594538911672,56.654714714732606,56.989288330078125,1056400,0.0,0.0,BG
2016-12-20 00:00:00-05:00,56.829948290887735,57.307917418829774,56.36792078624298,57.299949645996094,677500,0.0,0.0,BG
2016-12-21 00:00:00-05:00,57.515045469646736,57.6186083098446,57.12470958867797,57.4194564819336,601000,0.0,0.0,BG
2016-12-22 00:00:00-05:00,57.50706291006761,57.67434965550896,56.59893139045501,56.925537109375,655300,0.0,0.0,BG
2016-12-23 00:00:00-05:00,56.71046165724874,57.01317016870801,56.511309881323726,56.90164566040039,329700,0.0,0.0,BG
2016-12-27 00:00:00-05:00,56.96538467932826,57.46724504593133,56.79809789046057,57.35572052001953,352800,0.0,0.0,BG
2016-12-28 00:00:00-05:00,57.42738940980891,57.49908719230687,56.53519355741427,56.56705856323242,497000,0.0,0.0,BG
2016-12-29 00:00:00-05:00,56.351989175950834,56.8379200330319,56.28029744833085,56.42368698120117,422700,0.0,0.0,BG
2016-12-30 00:00:00-05:00,56.28826696170156,57.57876671979598,56.12097410348954,57.54690170288086,508400,0.0,0.0,BG
2017-01-03 00:00:00-05:00,58.04077835634034,58.36738402011246,57.586712673203714,58.34348678588867,650500,0.0,0.0,BG
2017-01-04 00:00:00-05:00,58.39927301455938,58.47097082431143,57.268092227353215,57.57080078125,1001900,0.0,0.0,BG
2017-01-05 00:00:00-05:00,57.63452229980295,57.73808511218117,56.47944443925534,56.638763427734375,874000,0.0,0.0,BG
2017-01-06 00:00:00-05:00,56.49537602453876,56.55113828035941,55.66690388261039,55.8740234375,912000,0.0,0.0,BG
2017-01-09 00:00:00-05:00,55.74656945746567,56.50334379755029,55.71470444304957,55.8740234375,709300,0.0,0.0,BG
2017-01-10 00:00:00-05:00,56.04927741144309,56.39181871591626,55.38012427072877,56.08114242553711,776600,0.0,0.0,BG
2017-01-11 00:00:00-05:00,56.14488571370003,56.32013421616129,55.37217565290846,56.24047470092773,761500,0.0,0.0,BG
2017-01-12 00:00:00-05:00,56.19265510030237,56.24044957256153,54.910117421899145,55.02960968017578,450400,0.0,0.0,BG
2017-01-13 00:00:00-05:00,55.11725776542801,55.11725776542801,54.52776402246858,54.83047866821289,663200,0.0,0.0,BG
2017-01-17 00:00:00-05:00,54.854366725676265,55.02165349142729,54.00996512399109,54.55961990356445,1089100,0.0,0.0,BG
2017-01-18 00:00:00-05:00,54.8065673142356,55.44384930583448,54.52774998542979,54.973854064941406,1348100,0.0,0.0,BG
2017-01-19 00:00:00-05:00,54.957924177237146,55.0933520082874,54.10555479154829,54.16928482055664,635900,0.0,0.0,BG
2017-01-20 00:00:00-05:00,54.29675720708557,54.75082313101667,53.82675573346904,54.13743209838867,604000,0.0,0.0,BG
2017-01-23 00:00:00-05:00,54.169278368583285,54.64724137395668,53.83470487258485,54.58351135253906,651500,0.0,0.0,BG
2017-01-24 00:00:00-05:00,54.71096491400948,55.2765551124218,54.37639145764647,54.72689437866211,1151000,0.0,0.0,BG
2017-01-25 00:00:00-05:00,54.718941074132246,55.68283489055031,54.59944879921787,55.435882568359375,829100,0.0,0.0,BG
2017-01-26 00:00:00-05:00,54.910122133523465,55.34029065365322,54.23300738202689,54.39232635498047,643100,0.0,0.0,BG
2017-01-27 00:00:00-05:00,54.41623571934131,54.90216659605317,54.07369438129246,54.69505310058594,850700,0.0,0.0,BG
2017-01-30 00:00:00-05:00,54.32859770720219,54.75080454369057,53.53199066705184,54.01792144775391,701600,0.0,0.0,BG
2017-01-31 00:00:00-05:00,54.209117600958464,55.15707595240496,53.90640300202372,55.1331787109375,990000,0.0,0.0,BG
2017-02-01 00:00:00-05:00,55.06148201275823,55.19690375392775,54.04978764606939,54.71894073486328,690100,0.0,0.0,BG
2017-02-02 00:00:00-05:00,54.80658307957645,55.27657845566564,54.42420891252205,55.037593841552734,730900,0.0,0.0,BG
2017-02-03 00:00:00-05:00,55.308442970543226,56.04928797436455,55.07742613304721,55.4677619934082,757300,0.0,0.0,BG
2017-02-06 00:00:00-05:00,55.62707575354157,55.70673524873435,55.0694471319323,55.2845344543457,535000,0.0,0.0,BG
2017-02-07 00:00:00-05:00,54.9818221188791,55.6031807931781,54.32860450730031,55.01368713378906,752500,0.0,0.0,BG
2017-02-08 00:00:00-05:00,55.25268301696866,55.36420755316741,54.328615628314594,54.56760025024414,683700,0.0,0.0,BG
2017-02-09 00:00:00-05:00,54.56758217176163,54.95791791913727,54.440122128258906,54.62334442138672,627900,0.0,0.0,BG
2017-02-10 00:00:00-05:00,54.83046324120921,54.87825771808736,54.26487298017705,54.60741424560547,792100,0.0,0.0,BG
2017-02-13 00:00:00-05:00,54.47996619341704,54.71895078566082,54.13742485260397,54.53572845458984,783400,0.0,0.0,BG
2017-02-14 00:00:00-05:00,54.53571815329239,54.86433996080624,54.11892206187779,54.73609924316406,1289400,0.42,0.0,BG
2017-02-15 00:00:00-05:00,57.42120436622686,60.33875253242834,57.32501924206854,60.226539611816406,4776800,0.0,0.0,BG
2017-02-16 00:00:00-05:00,60.45098030391269,61.34067304672321,60.40289078759224,60.41090774536133,2161700,0.0,0.0,BG
2017-02-17 00:00:00-05:00,60.266629538805546,62.37463678728693,60.05021449779024,62.34257507324219,1964300,0.0,0.0,BG
2017-02-21 00:00:00-05:00,62.06203683039159,63.087987121886925,61.79753230098061,62.871578216552734,1426200,0.0,0.0,BG
2017-02-22 00:00:00-05:00,63.16012818124242,63.809361019389286,62.83951718290768,63.67310333251953,1548400,0.0,0.0,BG
2017-02-23 00:00:00-05:00,63.729209154946105,64.63492955958402,63.44065987087372,64.16203308105469,1813100,0.0,0.0,BG
2017-02-24 00:00:00-05:00,63.7933233893124,64.97156522333488,63.560886697087135,64.96355438232422,1700200,0.0,0.0,BG
2017-02-27 00:00:00-05:00,64.96356249956187,65.276156562119,64.57882805287416,65.24409484863281,1343200,0.0,0.0,BG
2017-02-28 00:00:00-05:00,64.91546296450063,66.24599647593318,64.80325003162635,65.60477447509766,2046900,0.0,0.0,BG
2017-03-01 00:00:00-05:00,65.92540261161976,66.25403065413403,65.33227608151951,65.7811279296875,1582600,0.0,0.0,BG
2017-03-02 00:00:00-05:00,65.31622386502542,65.31622386502542,64.43454821807067,64.8753890991211,1388300,0.0,0.0,BG
2017-03-03 00:00:00-05:00,64.76317114986198,65.67690843691686,64.40248151645888,65.44446563720703,1551400,0.0,0.0,BG
2017-03-06 00:00:00-05:00,65.13188789991285,65.25211780775832,64.46662104296217,65.17997741699219,1370100,0.0,0.0,BG
2017-03-07 00:00:00-05:00,65.11582671239915,65.51658882727261,64.65895814604919,65.26010131835938,1291900,0.0,0.0,BG
2017-03-08 00:00:00-05:00,65.2040071022405,65.67690966640527,64.17003991802845,64.46660614013672,1541400,0.0,0.0,BG
2017-03-09 00:00:00-05:00,64.53875323793802,65.05173456921729,64.290282587509,64.83531951904297,911900,0.0,0.0,BG
2017-03-10 00:00:00-05:00,64.77116902914672,65.45246949530126,64.76315819000317,65.01964569091797,1207900,0.0,0.0,BG
2017-03-13 00:00:00-04:00,65.18799227331405,65.3242499774108,64.41051249147841,64.83531951904297,1502300,0.0,0.0,BG
2017-03-14 00:00:00-04:00,64.84332143050194,65.2921731116799,64.41851450150915,64.94751739501953,1011600,0.0,0.0,BG
2017-03-15 00:00:00-04:00,65.37232971191406,65.93340047477476,64.82729286192865,65.37232971191406,1325400,0.0,0.0,BG
2017-03-16 00:00:00-04:00,65.35629900332962,65.64484827077312,65.1559179073353,65.45248413085938,942500,0.0,0.0,BG
2017-03-17 00:00:00-04:00,65.86126050922842,65.88530526354577,65.17194901478243,65.59675598144531,1823700,0.0,0.0,BG
2017-03-20 00:00:00-04:00,64.52269121626132,64.53070816964643,62.88758128888913,63.76925659179688,1939700,0.0,0.0,BG
2017-03-21 00:00:00-04:00,63.76927030819172,64.06583649579355,62.81546056509018,62.991790771484375,1896400,0.0,0.0,BG
2017-03-22 00:00:00-04:00,63.16013448353516,64.84333474881419,62.99982591079868,64.715087890625,1995800,0.0,0.0,BG
2017-03-23 00:00:00-04:00,64.69103914653584,64.87539246503425,64.10592970876212,64.18608093261719,1073100,0.0,0.0,BG
2017-03-24 00:00:00-04:00,64.12193632267554,64.8433093293345,63.80132541803328,64.25819396972656,1388200,0.0,0.0,BG
2017-03-27 00:00:00-04:00,64.19408549567288,64.65096026876795,63.62500391227263,64.08988952636719,1499600,0.0,0.0,BG
2017-03-28 00:00:00-04:00,63.841418206307786,64.81126197405673,63.68110966092837,64.52271270751953,1358300,0.0,0.0,BG
2017-03-29 00:00:00-04:00,64.72311496998266,65.50059485268967,64.52273380908488,65.34028625488281,1943200,0.0,0.0,BG
2017-03-30 00:00:00-04:00,65.25210375918323,65.32423801927193,63.68111056782088,63.78531265258789,1249400,0.0,0.0,BG
2017-03-31 00:00:00-04:00,63.641032954706176,64.04179511926334,63.44866882795943,63.5288200378418,1255700,0.0,0.0,BG
2017-04-03 00:00:00-04:00,63.67310305756524,63.87348416626589,62.91165117541509,63.096004486083984,1434200,0.0,0.0,BG
2017-04-04 00:00:00-04:00,62.863562517137765,63.21623523007169,62.40669382772164,62.71928787231445,1873200,0.0,0.0,BG
2017-04-05 00:00:00-04:00,62.8154608304879,63.128054814484464,61.78950460221107,61.97385787963867,1726900,0.0,0.0,BG
2017-04-06 00:00:00-04:00,60.33877474986417,61.80556632885413,60.12236578475558,61.75747680664063,2304100,0.0,0.0,BG
2017-04-07 00:00:00-04:00,61.85364756424282,62.10212433106786,60.65136074879877,60.9078483581543,1732700,0.0,0.0,BG
2017-04-10 00:00:00-04:00,60.87578522199977,61.46090081585967,60.587235903815,61.42082214355469,1400100,0.0,0.0,BG
2017-04-11 00:00:00-04:00,61.5490593881273,62.01394500759848,61.228448405211104,61.59714889526367,1384800,0.0,0.0,BG
2017-04-12 00:00:00-04:00,61.82158286871509,62.50288359007711,61.41280977407388,61.86967849731445,1130700,0.0,0.0,BG
2017-04-13 00:00:00-04:00,61.66126566655738,61.90973624683304,61.196380097210174,61.32462692260742,691100,0.0,0.0,BG
2017-04-17 00:00:00-04:00,61.23647016526219,61.77349008756549,61.22845320839527,61.74142837524414,669400,0.0,0.0,BG
2017-04-18 00:00:00-04:00,61.80554613796703,63.01584967785174,61.508979912522335,62.390655517578125,1106500,0.0,0.0,BG
2017-04-19 00:00:00-04:00,62.382625683556014,62.63911316539373,61.57308458472853,61.72537612915039,830100,0.0,0.0,BG
2017-04-20 00:00:00-04:00,62.01394694223544,62.65516281292583,61.70936374714739,62.238372802734375,1074400,0.0,0.0,BG
2017-04-21 00:00:00-04:00,62.00593504720768,62.39868033514009,61.98189029092664,62.08608627319336,830700,0.0,0.0,BG
2017-04-24 00:00:00-04:00,62.54293119812606,63.11201263584983,62.33453319771571,62.823463439941406,972300,0.0,0.0,BG
2017-04-25 00:00:00-04:00,63.07194199446321,63.30438474900628,62.27842862425409,62.99980163574219,944600,0.0,0.0,BG
2017-04-26 00:00:00-04:00,63.11203789576617,63.280357308223415,62.5349392729718,62.80746078491211,746800,0.0,0.0,BG
2017-04-27 00:00:00-04:00,62.70326726386324,63.0719678173225,62.37463926819375,62.911659240722656,754400,0.0,0.0,BG
2017-04-28 00:00:00-04:00,62.98378365869895,63.48072483228587,62.502870281134506,63.34446716308594,1179200,0.0,0.0,BG
2017-05-01 00:00:00-04:00,63.27231195112725,63.47269296833742,62.27841770286163,62.50284957885742,971600,0.0,0.0,BG
2017-05-02 00:00:00-04:00,62.2784484890093,62.35860582763228,60.18646914599415,60.55517578125,2120600,0.0,0.0,BG
2017-05-03 00:00:00-04:00,54.832282429667615,56.10670318093626,53.301368021889445,53.73419189453125,5688000,0.0,0.0,BG
2017-05-04 00:00:00-04:00,54.12694196127121,56.08266346162233,54.12694196127121,55.93838882446289,3930300,0.0,0.0,BG
2017-05-05 00:00:00-04:00,55.91436052926712,56.39527408964089,55.313217050012966,55.73000717163086,2208300,0.0,0.0,BG
2017-05-08 00:00:00-04:00,55.5135836981523,56.40327630408882,55.3292303887072,56.11472702026367,1537900,0.0,0.0,BG
2017-05-09 00:00:00-04:00,56.162804903977296,56.41127546883868,55.32120198116737,55.64982986450195,1670700,0.0,0.0,BG
2017-05-10 00:00:00-04:00,55.721975646912384,56.50747227846886,55.35327514316828,56.11472702026367,1507300,0.0,0.0,BG
2017-05-11 00:00:00-04:00,55.96241664094604,56.56355976131504,55.74600780827657,56.22692108154297,1011000,0.0,0.0,BG
2017-05-12 00:00:00-04:00,56.226934480283056,56.57159019603099,55.665863765150455,56.05059814453125,878300,0.0,0.0,BG
2017-05-15 00:00:00-04:00,56.18686448221688,56.3872456009945,55.93839385177948,56.19488143920898,836700,0.0,0.0,BG
2017-05-16 00:00:00-04:00,56.106710063727945,56.45136581301097,55.6979308924513,56.11472702026367,750400,0.0,0.0,BG
2017-05-17 00:00:00-04:00,55.34061353806504,56.64692199671407,54.42136148821853,55.80023956298828,1035700,0.42,0.0,BG
2017-05-18 00:00:00-04:00,54.356858176874105,56.13891722270717,54.356858176874105,55.85668563842773,1318000,0.0,0.0,BG
2017-05-19 00:00:00-04:00,56.15504260657871,56.64692386109553,55.92926225736832,56.18729782104492,1316100,0.0,0.0,BG
2017-05-22 00:00:00-04:00,56.42922327066482,56.9291638424886,56.02604221490774,56.50179290771485,1418300,0.0,0.0,BG
2017-05-23 00:00:00-04:00,56.63079548226784,66.44421772891613,56.16310413236339,65.8797607421875,9038800,0.0,0.0,BG
2017-05-24 00:00:00-04:00,62.5333693872762,66.8957841775331,62.34790343868246,66.55711364746094,6776700,0.0,0.0,BG
2017-05-25 00:00:00-04:00,66.05715779247907,67.46023176697643,65.67010757003676,67.10543060302734,2995500,0.0,0.0,BG
2017-05-26 00:00:00-04:00,67.53282742749289,67.53282742749289,65.5975571125926,66.25877380371094,1946900,0.0,0.0,BG
2017-05-30 00:00:00-04:00,66.08943333462051,66.6296944353459,65.2105016470572,65.29920196533203,1497700,0.0,0.0,BG
2017-05-31 00:00:00-04:00,65.48463566773182,65.48463566773182,64.02512289811948,64.48474884033203,1892200,0.0,0.0,BG
2017-06-01 00:00:00-04:00,64.83148947591118,65.28305011194949,63.88804765330875,63.97674179077149,1642800,0.0,0.0,BG
2017-06-02 00:00:00-04:00,63.92838461494738,65.36370813070333,63.92838461494738,64.7508773803711,1234400,0.0,0.0,BG
2017-06-05 00:00:00-04:00,64.66216011772194,65.10565545357574,64.06544790634706,64.58958435058594,1225200,0.0,0.0,BG
2017-06-06 00:00:00-04:00,64.40411939209575,64.40411939209575,63.60581677799827,63.93642807006836,1124300,0.0,0.0,BG
2017-06-07 00:00:00-04:00,64.5089579952732,65.60561077335714,63.944507073636025,65.5814208984375,1594000,0.0,0.0,BG
2017-06-08 00:00:00-04:00,65.468532632304,65.90396884977659,64.55733963660896,65.11373138427734,1006000,0.0,0.0,BG
2017-06-09 00:00:00-04:00,65.46048577030444,65.68626620931606,63.307500102800816,63.75099563598633,1779100,0.0,0.0,BG
2017-06-12 00:00:00-04:00,63.00910837558556,63.904170434721856,62.49303733363967,62.87202835083008,1768000,0.0,0.0,BG
2017-06-13 00:00:00-04:00,63.18650107784704,63.226821622247,62.11403857814188,62.646240234375,1563300,0.0,0.0,BG
2017-06-14 00:00:00-04:00,62.49304226721945,63.08168911418801,62.27532727848195,62.79945755004883,1301600,0.0,0.0,BG
2017-06-15 00:00:00-04:00,62.17051519794323,62.75916222381864,61.501233194400434,62.36404037475586,1367500,0.0,0.0,BG
2017-06-16 00:00:00-04:00,61.815704491358446,62.57368047292557,61.64636308325163,62.04148483276367,1713500,0.0,0.0,BG
2017-06-19 00:00:00-04:00,62.33985204857162,63.30749026083238,61.92861180661403,62.7349739074707,1368500,0.0,0.0,BG
2017-06-20 00:00:00-04:00,62.4446714100916,62.72689686233202,61.33188798118158,61.4931640625,1863100,0.0,0.0,BG
2017-06-21 00:00:00-04:00,61.388351110534536,61.96893286977731,60.96904548000101,61.06581115722656,1403000,0.0,0.0,BG
2017-06-22 00:00:00-04:00,61.1706256369072,61.25126061153821,60.59810931935662,60.91259002685547,889600,0.0,0.0,BG
2017-06-23 00:00:00-04:00,61.04965102906888,61.46089726889793,60.4287551510976,61.057716369628906,1229300,0.0,0.0,BG
2017-06-26 00:00:00-04:00,61.05773822294487,61.25932874473111,60.001405857442414,60.04978561401367,826200,0.0,0.0,BG
2017-06-27 00:00:00-04:00,59.92878341674805,60.88835552209351,59.84008316404974,59.92878341674805,834400,0.0,0.0,BG
2017-06-28 00:00:00-04:00,60.31587127192177,60.57390682824008,59.34016798028856,59.694969177246094,875600,0.0,0.0,BG
2017-06-29 00:00:00-04:00,59.73527823100444,60.090073207598245,58.87247142893143,59.34015655517578,880000,0.0,0.0,BG
2017-06-30 00:00:00-04:00,59.75949019560076,60.34007183822752,58.75960300666244,60.15460586547852,1268100,0.0,0.0,BG
2017-07-03 00:00:00-04:00,60.43681524914803,61.452832853171145,60.21910026716928,61.178672790527344,617100,0.0,0.0,BG
2017-07-05 00:00:00-04:00,61.02547033121387,62.63012882890075,61.02547033121387,62.16243743896485,1183900,0.0,0.0,BG
2017-07-06 00:00:00-04:00,61.694747515835495,62.017293489643045,60.52551912978973,60.8077507019043,1260000,0.0,0.0,BG
2017-07-07 00:00:00-04:00,61.1625418512455,62.30757414108057,60.77549162890379,61.96083831787109,789500,0.0,0.0,BG
2017-07-10 00:00:00-04:00,62.130182188082415,62.49304255500008,61.53346999743422,61.66249084472656,697200,0.0,0.0,BG
2017-07-11 00:00:00-04:00,61.30767971011132,61.654415490832456,60.79160870885914,60.88837432861328,827800,0.0,0.0,BG
2017-07-12 00:00:00-04:00,61.24317959112939,62.009227034162855,60.727108503132335,61.904396057128906,1343900,0.0,0.0,BG
2017-07-13 00:00:00-04:00,62.21081388648229,63.4364811113645,61.71086735746266,63.19457626342773,938700,0.0,0.0,BG
2017-07-14 00:00:00-04:00,63.36392424595342,63.50906964472712,62.79946718314301,63.2026481628418,901300,0.0,0.0,BG
2017-07-17 00:00:00-04:00,63.29941453197462,63.63002589207002,62.92042342242276,63.4526252746582,790100,0.0,0.0,BG
2017-07-18 00:00:00-04:00,63.05750148121125,63.45262326275614,62.8397864635067,63.049442291259766,800900,0.0,0.0,BG
2017-07-19 00:00:00-04:00,63.20264888100811,63.94450656764421,62.630132621576806,63.4526252746582,703200,0.0,0.0,BG
2017-07-20 00:00:00-04:00,63.444561070800695,64.41219298961397,62.1866383459327,64.1702880859375,1615800,0.0,0.0,BG
2017-07-21 00:00:00-04:00,64.13803218193047,64.46057820210073,62.93655456265122,64.21060180664062,904500,0.0,0.0,BG
2017-07-24 00:00:00-04:00,64.19448683718535,64.91214860914695,64.06546594907539,64.6137924194336,806500,0.0,0.0,BG
2017-07-25 00:00:00-04:00,65.01696591163876,65.31532206668275,64.21866925339883,64.98471069335938,810500,0.0,0.0,BG
2017-07-26 00:00:00-04:00,65.1217753601303,65.1217753601303,64.18639279570952,64.27509307861328,623800,0.0,0.0,BG
2017-07-27 00:00:00-04:00,64.50894725617638,64.50894725617638,63.39617013074628,63.89611053466797,636400,0.0,0.0,BG
2017-07-28 00:00:00-04:00,63.93642461308251,64.46862017498648,63.59775415077525,64.38798522949219,462300,0.0,0.0,BG
2017-07-31 00:00:00-04:00,64.58957892806372,64.58957892806372,62.96073079950958,63.21070098876953,1097700,0.0,0.0,BG
2017-08-01 00:00:00-04:00,63.48489315677062,63.97676839583126,62.04956339866273,62.94462585449219,1387900,0.0,0.0,BG
2017-08-02 00:00:00-04:00,64.96051892557321,65.71850115292672,61.702815798887215,62.4769287109375,1582100,0.0,0.0,BG
2017-08-03 00:00:00-04:00,62.08986449588494,62.7672055192183,60.92064223567969,61.25124740600586,1135800,0.0,0.0,BG
2017-08-04 00:00:00-04:00,61.493170121129765,61.69476062859946,61.00935413361332,61.55767440795898,767300,0.0,0.0,BG
2017-08-07 00:00:00-04:00,61.70278749275254,62.50914910017092,61.25929229990293,62.29949951171875,1482000,0.0,0.0,BG
2017-08-08 00:00:00-04:00,62.32372745400048,62.581763079946256,61.533489889010816,62.07375717163086,1118700,0.0,0.0,BG
2017-08-09 00:00:00-04:00,61.68668470329708,62.05761043516205,61.04965807072909,62.03342056274414,902200,0.0,0.0,BG
2017-08-10 00:00:00-04:00,61.87213877494416,63.35584141775227,61.64635232090431,62.86396026611328,1476600,0.0,0.0,BG
2017-08-11 00:00:00-04:00,62.41241002102954,62.68657010407532,62.25113395566186,62.307579040527344,676400,0.0,0.0,BG
2017-08-14 00:00:00-04:00,62.65431173842849,63.17844815840801,62.202751082225845,62.26726150512695,803800,0.0,0.0,BG
2017-08-15 00:00:00-04:00,62.60593375859487,62.7188239258215,62.2188835144043,62.2188835144043,469700,0.0,0.0,BG
2017-08-16 00:00:00-04:00,62.2188835144043,62.87203464650882,62.162432278738265,62.2188835144043,586300,0.0,0.0,BG
2017-08-17 00:00:00-04:00,62.26728131988069,62.34791629814053,60.82389244642775,60.920658111572266,753900,0.0,0.0,BG
2017-08-18 00:00:00-04:00,60.78271836776619,61.08290220773481,60.498764027115016,60.80705642700195,990500,0.46,0.0,BG
2017-08-21 00:00:00-04:00,60.84761342895428,61.001762697024205,60.30404290119305,60.92062759399414,509400,0.0,0.0,BG
2017-08-22 00:00:00-04:00,60.99365005796369,61.69136987792234,60.76648661699846,61.675140380859375,1110400,0.0,0.0,BG
2017-08-23 00:00:00-04:00,61.6183671807858,61.98345669246478,61.066681727580026,61.237060546875,815000,0.0,0.0,BG
2017-08-24 00:00:00-04:00,61.22894287109375,61.28573374489872,60.78272444138253,61.22894287109375,692600,0.0,0.0,BG
2017-08-25 00:00:00-04:00,61.43988246733715,61.65893120999189,61.16403666167979,61.277618408203125,434200,0.0,0.0,BG
2017-08-28 00:00:00-04:00,61.57778805376524,61.788728187051895,60.433849912594056,60.50687026977539,835500,0.0,0.0,BG
2017-08-29 00:00:00-04:00,60.40953334797884,60.86386039077503,59.72804278378455,60.19859313964844,1078600,0.0,0.0,BG
2017-08-30 00:00:00-04:00,60.49876316824421,60.85573787127528,60.01198342121842,60.07688903808594,535900,0.0,0.0,BG
2017-08-31 00:00:00-04:00,60.19857962004164,60.86384672176023,59.2250201213404,60.54743957519531,1524900,0.0,0.0,BG
2017-09-01 00:00:00-04:00,61.017999128772935,61.84553031566289,60.27971781236158,61.82118606567383,894300,0.0,0.0,BG
2017-09-05 00:00:00-04:00,61.699487247299885,61.95910350367938,61.19647804255344,61.3993034362793,597700,0.0,0.0,BG
2017-09-06 00:00:00-04:00,61.5047880726713,61.610261269126894,61.139704735033774,61.334415435791016,628600,0.0,0.0,BG
2017-09-07 00:00:00-04:00,61.43178033180604,61.69139668999109,60.75839827503968,61.36687469482422,555300,0.0,0.0,BG
2017-09-08 00:00:00-04:00,61.342516707132816,61.46421318951669,60.636682061098526,60.70158767700195,690500,0.0,0.0,BG
2017-09-11 00:00:00-04:00,60.961202174373646,61.90231500832724,60.79894432908373,61.45609664916992,807400,0.0,0.0,BG
2017-09-12 00:00:00-04:00,59.13577747823408,59.32237958344419,56.742440058101046,57.95939254760742,3223100,0.0,0.0,BG
2017-09-13 00:00:00-04:00,58.51109368552783,59.24937517604206,58.072989928520016,58.64901351928711,1423400,0.0,0.0,BG
2017-09-14 00:00:00-04:00,58.64898977364187,59.225013131190174,58.64898977364187,59.08709335327149,949900,0.0,0.0,BG
2017-09-15 00:00:00-04:00,59.23315475587447,59.85785450913777,58.470528972371234,58.843727111816406,1729000,0.0,0.0,BG
2017-09-18 00:00:00-04:00,59.03840110424237,59.50895740934925,58.94916364336623,59.095191955566406,871200,0.0,0.0,BG
2017-09-19 00:00:00-04:00,59.02218742667839,59.2087895056021,58.60842190540553,58.80313873291016,887900,0.0,0.0,BG
2017-09-20 00:00:00-04:00,58.61652919185424,58.74634039366514,57.88635665601488,57.98371505737305,1011600,0.0,0.0,BG
2017-09-21 00:00:00-04:00,57.92693888031116,58.36504251281216,57.70788396919048,57.91070938110352,576200,0.0,0.0,BG
2017-09-22 00:00:00-04:00,57.991846262668695,58.365044289178286,57.659209605932,57.82958221435547,637700,0.0,0.0,BG
2017-09-25 00:00:00-04:00,57.88636719444099,58.19466575999938,57.69165654601564,57.99184036254883,563300,0.0,0.0,BG
2017-09-26 00:00:00-04:00,58.1865404178985,58.38125103087607,57.7808896968476,57.98371505737305,505600,0.0,0.0,BG
2017-09-27 00:00:00-04:00,58.08109120947888,58.11354402330836,57.31847174858091,57.4239387512207,890900,0.0,0.0,BG
2017-09-28 00:00:00-04:00,57.19677575801062,57.8052520958618,56.36113591105362,56.41792678833008,1108800,0.0,0.0,BG
2017-09-29 00:00:00-04:00,56.426028632769125,56.56394841893058,55.99603358632582,56.35300827026367,1033500,0.0,0.0,BG
2017-10-02 00:00:00-04:00,56.6045112523172,57.22921696540223,56.45847671326071,56.7262077331543,1062400,0.0,0.0,BG
2017-10-03 00:00:00-04:00,56.94526412944364,57.07506917326332,56.158300547772114,56.23942947387695,1148200,0.0,0.0,BG
2017-10-04 00:00:00-04:00,55.93113968135079,56.73432660972078,55.874348811460806,56.39358139038086,1074800,0.0,0.0,BG
2017-10-05 00:00:00-04:00,56.47471117171852,56.70998940473588,56.4098055509398,56.62886047363281,688500,0.0,0.0,BG
2017-10-06 00:00:00-04:00,56.53150006751282,56.56395287676843,55.43624406153301,55.75265121459961,1042300,0.0,0.0,BG
2017-10-09 00:00:00-04:00,55.57415259265973,55.77697796708549,54.478896808708434,54.50323486328125,1134000,0.0,0.0,BG
2017-10-10 00:00:00-04:00,54.730400123230574,55.11171283026572,54.624933153307005,55.038692474365234,1208200,0.0,0.0,BG
2017-10-11 00:00:00-04:00,55.16040218160578,55.40379517337831,54.633054825925925,54.95757675170898,781800,0.0,0.0,BG
2017-10-12 00:00:00-04:00,54.78720148939156,55.06304727940445,54.64928168925542,55.046817779541016,973000,0.0,0.0,BG
2017-10-13 00:00:00-04:00,55.51739521079991,60.06879985245909,55.11985897034949,58.811279296875,5702600,0.0,0.0,BG
2017-10-16 00:00:00-04:00,58.41372790892499,58.819378797181415,56.880368046495015,57.4239387512207,2195300,0.0,0.0,BG
2017-10-17 00:00:00-04:00,57.42393284058006,58.02429436027683,57.18865460683954,57.77279281616211,802200,0.0,0.0,BG
2017-10-18 00:00:00-04:00,57.71599133798968,57.9350462210973,57.09129187267076,57.1480827331543,892900,0.0,0.0,BG
2017-10-19 00:00:00-04:00,57.066946775958336,57.68353767325578,56.86412139300755,57.4644889831543,617400,0.0,0.0,BG
2017-10-20 00:00:00-04:00,57.464490186915256,57.7808972957674,57.05883941251615,57.74032974243164,701300,0.0,0.0,BG
2017-10-23 00:00:00-04:00,57.50505504096048,58.04051706674385,57.45637892579471,57.69977188110352,586800,0.0,0.0,BG
2017-10-24 00:00:00-04:00,57.56184295946015,57.83768870734283,57.26977390393245,57.38336181640625,624900,0.0,0.0,BG
2017-10-25 00:00:00-04:00,57.10753022261471,57.39959935053169,56.27189040264047,56.80734634399414,623900,0.0,0.0,BG
2017-10-26 00:00:00-04:00,57.0750780004471,57.35903238060032,56.6775418682326,56.758670806884766,614300,0.0,0.0,BG
2017-10-27 00:00:00-04:00,56.5558368903399,56.791115109992994,56.20697693564604,56.64508056640625,619200,0.0,0.0,BG
2017-10-30 00:00:00-04:00,56.53149296452978,56.67752749296107,56.04471326633874,56.198856353759766,611500,0.0,0.0,BG
2017-10-31 00:00:00-04:00,55.30642846690237,56.044715892381554,55.17662342984777,55.80132293701172,1532100,0.0,0.0,BG
2017-11-01 00:00:00-04:00,57.18054145352269,58.21089179739153,56.17452297839037,56.43413925170898,1995300,0.0,0.0,BG
2017-11-02 00:00:00-04:00,56.38546521374501,57.52128877254551,55.80132702980529,56.08528137207031,1985800,0.0,0.0,BG
2017-11-03 00:00:00-04:00,56.1664171531824,56.31245170089257,54.48702294938575,55.054931640625,1836000,0.0,0.0,BG
2017-11-06 00:00:00-05:00,54.94134757173771,55.16039628914055,54.689846046249215,54.876441955566406,851600,0.0,0.0,BG
2017-11-07 00:00:00-05:00,54.844001212781095,55.54983601700722,54.56816156798062,54.70608139038086,1260600,0.0,0.0,BG
2017-11-08 00:00:00-05:00,54.76284708463627,55.21717390936278,54.397763913300864,55.07925415039063,1110600,0.0,0.0,BG
2017-11-09 00:00:00-05:00,54.94134493080758,55.444347957606126,54.73040478326048,54.84398651123047,1275900,0.0,0.0,BG
2017-11-10 00:00:00-05:00,54.673615378732976,54.99002251362983,54.38154630194509,54.47890472412109,1019900,0.0,0.0,BG
2017-11-13 00:00:00-05:00,54.35721301693724,54.56003843864222,53.42421483914615,53.79741287231445,1590300,0.0,0.0,BG
2017-11-14 00:00:00-05:00,53.52155894045909,54.47889492218719,53.432315283623,53.72438430786133,938100,0.0,0.0,BG
2017-11-15 00:00:00-05:00,53.39987093919167,53.44854705436074,52.75894193392581,52.85630035400391,1547900,0.0,0.0,BG
2017-11-16 00:00:00-05:00,52.82385338491572,53.45666771100622,51.81783793035642,53.2457275390625,1592400,0.0,0.0,BG
2017-11-17 00:00:00-05:00,53.09049461035721,53.81764920189833,52.62478879067997,53.51534652709961,979200,0.46,0.0,BG
2017-11-20 00:00:00-05:00,53.33559228794317,53.81764209854105,52.9352502724304,53.35193634033203,1232100,0.0,0.0,BG
2017-11-21 00:00:00-05:00,53.56435915395046,53.88299960780771,53.21303682874509,53.35193634033203,913800,0.0,0.0,BG
2017-11-22 00:00:00-05:00,53.27839948059065,53.72776741063981,53.016950748588265,53.499000549316406,1213500,0.0,0.0,BG
2017-11-24 00:00:00-05:00,53.727786211282194,53.87485156408457,53.18854450652959,53.31110000610352,248400,0.0,0.0,BG
2017-11-27 00:00:00-05:00,53.50717867365186,53.58071445798464,52.8944074824126,53.23756408691406,966100,0.0,0.0,BG
2017-11-28 00:00:00-05:00,53.31110699430751,53.79315079347282,53.1967235086265,53.47451019287109,1907600,0.0,0.0,BG
2017-11-29 00:00:00-05:00,53.69509628207972,54.99416817595388,53.69509628207972,54.26701354980469,1273000,0.0,0.0,BG
2017-11-30 00:00:00-05:00,54.414083018495134,55.762180947426856,54.414083018495134,54.66736602783203,1938000,0.0,0.0,BG
2017-12-01 00:00:00-05:00,54.61832767215133,55.3291443688321,54.11994002851823,54.85526657104492,890800,0.0,0.0,BG
2017-12-04 00:00:00-05:00,54.94515411626139,55.59060723233035,54.48762025512141,55.141239166259766,844900,0.0,0.0,BG
2017-12-05 00:00:00-05:00,55.30464519171692,55.34549286486341,53.956547309263534,53.97288513183594,1449700,0.0,0.0,BG
2017-12-06 00:00:00-05:00,53.98105577641044,56.38312080600611,53.98105577641044,55.82754135131836,2182500,0.0,0.0,BG
2017-12-07 00:00:00-05:00,56.78345532538028,57.68218502629024,56.00728109128305,56.54651641845703,2628400,0.0,0.0,BG
2017-12-08 00:00:00-05:00,56.472997360195166,57.56781227115248,56.36677969364212,57.02040481567383,2153400,0.0,0.0,BG
2017-12-11 00:00:00-05:00,57.24098082071252,57.58413732492524,56.69357354587731,56.922340393066406,1307000,0.0,0.0,BG
2017-12-12 00:00:00-05:00,57.08575650765876,57.73937525809606,56.064471366260015,56.11349105834961,1620300,0.0,0.0,BG
2017-12-13 00:00:00-05:00,56.02361030740816,56.37493260048748,54.01372215401096,54.10359573364258,2731000,0.0,0.0,BG
2017-12-14 00:00:00-05:00,54.55296730707218,55.02684513421528,54.01373196476774,54.02190399169922,1521400,0.0,0.0,BG
2017-12-15 00:00:00-05:00,54.19348285545989,55.533408625886544,54.03007347282824,55.30464172363281,1802400,0.0,0.0,BG
2017-12-18 00:00:00-05:00,55.320979365139664,56.3504366553617,54.70003618002139,54.76539993286133,1051100,0.0,0.0,BG
2017-12-19 00:00:00-05:00,54.78174949007534,54.88796092403521,54.2261700019945,54.66736602783203,1099200,0.0,0.0,BG
2017-12-20 00:00:00-05:00,54.80625516493964,55.26378897904612,54.18531196477319,54.94514846801758,1241300,0.0,0.0,BG
2017-12-21 00:00:00-05:00,55.20660498659827,55.71316480420593,54.65919749182598,54.73272705078125,981700,0.0,0.0,BG
2017-12-22 00:00:00-05:00,54.659177491535246,55.092201358308685,54.3732189222914,54.52845001220703,486800,0.0,0.0,BG
2017-12-26 00:00:00-05:00,54.37322634767368,54.96148138469674,54.37322634767368,54.87977981567383,574500,0.0,0.0,BG
2017-12-27 00:00:00-05:00,55.00234287623145,55.03502475503674,54.536637011760405,54.62651062011719,477000,0.0,0.0,BG
2017-12-28 00:00:00-05:00,54.78989807330253,54.92062555104615,54.46309184580196,54.86343383789063,582200,0.0,0.0,BG
2017-12-29 00:00:00-05:00,54.98601020351935,55.49256378886742,54.80626296997071,54.8062629699707,811300,0.0,0.0,BG
2018-01-02 00:00:00-05:00,54.928799185765925,55.58241789334246,54.2915120632419,55.54973602294922,944500,0.0,0.0,BG
2018-01-03 00:00:00-05:00,55.86836463922901,57.36352716766432,55.60691596486557,56.742584228515625,2124600,0.0,0.0,BG
2018-01-04 00:00:00-05:00,57.01222210446178,58.180572583601055,56.987712257828704,57.57597351074219,2026900,0.0,0.0,BG
2018-01-05 00:00:00-05:00,57.6004818986785,58.000823928216775,56.824307685614336,57.142948150634766,795500,0.0,0.0,BG
2018-01-08 00:00:00-05:00,56.98770411784752,57.004041935459256,55.753990068287386,56.31774139404297,1041200,0.0,0.0,BG
2018-01-09 00:00:00-05:00,56.55469300504555,57.15929212772453,56.26873438171295,56.8896713256836,988100,0.0,0.0,BG
2018-01-10 00:00:00-05:00,56.69359588623046,56.80797935489831,55.41086164465692,56.69359588623047,924300,0.0,0.0,BG
2018-01-11 00:00:00-05:00,56.93051717654124,57.81290900381263,56.6690684388419,57.55146026611328,1044800,0.0,0.0,BG
2018-01-12 00:00:00-05:00,57.535128877030346,57.788411877701016,56.51384354663674,56.97954940795898,968600,0.0,0.0,BG
2018-01-16 00:00:00-05:00,56.79978969166682,57.99265618045352,56.70992233712715,57.33903121948242,1172400,0.0,0.0,BG
2018-01-17 00:00:00-05:00,57.49427764266412,57.919129571082806,56.91418835894314,57.55963516235352,1046600,0.0,0.0,BG
2018-01-18 00:00:00-05:00,57.15110382362263,57.40438673223647,56.734424048336514,56.8978271484375,954100,0.0,0.0,BG
2018-01-19 00:00:00-05:00,56.70993084823001,63.589306856155154,56.08898766545843,63.36870574951172,4701700,0.0,0.0,BG
2018-01-22 00:00:00-05:00,65.02728940544817,67.35582540529687,64.0550298176584,67.0862045288086,8434300,0.0,0.0,BG
2018-01-23 00:00:00-05:00,66.72670232997056,66.87376767896106,65.21520116355427,65.82797241210938,3885900,0.0,0.0,BG
2018-01-24 00:00:00-05:00,65.93415652674075,66.67765499224761,64.84751403370373,65.38674926757812,1712000,0.0,0.0,BG
2018-01-25 00:00:00-05:00,65.47664236555283,65.7789450570519,65.17433967405377,65.36225891113281,1399500,0.0,0.0,BG
2018-01-26 00:00:00-05:00,65.86063556833224,67.17605130658173,65.40310182752536,66.83290100097656,2212000,0.0,0.0,BG
2018-01-29 00:00:00-05:00,66.49791954496958,66.77571235282129,65.51748827433651,66.06489562988281,1178400,0.0,0.0,BG
2018-01-30 00:00:00-05:00,65.34589668925369,65.77074847082879,64.87201899306838,65.32138061523438,1408700,0.0,0.0,BG
2018-01-31 00:00:00-05:00,65.36226656891155,65.77078073496725,64.40634491636477,64.89656066894531,1604000,0.0,0.0,BG
2018-02-01 00:00:00-05:00,64.71679862152422,66.99630789422974,64.47169391806678,65.08446502685547,1500800,0.0,0.0,BG
2018-02-02 00:00:00-05:00,64.42267135356596,64.89654919845604,64.07952101075469,64.21841430664062,1126800,0.0,0.0,BG
2018-02-05 00:00:00-05:00,67.40483252210298,67.97674981982719,66.08941650390625,66.08941650390625,5299700,0.0,0.0,BG
2018-02-06 00:00:00-05:00,65.76258898343309,67.69894779383922,65.63186773088424,67.44567108154297,3034700,0.0,0.0,BG
2018-02-07 00:00:00-05:00,67.40482508106818,67.8133391724686,66.45706939697266,66.45706939697266,1668200,0.0,0.0,BG
2018-02-08 00:00:00-05:00,66.5551168936085,67.45384667326394,65.32957458496094,65.32957458496094,1935200,0.0,0.0,BG
2018-02-09 00:00:00-05:00,65.73809005907339,66.54694625429215,63.48309041876433,65.97502899169922,2232600,0.0,0.0,BG
2018-02-12 00:00:00-05:00,66.17927974917815,66.17927974917815,63.785387034839815,65.08446502685547,1955400,0.0,0.0,BG
2018-02-13 00:00:00-05:00,65.01093375990422,65.35408410859476,64.2020775855821,64.9619140625,1542000,0.0,0.0,BG
2018-02-14 00:00:00-05:00,62.24937956883072,63.54027936702056,60.4600858444132,61.326133728027344,5586400,0.0,0.0,BG
2018-02-15 00:00:00-05:00,62.67433640108801,63.74302515858114,61.802948082185566,63.45530319213867,2700300,0.46,0.0,BG
2018-02-16 00:00:00-05:00,63.29910602977779,65.71598299427623,63.17579482859289,65.02544403076172,2409300,0.0,0.0,BG
2018-02-20 00:00:00-05:00,64.63083593496424,64.72126370336936,61.6631769547832,62.53456497192383,2336000,0.0,0.0,BG
2018-02-21 00:00:00-05:00,62.7647655711083,62.95384359425192,61.728960197432926,61.7371826171875,2105100,0.0,0.0,BG
2018-02-22 00:00:00-05:00,61.97558100065693,63.03604733410226,61.77828683476687,62.13999176025391,1368300,0.0,0.0,BG
2018-02-23 00:00:00-05:00,62.230411520814805,63.299100135749846,62.0495622173672,62.98671722412109,843800,0.0,0.0,BG
2018-02-26 00:00:00-05:00,62.97026144103138,62.97026144103138,62.22218455810932,62.45236206054688,856600,0.0,0.0,BG
2018-02-27 00:00:00-05:00,62.8634049281865,62.8634049281865,61.51521682739258,61.51521682739258,1446400,0.0,0.0,BG
2018-02-28 00:00:00-05:00,61.89336079591829,63.0442546530359,61.89336079591829,62.00844955444336,1507100,0.0,0.0,BG
2018-03-01 00:00:00-05:00,61.85225688094286,63.14290051709892,61.68784615567306,62.46059036254883,976900,0.0,0.0,BG
2018-03-02 00:00:00-05:00,61.83581406637841,62.296169082981336,61.112391872440426,61.794708251953125,1710100,0.0,0.0,BG
2018-03-05 00:00:00-05:00,61.86047104835944,64.91855779670719,61.75360471837368,64.11293029785156,3432200,0.0,0.0,BG
2018-03-06 00:00:00-05:00,65.01721396132956,65.01721396132956,63.04426006198979,63.3895263671875,2964600,0.0,0.0,BG
2018-03-07 00:00:00-05:00,63.890976360938666,65.02542528671661,63.438837510882365,63.6525764465332,2360400,0.0,0.0,BG
2018-03-08 00:00:00-05:00,63.636147374567344,63.91564687128951,62.97026948955935,63.30731964111328,1267700,0.0,0.0,BG
2018-03-09 00:00:00-05:00,63.40595998476685,63.48817161738121,59.45182380445594,61.62207794189453,4762700,0.0,0.0,BG
2018-03-12 00:00:00-04:00,62.13174609747602,62.78939509532237,62.041318341094005,62.41946792602539,1610100,0.0,0.0,BG
2018-03-13 00:00:00-04:00,62.47703312999344,62.73187165286816,62.08243858218228,62.37016677856445,1003100,0.0,0.0,BG
2018-03-14 00:00:00-04:00,62.47703551152348,62.649668672812766,60.87400881964599,61.03019714355469,1030800,0.0,0.0,BG
2018-03-15 00:00:00-04:00,61.2932653014801,61.88515407941716,60.265682359747295,60.619171142578125,1284100,0.0,0.0,BG
2018-03-16 00:00:00-04:00,60.85755344723947,61.21104212731605,59.3613933698642,60.36431503295898,2256100,0.0,0.0,BG
2018-03-19 00:00:00-04:00,60.49584429176998,60.61093932160106,59.46826161575649,59.723106384277344,1090000,0.0,0.0,BG
2018-03-20 00:00:00-04:00,59.97796437571072,60.83291419266433,59.7313482164294,60.82469177246094,961000,0.0,0.0,BG
2018-03-21 00:00:00-04:00,60.52872061569556,60.74245954344824,59.69021600969073,60.02725982666016,1155500,0.0,0.0,BG
2018-03-22 00:00:00-04:00,59.55047898126352,60.57806175621979,59.139445871281005,59.22987365722656,1483600,0.0,0.0,BG
2018-03-23 00:00:00-04:00,59.70667688493767,61.301487614736814,59.51760513623339,59.616249084472656,1386900,0.0,0.0,BG
2018-03-26 00:00:00-04:00,60.01905054922115,60.20812224889751,58.87637911805163,60.167022705078125,1022000,0.0,0.0,BG
2018-03-27 00:00:00-04:00,60.55339566068154,60.55339566068154,59.50114571959757,59.690223693847656,839200,0.0,0.0,BG
2018-03-28 00:00:00-04:00,59.98617101442177,60.45474849283619,59.51759353600736,60.06015396118164,821500,0.0,0.0,BG
2018-03-29 00:00:00-04:00,60.31498812533211,61.47409799021381,60.26565989764384,60.78356552124024,940900,0.0,0.0,BG
2018-04-02 00:00:00-04:00,60.4958478256992,60.62738142640872,58.85993786604504,59.665565490722656,1178700,0.0,0.0,BG
2018-04-03 00:00:00-04:00,60.15058994985067,61.41657281045424,60.15058994985067,60.93155670166016,1688800,0.0,0.0,BG
2018-04-04 00:00:00-04:00,60.10948340860769,62.36194306322079,60.01083320573967,62.18108749389648,2452800,0.0,0.0,BG
2018-04-05 00:00:00-04:00,62.53457181969265,63.01137169224623,61.44944475187207,61.770050048828125,1212600,0.0,0.0,BG
2018-04-06 00:00:00-04:00,61.71252002218069,62.378391751977446,61.572770249336415,62.13999176025391,1423200,0.0,0.0,BG
2018-04-09 00:00:00-04:00,62.13996965669805,62.78118644352593,61.57274834754454,61.58097076416016,1196300,0.0,0.0,BG
2018-04-10 00:00:00-04:00,61.82760950783055,62.04134851521976,60.79180414941813,60.91511535644531,1361500,0.0,0.0,BG
2018-04-11 00:00:00-04:00,60.77535886008184,61.53988073284973,60.58628086063695,61.23571395874024,823200,0.0,0.0,BG
2018-04-12 00:00:00-04:00,61.27681610115576,61.89336575921048,60.92332737966302,61.69607162475586,577400,0.0,0.0,BG
2018-04-13 00:00:00-04:00,61.86870024476345,62.452366459013376,61.44122233424404,61.770050048828125,751400,0.0,0.0,BG
2018-04-16 00:00:00-04:00,61.99202434220734,62.04956873386304,61.2932629511289,61.70429611206055,901200,0.0,0.0,BG
2018-04-17 00:00:00-04:00,61.95912076551746,61.95912076551746,61.40011559776343,61.49054336547852,739000,0.0,0.0,BG
2018-04-18 00:00:00-04:00,61.47410823055529,61.61385797657472,60.84112002855316,61.53987503051758,1276400,0.0,0.0,BG
2018-04-19 00:00:00-04:00,61.94267821025886,63.257982691033696,61.539867584992365,62.23040008544922,1812300,0.0,0.0,BG
2018-04-20 00:00:00-04:00,62.27973228008402,62.46880397930254,59.67377785980947,60.610939025878906,2525300,0.0,0.0,BG
2018-04-23 00:00:00-04:00,60.62738184827479,60.69314864908717,59.76420983524733,60.37254333496094,1397000,0.0,0.0,BG
2018-04-24 00:00:00-04:00,60.59449482029186,60.7260284140422,59.49292919603414,59.7806510925293,1241200,0.0,0.0,BG
2018-04-25 00:00:00-04:00,60.17526071323962,60.17526071323962,59.27921130690669,59.64092254638672,1279000,0.0,0.0,BG
2018-04-26 00:00:00-04:00,59.624455674855696,60.05193357663298,59.12299483154016,59.164100646972656,1501300,0.0,0.0,BG
2018-04-27 00:00:00-04:00,59.229855909237294,60.01903849130421,59.1558667102399,59.755977630615234,962100,0.0,0.0,BG
2018-04-30 00:00:00-04:00,60.12590731112851,60.12590731112851,59.24629693362225,59.37783050537109,966200,0.0,0.0,BG
2018-05-01 00:00:00-04:00,59.58336885618561,59.77244059507365,58.61333036036131,58.89282989501953,1629900,0.0,0.0,BG
2018-05-02 00:00:00-04:00,61.07951027175164,61.40011553080411,59.821743941777015,60.24922180175781,3115300,0.0,0.0,BG
2018-05-03 00:00:00-04:00,60.01084156883464,60.32322451364913,57.5199816140655,57.766597747802734,4091700,0.0,0.0,BG
2018-05-04 00:00:00-04:00,57.67615644477869,58.44889425841919,57.22401761350007,57.94743347167969,2117400,0.0,0.0,BG
2018-05-07 00:00:00-04:00,57.83235651615818,58.10363987022336,56.63214060431921,57.01851272583008,1694600,0.0,0.0,BG
2018-05-08 00:00:00-04:00,57.09249910037259,57.51997706671133,56.81299958319311,57.15004348754883,1470200,0.0,0.0,BG
2018-05-09 00:00:00-04:00,57.16648747636431,57.717270355713495,57.07605968759143,57.4788703918457,1039600,0.0,0.0,BG
2018-05-10 00:00:00-04:00,57.56106755546666,58.555773090151575,57.38021827557259,58.16117858886719,1180000,0.0,0.0,BG
2018-05-11 00:00:00-04:00,58.17760774171507,58.90102983174672,58.16939159750349,58.50643539428711,767500,0.0,0.0,BG
2018-05-14 00:00:00-04:00,58.61332469977079,58.76129687202536,57.79125846988266,58.39958572387695,1002400,0.0,0.0,BG
2018-05-15 00:00:00-04:00,58.087202814391794,58.72841347020572,57.87346383849796,58.39958572387695,1162000,0.0,0.0,BG
2018-05-16 00:00:00-04:00,58.374916547162215,58.56398824125313,57.79946650388829,58.02964401245117,1130800,0.0,0.0,BG
2018-05-17 00:00:00-04:00,58.17763416960326,58.43247900884246,57.774823404950446,58.11187362670898,1016800,0.0,0.0,BG
2018-05-18 00:00:00-04:00,58.111855765974525,58.318718406542224,57.44161651773136,57.64020919799805,1378400,0.46,0.0,BG
2018-05-21 00:00:00-04:00,57.76433202961629,57.95464847056284,57.12719776078258,57.86362838745117,1291400,0.0,0.0,BG
2018-05-22 00:00:00-04:00,57.95463835859376,58.451107435248026,57.80569700430279,57.8967170715332,827700,0.0,0.0,BG
2018-05-23 00:00:00-04:00,57.64846992130795,57.99599758667024,57.44988358580747,57.78913497924805,924200,0.0,0.0,BG
2018-05-24 00:00:00-04:00,58.03738650237713,58.34354550718448,57.44162104056138,58.00428771972656,749400,0.0,0.0,BG
2018-05-25 00:00:00-04:00,57.7891447291391,58.49248276339478,57.75605226176065,57.87189483642578,976500,0.0,0.0,BG
2018-05-29 00:00:00-04:00,57.79742051202568,57.88844057891121,57.29267516400475,57.64020919799805,1068400,0.0,0.0,BG
2018-05-30 00:00:00-04:00,58.0291033670724,58.3269860627584,57.51608807901604,58.21114349365234,1019200,0.0,0.0,BG
2018-05-31 00:00:00-04:00,57.99601596889631,58.15323362051101,57.06927523419352,57.549198150634766,1612100,0.0,0.0,BG
2018-06-01 00:00:00-04:00,57.59057060032534,58.21115865919297,57.44990548875625,57.83053207397461,915700,0.0,0.0,BG
2018-06-04 00:00:00-04:00,58.05394045086455,58.260803112711216,57.59884006962289,57.91326904296875,976000,0.0,0.0,BG
2018-06-05 00:00:00-04:00,57.90501028795009,58.53386835634228,57.5822986651045,58.28563690185547,1387500,0.0,0.0,BG
2018-06-06 00:00:00-04:00,58.41801330915129,58.48421087476487,57.375423746053045,57.97946548461914,1348900,0.0,0.0,BG
2018-06-07 00:00:00-04:00,57.8139823059501,58.1118650610501,57.060999143628486,57.17684173583984,2790300,0.0,0.0,BG
2018-06-08 00:00:00-04:00,57.16856271692431,57.59056431854934,57.16856271692431,57.23476028442383,1064200,0.0,0.0,BG
2018-06-11 00:00:00-04:00,57.29268247419965,58.00429055358511,57.24303745427198,57.6650390625,981700,0.0,0.0,BG
2018-06-12 00:00:00-04:00,57.6650390625,57.92154674938978,57.4581763955379,57.6650390625,736600,0.0,0.0,BG
2018-06-13 00:00:00-04:00,57.756049376691074,58.988948895724405,57.36714661847908,58.7407112121582,3965000,0.0,0.0,BG
2018-06-14 00:00:00-04:00,58.95584548935724,59.245451888821016,58.12839502634871,58.37663269042969,1772900,0.0,0.0,BG
2018-06-15 00:00:00-04:00,57.954644593954576,58.11186223843981,56.62244853528363,57.98774337768555,2487600,0.0,0.0,BG
2018-06-18 00:00:00-04:00,57.540922161482506,59.113079746583786,57.540922161482506,58.8151969909668,1392100,0.0,0.0,BG
2018-06-19 00:00:00-04:00,58.65797369856522,60.51146131189735,58.583506173294985,59.46060180664063,2334700,0.0,0.0,BG
2018-06-20 00:00:00-04:00,59.377856805647845,59.493699384577006,58.02910828777006,58.14495086669922,1868800,0.0,0.0,BG
2018-06-21 00:00:00-04:00,58.74898825964552,59.22891108729629,58.343539263225125,58.79036331176758,1631000,0.0,0.0,BG
2018-06-22 00:00:00-04:00,59.055147722402,59.29510913822133,58.82345626671851,59.17926025390625,1257200,0.0,0.0,BG
2018-06-25 00:00:00-04:00,59.079963709906224,59.80811783715658,58.856548551956536,58.95584487915039,1858500,0.0,0.0,BG
2018-06-26 00:00:00-04:00,58.88137768965069,59.73365065230585,58.63314002678494,58.68278503417969,1385100,0.0,0.0,BG
2018-06-27 00:00:00-04:00,58.68279725865828,58.74899482427187,57.88016913619877,57.97946548461914,1374600,0.0,0.0,BG
2018-06-28 00:00:00-04:00,57.81397994144476,57.97119127418885,57.019628064648494,57.5905647277832,1194500,0.0,0.0,BG
2018-06-29 00:00:00-04:00,57.6236583013443,58.269068748322994,57.29267680437019,57.68157958984375,1094000,0.0,0.0,BG
2018-07-02 00:00:00-04:00,57.6236723357949,57.68159363840129,57.168571877495786,57.367164611816406,1032300,0.0,0.0,BG
2018-07-03 00:00:00-04:00,57.37542046176832,57.37542046176832,56.00185577512243,56.266639709472656,1912800,0.0,0.0,BG
2018-07-05 00:00:00-04:00,56.34937594687074,57.49126163985896,56.04322331215625,57.42506408691406,2264200,0.0,0.0,BG
2018-07-06 00:00:00-04:00,57.54919565218557,58.09530980243381,57.23476036260711,57.739505767822266,1191600,0.0,0.0,BG
2018-07-09 00:00:00-04:00,57.96291530854469,58.12012662500333,57.433347445538274,57.47471618652344,1030100,0.0,0.0,BG
2018-07-10 00:00:00-04:00,57.557475754081565,58.31873528959197,57.557475754081565,58.08704376220703,1227000,0.0,0.0,BG
2018-07-11 00:00:00-04:00,58.120122695618775,58.66624306845468,57.598831141231614,57.72294998168945,1198600,0.0,0.0,BG
2018-07-12 00:00:00-04:00,57.85535805987134,58.07049703415447,56.87069590682075,56.96998596191406,1154900,0.0,0.0,BG
2018-07-13 00:00:00-04:00,57.09409209426709,57.16028965817935,56.341109008896176,56.65554428100586,1181300,0.0,0.0,BG
2018-07-16 00:00:00-04:00,56.68036119982879,56.845848780343104,55.7370681024148,55.98530578613281,1119000,0.0,0.0,BG
2018-07-17 00:00:00-04:00,56.233541573545,56.91205080765897,56.09287648776519,56.87895202636719,1029400,0.0,0.0,BG
2018-07-18 00:00:00-04:00,56.73829627418395,57.05272527875973,56.47351229323907,56.60590744018555,650400,0.0,0.0,BG
2018-07-19 00:00:00-04:00,56.70518778348517,57.07754433583968,56.18389618572524,56.241817474365234,736500,0.0,0.0,BG
2018-07-20 00:00:00-04:00,56.13425192233097,56.34939086990419,55.78672414675345,56.29146957397461,807300,0.0,0.0,BG
2018-07-23 00:00:00-04:00,56.19216841824898,56.52314357927761,55.91910822874848,55.98530578613281,1097300,0.0,0.0,BG
2018-07-24 00:00:00-04:00,56.05978308327,56.845858697265946,56.0018617886908,56.10115814208984,1822100,0.0,0.0,BG
2018-07-25 00:00:00-04:00,56.08459496029931,56.60589282562684,55.70396848052077,56.341102600097656,1193600,0.0,0.0,BG
2018-07-26 00:00:00-04:00,56.22526803533086,57.143738743783366,56.142524234549455,56.663822174072266,890100,0.0,0.0,BG
2018-07-27 00:00:00-04:00,56.73001164904813,56.796209212777605,56.15079874878309,56.27491760253906,600600,0.0,0.0,BG
2018-07-30 00:00:00-04:00,56.2418228775263,56.56452813280103,56.134250250469655,56.40731048583984,833300,0.0,0.0,BG
2018-07-31 00:00:00-04:00,57.15202657242546,57.507830669372616,56.81277502674949,57.2016716003418,1368900,0.0,0.0,BG
2018-08-01 00:00:00-04:00,56.30802424976454,56.48178814411619,54.56210271844105,54.61174774169922,3672500,0.0,0.0,BG
2018-08-02 00:00:00-04:00,54.82687458621723,54.95926338997721,53.92495021425671,54.90961837768555,2019700,0.0,0.0,BG
2018-08-03 00:00:00-04:00,54.82687439216924,55.108204544755125,54.60345921175423,54.68620300292969,864000,0.0,0.0,BG
2018-08-06 00:00:00-04:00,54.67794792595745,55.008929493697536,54.611750349819765,54.80206680297852,640300,0.0,0.0,BG
2018-08-07 00:00:00-04:00,54.69449236965068,55.86120093725548,54.69449236965068,55.19923782348633,1370300,0.0,0.0,BG
2018-08-08 00:00:00-04:00,55.24061045878079,55.36472932627859,54.37178469924406,54.44625854492188,1000400,0.0,0.0,BG
2018-08-09 00:00:00-04:00,54.371776956844165,54.5372708609246,53.71809023985705,53.941505432128906,1092900,0.0,0.0,BG
2018-08-10 00:00:00-04:00,53.76774872908699,53.91669010612398,52.15421609236155,52.45209884643555,1809800,0.0,0.0,BG
2018-08-13 00:00:00-04:00,52.286600189354274,52.34452147652303,50.80546607343033,50.98750305175781,3092500,0.0,0.0,BG
2018-08-14 00:00:00-04:00,51.22746411672748,51.4012279770228,50.8137388361348,51.26056289672852,1355800,0.0,0.0,BG
2018-08-15 00:00:00-04:00,51.301937698259,51.301937698259,50.70617225040122,51.128173828125,1419700,0.0,0.0,BG
2018-08-16 00:00:00-04:00,51.31848378012226,52.2121287378121,51.28538500038139,51.8149528503418,1288900,0.0,0.0,BG
2018-08-17 00:00:00-04:00,51.67429104557301,52.30315211813139,51.48397778471359,52.1624870300293,1488300,0.0,0.0,BG
2018-08-20 00:00:00-04:00,52.24522901457659,53.031304538869335,52.17075833626245,52.80789566040039,1572400,0.0,0.0,BG
2018-08-21 00:00:00-04:00,52.84959518365336,53.61686255343714,52.75785638256416,53.27492904663086,1360400,0.5,0.0,BG
2018-08-22 00:00:00-04:00,53.20820635185824,53.57515835819724,52.48264078372057,52.54101943969727,993600,0.0,0.0,BG
2018-08-23 00:00:00-04:00,52.34920736523119,52.46596468602559,52.124031168814106,52.290828704833984,1110200,0.0,0.0,BG
2018-08-24 00:00:00-04:00,52.532679477169694,53.750292772955866,52.35754033290228,53.52511978149414,1424900,0.0,0.0,BG
2018-08-27 00:00:00-04:00,53.508451400309134,54.20065373614377,53.508451400309134,53.958797454833984,1163500,0.0,0.0,BG
2018-08-28 00:00:00-04:00,53.70860640479128,54.13394030776328,53.68358788628655,54.0004997253418,1300800,0.0,0.0,BG
2018-08-29 00:00:00-04:00,53.86706050203115,54.58428774364992,53.83370671838141,54.47587203979492,1566500,0.0,0.0,BG
2018-08-30 00:00:00-04:00,54.46752273288765,54.584280047591655,53.63353827768963,53.925437927246094,1443000,0.0,0.0,BG
2018-08-31 00:00:00-04:00,53.76698028283827,54.40914553088713,53.76698028283827,54.19231414794922,1752400,0.0,0.0,BG
2018-09-04 00:00:00-04:00,53.99215502948082,54.183974265109946,52.99971461461795,53.13315200805664,1196000,0.0,0.0,BG
2018-09-05 00:00:00-04:00,53.04976128953744,53.50845536789468,52.98304099399501,53.366676330566406,992100,0.0,0.0,BG
2018-09-06 00:00:00-04:00,53.20821340915936,53.58350709121412,52.499327817477045,52.78288269042969,984500,0.0,0.0,BG
2018-09-07 00:00:00-04:00,52.757861653512585,53.17485393183481,51.99893583422208,53.12481689453125,1435700,0.0,0.0,BG
2018-09-10 00:00:00-04:00,53.38336163805006,53.72529205133142,52.44095805021399,52.50767517089844,1232300,0.0,0.0,BG
2018-09-11 00:00:00-04:00,52.19908641195959,53.21654845041503,51.69869701874442,52.75785446166992,1684000,0.0,0.0,BG
2018-09-12 00:00:00-04:00,52.85794284214629,53.758644521796,52.85794284214629,53.04975891113281,1036700,0.0,0.0,BG
2018-09-13 00:00:00-04:00,53.19986638830902,53.75863441710248,52.941330075366906,53.10812759399414,770800,0.0,0.0,BG
2018-09-14 00:00:00-04:00,53.75863464700605,53.84203181597729,53.23322675597069,53.65021896362305,1137300,0.0,0.0,BG
2018-09-17 00:00:00-04:00,53.44172491765385,54.35076491119784,53.14982845221844,53.88373565673828,1294200,0.0,0.0,BG
2018-09-18 00:00:00-04:00,53.75029851572029,54.20899253614485,53.441728322704485,54.04219818115234,576700,0.0,0.0,BG
2018-09-19 00:00:00-04:00,54.50922196109492,54.58427750442349,54.25068882812386,54.409141540527344,1040900,0.0,0.0,BG
2018-09-20 00:00:00-04:00,54.41747901426563,55.37656229244017,54.41747901426563,55.19308471679688,1593300,0.0,0.0,BG
2018-09-21 00:00:00-04:00,55.10968429039101,55.86860669775776,54.817791056788415,55.65177536010742,2484000,0.0,0.0,BG
2018-09-24 00:00:00-04:00,55.70183542777963,56.127169380028775,55.12638398431301,55.234806060791016,1312300,0.0,0.0,BG
2018-09-25 00:00:00-04:00,56.05208323320489,56.41903835602104,55.35153948542331,55.5683708190918,2088600,0.0,0.0,BG
2018-09-26 00:00:00-04:00,55.62676306822745,56.67758530967284,55.384913164821846,56.21055603027344,2001200,0.0,0.0,BG
2018-09-27 00:00:00-04:00,56.1354931376508,57.59496597309954,55.90197850202645,57.16129684448242,2786600,0.0,0.0,BG
2018-09-28 00:00:00-04:00,56.986162065590335,57.670029096920494,56.42739398105893,57.30307388305664,2322700,0.0,0.0,BG
2018-10-01 00:00:00-04:00,57.453180078438606,57.453180078438606,56.25224060518414,56.38568115234375,1161600,0.0,0.0,BG
2018-10-02 00:00:00-04:00,56.28561149261379,57.661687174751215,56.28561149261379,57.59496688842773,1149100,0.0,0.0,BG
2018-10-03 00:00:00-04:00,57.80345535538186,58.42894364052986,57.36144465192462,57.3864631652832,1406600,0.0,0.0,BG
2018-10-04 00:00:00-04:00,57.31975185847828,57.52824796301359,56.56916460959192,57.03619384765625,1327500,0.0,0.0,BG
2018-10-05 00:00:00-04:00,57.16964515895636,57.82848737391688,57.06956471935354,57.48655700683594,2269900,0.0,0.0,BG
2018-10-08 00:00:00-04:00,57.8451614469962,60.33877314875431,57.54492653864045,59.02107620239258,2521300,0.0,0.0,BG
2018-10-09 00:00:00-04:00,58.80423375063203,59.12114548850739,58.17040391208615,58.3038444519043,1718500,0.0,0.0,BG
2018-10-10 00:00:00-04:00,58.145399005516026,58.328876609295605,56.22723215501617,56.25225067138672,1746200,0.0,0.0,BG
2018-10-11 00:00:00-04:00,56.24392847228509,56.377362711521386,54.81781544273242,55.551719665527344,1875200,0.0,0.0,BG
2018-10-12 00:00:00-04:00,56.08545746399649,56.3523322487185,55.38491354014999,56.05209732055664,1050700,0.0,0.0,BG
2018-10-15 00:00:00-04:00,56.06876574742075,57.21132013482544,55.9937038538305,56.72760772705078,915800,0.0,0.0,BG
2018-10-16 00:00:00-04:00,57.12794047497445,57.78678901917038,56.502452075613405,57.36979675292969,979200,0.0,0.0,BG
2018-10-17 00:00:00-04:00,57.144612363473705,57.26137604157271,56.32731115635598,57.2280158996582,800400,0.0,0.0,BG
2018-10-18 00:00:00-04:00,57.1362755595423,57.1362755595423,55.70182130987775,56.13549041748047,1618300,0.0,0.0,BG
2018-10-19 00:00:00-04:00,56.37734864713575,56.71094370620212,56.04375358806937,56.235572814941406,995000,0.0,0.0,BG
2018-10-22 00:00:00-04:00,56.36901103832243,56.59419042342934,55.27649334574267,55.74352264404297,702800,0.0,0.0,BG
2018-10-23 00:00:00-04:00,55.16807547315221,56.085457142704,54.48420844354486,55.79356384277344,1281300,0.0,0.0,BG
2018-10-24 00:00:00-04:00,55.66846003157296,56.31062523530311,54.66768127275303,54.74273681640625,634900,0.0,0.0,BG
2018-10-25 00:00:00-04:00,54.72606273082463,55.5350223148627,54.45918795728301,55.1430549621582,853700,0.0,0.0,BG
2018-10-26 00:00:00-04:00,54.69271120646023,55.10970350349735,53.85872661238599,54.40081787109375,1317000,0.0,0.0,BG
2018-10-29 00:00:00-04:00,54.450845355649456,55.69348040118011,54.35910655737575,54.85115432739258,964100,0.0,0.0,BG
2018-10-30 00:00:00-04:00,54.7594106869239,57.79511294645539,54.28403354070754,56.72760772705078,2525700,0.0,0.0,BG
2018-10-31 00:00:00-04:00,57.01117646354214,57.33642988404246,51.14826690581037,51.54023742675781,7275400,0.0,0.0,BG
2018-11-01 00:00:00-04:00,51.55691526552035,52.866270516774456,51.08988285701393,52.182403564453125,2532600,0.0,0.0,BG
2018-11-02 00:00:00-04:00,52.32418108731508,53.16650390625,51.79877004027367,52.1240234375,1811200,0.0,0.0,BG
2018-11-05 00:00:00-05:00,52.124034973882864,52.77454191230936,51.61530388351399,51.7070426940918,1982400,0.0,0.0,BG
2018-11-06 00:00:00-05:00,52.59939305985945,53.06642544435798,51.932206211574304,52.81623077392578,1801100,0.0,0.0,BG
2018-11-07 00:00:00-05:00,52.99971412163203,53.52512524527148,52.27414850039552,52.33252716064453,2156000,0.0,0.0,BG
2018-11-08 00:00:00-05:00,52.76619016588872,52.87460902209714,52.04062467273534,52.10734176635742,1672500,0.0,0.0,BG
2018-11-09 00:00:00-05:00,52.023955304707385,52.958017077326936,51.87383783643301,52.76620101928711,957700,0.0,0.0,BG
2018-11-12 00:00:00-05:00,53.00806679029007,53.1748611792331,51.615310736542696,51.782108306884766,777800,0.0,0.0,BG
2018-11-13 00:00:00-05:00,52.01561452221691,52.52434559724893,51.29838731357494,51.48186492919922,1110900,0.0,0.0,BG
2018-11-14 00:00:00-05:00,51.306730093041146,51.42348742146176,49.67212113235549,50.11413192749024,1627400,0.0,0.0,BG
2018-11-15 00:00:00-05:00,50.03907462850013,50.255909218741536,49.06331420031575,49.21342849731445,1933600,0.0,0.0,BG
2018-11-16 00:00:00-05:00,49.02838195778385,49.81902548130803,48.860159044021096,49.12931442260742,1791700,0.5,0.0,BG
2018-11-19 00:00:00-05:00,49.15454673666701,49.47416995195773,48.876981656255886,49.12931442260742,1119100,0.0,0.0,BG
2018-11-20 00:00:00-05:00,49.1797834437206,49.50781636873621,48.64147267358368,48.8096923828125,1304400,0.0,0.0,BG
2018-11-21 00:00:00-05:00,48.96109791778971,49.54987658873712,48.93586560042724,48.97792053222656,1161100,0.0,0.0,BG
2018-11-23 00:00:00-05:00,48.99474215504599,48.99474215504599,48.07793054259956,48.372318267822266,496400,0.0,0.0,BG
2018-11-26 00:00:00-05:00,48.38073017633429,49.33959669985364,48.3723172651677,49.179786682128906,1122300,0.0,0.0,BG
2018-11-27 00:00:00-05:00,49.17137044742668,49.617161660145065,48.61623706561714,49.03679275512695,876200,0.0,0.0,BG
2018-11-28 00:00:00-05:00,49.14614245464861,49.41529786291724,48.47325393397706,49.31436538696289,655800,0.0,0.0,BG
2018-11-29 00:00:00-05:00,49.20501342449644,49.49940111026878,48.59941223252463,48.75081253051758,1003100,0.0,0.0,BG
2018-11-30 00:00:00-05:00,48.64147038439793,48.927445160062376,47.775123521432505,48.00222396850586,2157900,0.0,0.0,BG
2018-12-03 00:00:00-05:00,50.130234444660665,50.130234444660665,48.43119236602176,49.90313720703125,1785600,0.0,0.0,BG
2018-12-04 00:00:00-05:00,49.88632339197566,50.03772371614926,48.2629779672364,48.81811141967773,2740500,0.0,0.0,BG
2018-12-06 00:00:00-05:00,48.68352406890303,49.36482218417336,47.21998896126057,49.34799957275391,1629800,0.0,0.0,BG
2018-12-07 00:00:00-05:00,49.146129025392064,50.3909732506252,48.47324068858831,50.0208854675293,2157600,0.0,0.0,BG
2018-12-10 00:00:00-05:00,51.66946945089533,52.92272354045216,49.76855604121267,50.16387939453125,3670400,0.0,0.0,BG
2018-12-11 00:00:00-05:00,50.46668615226429,50.87041925645215,48.94427329824687,49.179786682128906,1685700,0.0,0.0,BG
2018-12-12 00:00:00-05:00,49.52464204210428,51.01340966260243,49.23025111558928,50.15547561645508,1717000,0.0,0.0,BG
2018-12-13 00:00:00-05:00,50.256406566909455,50.56761688908724,49.398472546762086,49.69286346435547,1185400,0.0,0.0,BG
2018-12-14 00:00:00-05:00,49.39846522420736,50.63489983592948,49.05360972680944,49.48257827758789,918400,0.0,0.0,BG
2018-12-17 00:00:00-05:00,49.29754156568452,49.54987435368408,48.49848506319801,48.69194030761719,1040400,0.0,0.0,BG
2018-12-18 00:00:00-05:00,48.78445610639721,49.19660206114246,47.70783465355496,47.7667121887207,1292500,0.0,0.0,BG
2018-12-19 00:00:00-05:00,48.08633438075999,48.60782572839008,47.40503624016821,47.581668853759766,1567700,0.0,0.0,BG
2018-12-20 00:00:00-05:00,47.21999487945647,47.29569503603919,45.12562922831015,45.63029479980469,1795500,0.0,0.0,BG
2018-12-21 00:00:00-05:00,45.74804762431755,46.53869437811421,44.81441347548082,44.873291015625,1730800,0.0,0.0,BG
2018-12-24 00:00:00-05:00,44.60413730416658,44.60413730416658,43.27518293712573,43.78826141357422,764500,0.0,0.0,BG
2018-12-26 00:00:00-05:00,43.88078609004913,45.1003984255318,43.00603255511492,44.99946594238281,1505400,0.0,0.0,BG
2018-12-27 00:00:00-05:00,44.553667207742095,44.83964518206508,43.56115560324382,44.82282257080078,1055400,0.0,0.0,BG
2018-12-28 00:00:00-05:00,44.84805474577764,45.28543301155205,44.250866486360366,44.57889938354492,930600,0.0,0.0,BG
2018-12-31 00:00:00-05:00,44.62094937782411,44.96580484812374,43.75460585188266,44.94898223876953,1212400,0.0,0.0,BG
2019-01-02 00:00:00-05:00,44.72188771885405,45.9414997847861,44.41067742625128,44.94057846069336,1171500,0.0,0.0,BG
2019-01-03 00:00:00-05:00,44.898523332802064,45.44524376775516,43.973298952090175,44.92375564575195,1257400,0.0,0.0,BG
2019-01-04 00:00:00-05:00,45.37795471787639,46.23588861834092,45.02468630776279,46.16859817504883,1011600,0.0,0.0,BG
2019-01-07 00:00:00-05:00,46.0592518806821,47.37138662116777,46.05084217973255,46.55550765991211,2636400,0.0,0.0,BG
2019-01-08 00:00:00-05:00,46.69008799711562,47.20316641608146,46.32841308113738,46.8751335144043,1247000,0.0,0.0,BG
2019-01-09 00:00:00-05:00,46.95925123696789,48.22932804554208,46.84990585601714,47.98540496826172,2340500,0.0,0.0,BG
2019-01-10 00:00:00-05:00,48.010645535355295,48.22933311164277,47.18635344909262,47.66578674316406,1235000,0.0,0.0,BG
2019-01-11 00:00:00-05:00,47.39662762512427,47.640550708999896,46.82467159811232,46.866729736328125,1089100,0.0,0.0,BG
2019-01-14 00:00:00-05:00,46.68168051114145,46.81625820048782,45.79851422426933,45.89103698730469,1228000,0.0,0.0,BG
2019-01-15 00:00:00-05:00,45.96674167368283,45.96674167368283,44.51161605277844,44.77236175537109,2250600,0.0,0.0,BG
2019-01-16 00:00:00-05:00,44.873280738808845,45.470472122708784,43.50227180819768,44.04899215698242,4166500,0.0,0.0,BG
2019-01-17 00:00:00-05:00,44.44432891618146,44.44432891618146,43.098551886585,44.023773193359375,2446700,0.0,0.0,BG
2019-01-18 00:00:00-05:00,44.18357415465778,45.226553545208056,44.01535446688488,44.604129791259766,2104300,0.0,0.0,BG
2019-01-22 00:00:00-05:00,43.77984517437824,44.65460174940965,43.06490180951872,43.645267486572266,2453900,0.0,0.0,BG
2019-01-23 00:00:00-05:00,43.6705008527018,44.30133438110352,43.1153674760517,44.30133438110352,2112700,0.0,0.0,BG
2019-01-24 00:00:00-05:00,44.05741752132984,45.27702973431922,44.01536259162375,44.65460586547852,2129500,0.0,0.0,BG
2019-01-25 00:00:00-05:00,44.66300936808248,45.041510100066574,44.620954444214256,44.82282257080078,1243200,0.0,0.0,BG
2019-01-28 00:00:00-05:00,44.63777732955838,45.436833722301074,44.284512116594165,45.36113357543945,1531700,0.0,0.0,BG
2019-01-29 00:00:00-05:00,45.30226205288636,45.5125399100137,44.94058388194051,45.17609405517578,910400,0.0,0.0,BG
2019-01-30 00:00:00-05:00,45.36114039685822,45.99197397937497,45.1760948525726,45.76487350463867,943400,0.0,0.0,BG
2019-01-31 00:00:00-05:00,45.78169273888617,46.35364873483251,45.71440228826412,46.32000350952149,1118400,0.0,0.0,BG
2019-02-01 00:00:00-05:00,46.47140875328667,46.54710891398839,45.77328469252796,46.22748565673828,656800,0.0,0.0,BG
2019-02-04 00:00:00-05:00,46.227482325000544,46.227482325000544,45.06675088934535,45.51253890991211,966400,0.0,0.0,BG
2019-02-05 00:00:00-05:00,45.39477940866985,45.94991275692583,45.11721113024931,45.41160202026367,962400,0.0,0.0,BG
2019-02-06 00:00:00-05:00,45.2938411704821,45.63869666713602,45.117208571641406,45.61346435546875,448500,0.0,0.0,BG
2019-02-07 00:00:00-05:00,45.25179381007228,45.43683934944776,44.67142808464752,45.091983795166016,772600,0.0,0.0,BG
2019-02-08 00:00:00-05:00,45.04150803835602,45.41159905206009,44.44431980444156,44.604129791259766,644000,0.0,0.0,BG
2019-02-11 00:00:00-05:00,44.41909659955951,44.5704969164623,44.023773193359375,44.023773193359375,1121600,0.0,0.0,BG
2019-02-12 00:00:00-05:00,44.377030915846106,44.65459918584021,43.99853339652322,44.318153381347656,1391300,0.0,0.0,BG
2019-02-13 00:00:00-05:00,44.3181488673371,45.04991793628656,44.19198410994161,44.72188186645508,1024600,0.0,0.0,BG
2019-02-14 00:00:00-05:00,44.7218880659574,44.76394619950414,44.27610008591093,44.50320053100586,659400,0.0,0.0,BG
2019-02-15 00:00:00-05:00,44.77492462015508,45.18250936333577,44.37582980864256,44.41828918457031,1135700,0.5,0.0,BG
2019-02-19 00:00:00-05:00,44.53716912602204,44.93626071144801,44.26544595497622,44.70699691772461,1103700,0.0,0.0,BG
2019-02-20 00:00:00-05:00,44.80040057000697,45.2504447184047,44.64755911566329,44.749454498291016,2009400,0.0,0.0,BG
2019-02-21 00:00:00-05:00,43.688033037244125,45.85332845535217,41.51424444806513,45.41177749633789,5792300,0.0,0.0,BG
2019-02-22 00:00:00-05:00,45.09759689500893,45.853327138840754,43.84936639746457,43.959754943847656,3147500,0.0,0.0,BG
2019-02-25 00:00:00-05:00,44.15505562689619,45.88729320197367,44.02768397844807,45.36931991577149,3167000,0.0,0.0,BG
2019-02-26 00:00:00-05:00,45.50517976456928,45.641041339453785,44.69001031526222,44.88531112670898,2788800,0.0,0.0,BG
2019-02-27 00:00:00-05:00,44.80888544323281,45.25892626909133,44.44375688063978,45.02965927124024,2438600,0.0,0.0,BG
2019-02-28 00:00:00-05:00,45.08061441294952,45.29289833781005,44.774925042879055,45.07212448120117,2491500,0.0,0.0,BG
2019-03-01 00:00:00-05:00,45.12306700791628,45.420266422908206,44.4013030157273,45.004188537597656,1348500,0.0,0.0,BG
2019-03-04 00:00:00-05:00,45.01268573816421,45.30988520115343,44.44376632713246,44.84286117553711,1546100,0.0,0.0,BG
2019-03-05 00:00:00-05:00,44.876822610079074,44.94475502416383,44.316393150663,44.32488632202149,2270400,0.0,0.0,BG
2019-03-06 00:00:00-05:00,44.30789603490799,44.37582519878367,43.28044273242438,43.322898864746094,2341600,0.0,0.0,BG
2019-03-07 00:00:00-05:00,43.2549735609554,43.433294528686176,42.516226371884926,42.94928741455078,4422900,0.0,0.0,BG
2019-03-08 00:00:00-05:00,42.88984130183953,43.0341960502403,42.37187126363642,42.65208435058594,1516400,0.0,0.0,BG
2019-03-11 00:00:00-04:00,42.82192303279,44.15506611600284,42.66907831402198,43.8493766784668,2452300,0.0,0.0,BG
2019-03-12 00:00:00-04:00,43.94278346575224,44.36735142194308,43.7559725284854,44.155067443847656,1600900,0.0,0.0,BG
2019-03-13 00:00:00-04:00,44.24846519503295,44.63906686919589,44.03618125396232,44.17204284667969,2207500,0.0,0.0,BG
2019-03-14 00:00:00-04:00,44.197509765625,44.52867214958718,43.68802967325171,44.197509765625,1783300,0.0,0.0,BG
2019-03-15 00:00:00-04:00,44.23996621661097,44.93625719279352,44.10410464172647,44.88531112670898,3472200,0.0,0.0,BG
2019-03-18 00:00:00-04:00,44.96173418736965,45.3353527145056,44.21449389390224,44.34186553955078,2890000,0.0,0.0,BG
2019-03-19 00:00:00-04:00,44.367337542814575,44.9702230746019,44.104104326210965,44.197509765625,1586000,0.0,0.0,BG
2019-03-20 00:00:00-04:00,44.10411275005497,44.34187297921053,43.56066635060694,43.65407180786133,1151600,0.0,0.0,BG
2019-03-21 00:00:00-04:00,43.69652572667725,44.60510073686474,43.63708648221233,44.401309967041016,1346200,0.0,0.0,BG
2019-03-22 00:00:00-04:00,44.37583979628312,44.45226215527955,43.688041804511535,43.90032577514648,2028200,0.0,0.0,BG
2019-03-25 00:00:00-04:00,43.80691420180399,44.23148208387645,43.37385638733628,43.67954254150391,2451900,0.0,0.0,BG
2019-03-26 00:00:00-04:00,43.86634688927845,44.13807003405359,43.3568668026239,43.806907653808594,1360300,0.0,0.0,BG
2019-03-27 00:00:00-04:00,43.80691012104826,44.06165017872269,43.42479841493881,43.99372100830078,1311900,0.0,0.0,BG
2019-03-28 00:00:00-04:00,44.01070700486896,44.37583239338926,43.84936914101556,44.32488632202149,886600,0.0,0.0,BG
2019-03-29 00:00:00-04:00,44.51168590855421,45.19099696940092,44.47772294686804,45.06362533569336,1248900,0.0,0.0,BG
2019-04-01 00:00:00-04:00,45.27591899294964,45.42876369067075,44.72397944682388,44.84286117553711,1029700,0.0,0.0,BG
2019-04-02 00:00:00-04:00,44.9107889617063,45.25893448702202,44.23997094684077,44.29092025756836,1052500,0.0,0.0,BG
2019-04-03 00:00:00-04:00,44.28242641028086,44.47772722534266,43.85785857600855,44.061649322509766,1278600,0.0,0.0,BG
2019-04-04 00:00:00-04:00,44.112599190598985,45.38630270963921,44.112599190598985,45.19100189208984,1455500,0.0,0.0,BG
2019-04-05 00:00:00-04:00,44.83437985392121,45.27593095968762,44.47774429110802,45.21649169921875,2122800,0.0,0.0,BG
2019-04-08 00:00:00-04:00,45.24195114213199,45.57311356210546,45.06363341433023,45.4542350769043,1593000,0.0,0.0,BG
2019-04-09 00:00:00-04:00,45.68350151571404,45.81936310261774,44.67303116556747,45.097599029541016,1884700,0.0,0.0,BG
2019-04-10 00:00:00-04:00,45.10608996574855,45.47971176744829,44.75794443910748,44.995704650878906,931500,0.0,0.0,BG
2019-04-11 00:00:00-04:00,45.02117559639776,45.42876034725847,44.80889166954141,44.9702262878418,746800,0.0,0.0,BG
2019-04-12 00:00:00-04:00,44.94475388259077,45.36932174224933,44.62208140227547,44.70699691772461,1105500,0.0,0.0,BG
2019-04-15 00:00:00-04:00,44.70700355127816,44.85984826256976,44.23997624500042,44.56264877319336,2205300,0.0,0.0,BG
2019-04-16 00:00:00-04:00,44.57113600936857,44.95324449751006,43.90880793558542,43.93428421020508,1386000,0.0,0.0,BG
2019-04-17 00:00:00-04:00,44.14657103851436,44.37583485075671,43.69652686827056,43.77294921875,992800,0.0,0.0,BG
2019-04-18 00:00:00-04:00,43.99372962413214,44.03618576886,43.2210161289789,43.416316986083984,1253300,0.0,0.0,BG
2019-04-22 00:00:00-04:00,43.416304349443344,43.66255121287136,43.1360880452454,43.569149017333984,1290100,0.0,0.0,BG
2019-04-23 00:00:00-04:00,43.71350072183868,44.13806852594262,43.5181999206543,43.5181999206543,992900,0.0,0.0,BG
2019-04-24 00:00:00-04:00,43.48424018624885,43.662557913086495,43.271956252624285,43.40781784057617,1783000,0.0,0.0,BG
2019-04-25 00:00:00-04:00,43.27195470711534,43.28044787810661,41.200064755050064,41.26799392700195,3155400,0.0,0.0,BG
2019-04-26 00:00:00-04:00,41.26798988183172,41.65859472925092,40.13014802020911,41.58217239379883,2298300,0.0,0.0,BG
2019-04-29 00:00:00-04:00,41.73502578105769,42.82191856631122,41.69256639978697,42.558685302734375,2056700,0.0,0.0,BG
2019-04-30 00:00:00-04:00,42.70304113044088,44.5371743705798,42.70304113044088,44.50320816040039,2208300,0.0,0.0,BG
2019-05-01 00:00:00-04:00,44.39281563982775,45.02966744754156,44.28243032537833,44.29092025756836,1423700,0.0,0.0,BG
2019-05-02 00:00:00-04:00,44.03618576886,44.38433133834231,43.19553985078522,43.416316986083984,1355600,0.0,0.0,BG
2019-05-03 00:00:00-04:00,43.41630547299193,43.721994816684,43.09363302807304,43.43328857421875,813600,0.0,0.0,BG
2019-05-06 00:00:00-04:00,43.06816345211277,43.246481170511615,42.62661250236639,43.00872421264648,1049200,0.0,0.0,BG
2019-05-07 00:00:00-04:00,42.71153493421156,42.90683580164858,42.151105372245546,42.43981170654297,1440400,0.0,0.0,BG
2019-05-08 00:00:00-04:00,43.51819806588277,45.67500319621335,43.51819806588277,45.37780380249024,2826500,0.0,0.0,BG
2019-05-09 00:00:00-04:00,45.072117590490016,45.95521612111135,45.0381513902982,45.148536682128906,1512300,0.0,0.0,BG
2019-05-10 00:00:00-04:00,44.868332803820415,45.71746854708788,43.98523085341527,45.6495361328125,1683000,0.0,0.0,BG
2019-05-13 00:00:00-04:00,44.99570434515008,45.47121828707037,44.3418694358139,44.571136474609375,1073000,0.0,0.0,BG
2019-05-14 00:00:00-04:00,44.5711353322017,45.23346015672642,44.56264216105893,44.70699691772461,930700,0.0,0.0,BG
2019-05-15 00:00:00-04:00,44.571134658147926,45.55613194809175,44.48621914398298,45.23345947265625,998200,0.0,0.0,BG
2019-05-16 00:00:00-04:00,45.30138475511451,45.6580234055942,45.07212098454339,45.25043869018555,713500,0.0,0.0,BG
2019-05-17 00:00:00-04:00,45.03614267456512,45.66188235792334,44.57326566938224,44.770416259765625,1583400,0.5,0.0,BG
2019-05-20 00:00:00-04:00,44.5989919663333,44.9075767194687,44.23897860092611,44.42755889892578,1341100,0.0,0.0,BG
2019-05-21 00:00:00-04:00,44.53898930971284,44.74471356644671,44.16183198722289,44.55613327026367,1917700,0.0,0.0,BG
2019-05-22 00:00:00-04:00,44.264692057064806,44.564706459019234,43.03892668335717,44.4875602722168,1447200,0.0,0.0,BG
2019-05-23 00:00:00-04:00,44.23040703826909,44.23040703826909,43.28751204426533,44.076114654541016,1396600,0.0,0.0,BG
2019-05-24 00:00:00-04:00,44.358978884386296,44.358978884386296,43.167501520623496,43.33036422729492,1073100,0.0,0.0,BG
2019-05-28 00:00:00-04:00,43.30464907661972,43.83609871893702,43.261790814636605,43.39036560058594,2009400,0.0,0.0,BG
2019-05-29 00:00:00-04:00,43.8189491481273,45.27615275805459,43.43321829992959,44.410404205322266,1799000,0.0,0.0,BG
2019-05-30 00:00:00-04:00,44.71898498585084,44.93327953518662,43.79323423305543,43.87038040161133,1267800,0.0,0.0,BG
2019-05-31 00:00:00-04:00,43.57037782533017,44.881859676301325,43.57037782533017,44.82185745239258,1756800,0.0,0.0,BG
2019-06-03 00:00:00-04:00,44.82185353298016,46.84479481894044,44.496124867475785,46.80193328857422,1952500,0.0,0.0,BG
2019-06-04 00:00:00-04:00,46.990509873868994,47.359096770961536,46.60477901994943,46.93050765991211,1156900,0.0,0.0,BG
2019-06-05 00:00:00-04:00,46.78478962822934,47.15337326093395,45.987613608218986,46.74192810058594,922100,0.0,0.0,BG
2019-06-06 00:00:00-04:00,46.86193901685954,47.35053368664618,46.39049157640415,47.23052597045898,1095300,0.0,0.0,BG
2019-06-07 00:00:00-04:00,47.44482096520518,47.47910888440949,46.88765699257698,47.27338790893555,2378800,0.0,0.0,BG
2019-06-10 00:00:00-04:00,47.33338936589285,48.44772056297512,47.204811305897394,48.3448600769043,2316800,0.0,0.0,BG
2019-06-11 00:00:00-04:00,48.41343265794792,48.559154677308825,47.77912251214418,48.17342376708984,1423700,0.0,0.0,BG
2019-06-12 00:00:00-04:00,48.2848494746834,49.14202767289294,48.20770330604952,48.94487380981445,1713200,0.0,0.0,BG
2019-06-13 00:00:00-04:00,49.20204134170553,49.67348880652065,48.84202471429371,49.28775787353516,621700,0.0,0.0,BG
2019-06-14 00:00:00-04:00,49.27918131312533,49.79348697899013,49.09917138718454,49.596336364746094,1059100,0.0,0.0,BG
2019-06-17 00:00:00-04:00,49.69063021140987,49.80206104308258,49.09917505462366,49.29632568359375,1182700,0.0,0.0,BG
2019-06-18 00:00:00-04:00,49.47633094964598,49.827773910679554,49.37346720260521,49.699195861816406,2046000,0.0,0.0,BG
2019-06-19 00:00:00-04:00,49.83634552093365,49.87920378168513,48.996311184676976,49.167747497558594,3198500,0.0,0.0,BG
2019-06-20 00:00:00-04:00,49.4591804669231,49.57918488609685,49.013447431509775,49.38203430175781,1328000,0.0,0.0,BG
2019-06-21 00:00:00-04:00,49.27918357559496,49.562050723844685,48.67915809128766,49.33061218261719,2591800,0.0,0.0,BG
2019-06-24 00:00:00-04:00,49.31346708134407,49.3906132599662,48.824875706695785,49.27918243408203,982500,0.0,0.0,BG
2019-06-25 00:00:00-04:00,49.21059805509393,49.27060026472865,47.78768243970229,47.89911651611328,1934700,0.0,0.0,BG
2019-06-26 00:00:00-04:00,47.88197649792503,48.20770514120952,47.62482368264801,47.6848258972168,651700,0.0,0.0,BG
2019-06-27 00:00:00-04:00,47.410535909801816,47.67625910666937,47.024804996747065,47.23052597045898,1082500,0.0,0.0,BG
2019-06-28 00:00:00-04:00,47.37625300108075,48.216287483971904,47.17910235130921,47.75341033935547,1590500,0.0,0.0,BG
2019-07-01 00:00:00-04:00,48.24199477556705,48.696301508422,48.0619881132405,48.25056838989258,861800,0.0,0.0,BG
2019-07-02 00:00:00-04:00,48.47342850190293,48.98773740447413,48.26770755677482,48.353424072265625,783600,0.0,0.0,BG
2019-07-03 00:00:00-04:00,48.66201161000243,48.93630839948931,48.5077192571816,48.627723693847656,373900,0.0,0.0,BG
2019-07-05 00:00:00-04:00,48.49057627992902,48.713444469567385,48.02769921210387,48.524864196777344,434000,0.0,0.0,BG
2019-07-08 00:00:00-04:00,48.50772163767876,49.06488885797181,48.24199517925232,48.83345031738281,633300,0.0,0.0,BG
2019-07-09 00:00:00-04:00,48.74772574729726,49.28774895576909,48.48200258477778,49.10774230957031,738000,0.0,0.0,BG
2019-07-10 00:00:00-04:00,49.24489425233401,49.57062292364118,49.0134557177112,49.02202606201172,1214700,0.0,0.0,BG
2019-07-11 00:00:00-04:00,49.20204187083113,49.510623350661966,48.40486569071353,48.47343826293945,506600,0.0,0.0,BG
2019-07-12 00:00:00-04:00,48.55914817164648,49.227746146534045,48.52486025758161,48.73915481567383,789800,0.0,0.0,BG
2019-07-15 00:00:00-04:00,48.85916974502933,48.91060162717952,48.39629261530615,48.67058944702149,633100,0.0,0.0,BG
2019-07-16 00:00:00-04:00,48.4991549089616,48.55058351967615,47.53911275719322,47.86484146118164,685200,0.0,0.0,BG
2019-07-17 00:00:00-04:00,47.9505585863457,47.97627616189765,47.24767255894632,47.719120025634766,666400,0.0,0.0,BG
2019-07-18 00:00:00-04:00,47.66768574951335,48.16484746279555,47.3933889553144,47.85626602172852,610700,0.0,0.0,BG
2019-07-19 00:00:00-04:00,47.98483526534854,48.1819858590528,47.479099996324464,47.633392333984375,671100,0.0,0.0,BG
2019-07-22 00:00:00-04:00,48.90201847124048,49.06488443133664,48.036269878145774,48.29342269897461,1312800,0.0,0.0,BG
2019-07-23 00:00:00-04:00,48.49915129315731,49.01345698121565,48.46486337531987,48.83345031738281,863900,0.0,0.0,BG
2019-07-24 00:00:00-04:00,48.59343029033488,48.91915891727139,48.17341480943346,48.74772262573242,791400,0.0,0.0,BG
2019-07-25 00:00:00-04:00,48.713443758151264,49.056313112,48.3019953017317,48.54200744628906,1016300,0.0,0.0,BG
2019-07-26 00:00:00-04:00,48.73058417135409,48.902020482248496,48.31056864303223,48.79916000366211,974600,0.0,0.0,BG
2019-07-29 00:00:00-04:00,48.78202029543164,49.07346106837949,47.881983672170165,48.49915313720703,1061800,0.0,0.0,BG
2019-07-30 00:00:00-04:00,48.38771212059216,48.67915285189471,48.04483951792724,48.31056594848633,1476000,0.0,0.0,BG
2019-07-31 00:00:00-04:00,49.896338738692485,50.89066525017916,49.630615608044174,50.08491897583008,2253700,0.0,0.0,BG
2019-08-01 00:00:00-04:00,50.35065533530855,51.13068746610481,49.53633528736447,49.64776611328125,1750900,0.0,0.0,BG
2019-08-02 00:00:00-04:00,49.54490535098816,49.630625143372015,48.422003864703406,49.02202606201172,898200,0.0,0.0,BG
2019-08-05 00:00:00-04:00,48.516289581138416,48.56772145534922,47.29052437305725,47.40195846557617,1268500,0.0,0.0,BG
2019-08-06 00:00:00-04:00,47.65053227732456,48.34484773832,47.14479705089271,48.06197738647461,1271000,0.0,0.0,BG
2019-08-07 00:00:00-04:00,47.65055115015036,48.28486465499279,47.0419552228548,48.23343276977539,879500,0.0,0.0,BG
2019-08-08 00:00:00-04:00,48.46486308470048,49.8192031323999,48.2334245454993,49.802059173583984,1587600,0.0,0.0,BG
2019-08-09 00:00:00-04:00,49.46776029865181,49.57062405185359,48.74773037561844,49.04774475097656,693300,0.0,0.0,BG
2019-08-12 00:00:00-04:00,48.56771631538273,48.70486469555468,45.653309149384526,45.73902893066406,1461000,0.0,0.0,BG
2019-08-13 00:00:00-04:00,45.68761382974571,47.16196191010244,45.59332367067036,45.83333587646485,1400500,0.0,0.0,BG
2019-08-14 00:00:00-04:00,45.41330100352668,46.03047035877801,44.85613713103622,45.72188568115234,1182900,0.0,0.0,BG
2019-08-15 00:00:00-04:00,45.8590383234611,46.26191316443863,45.43901952437009,46.13333511352539,902200,0.0,0.0,BG
2019-08-16 00:00:00-04:00,46.35620262042789,47.07622923139806,45.927613483492905,47.03337097167969,824500,0.0,0.0,BG
2019-08-19 00:00:00-04:00,47.388060968874335,47.66488034430817,45.8569019422856,47.5870246887207,775300,0.5,0.0,BG
2019-08-20 00:00:00-04:00,47.39670060830132,47.39670060830132,46.60084264427283,46.62679672241211,951400,0.0,0.0,BG
2019-08-21 00:00:00-04:00,46.7738506421553,47.42264642872112,46.176959706495325,47.31884002685547,918500,0.0,0.0,BG
2019-08-22 00:00:00-04:00,47.223685492857776,47.66486520105801,46.903613810440106,47.49185562133789,775000,0.0,0.0,BG
2019-08-23 00:00:00-04:00,47.10258385938059,47.197741121108194,45.86554605681498,46.03855895996094,873200,0.0,0.0,BG
2019-08-26 00:00:00-04:00,46.3845745143114,46.49703337949324,45.79633271174723,46.2894172668457,844000,0.0,0.0,BG
2019-08-27 00:00:00-04:00,46.41052795785327,46.41052795785327,44.68905496795767,45.48491287231445,1119500,0.0,0.0,BG
2019-08-28 00:00:00-04:00,45.45031577730997,45.67523023504388,44.78421826409716,45.363807678222656,1004000,0.0,0.0,BG
2019-08-29 00:00:00-04:00,45.63198251096834,45.718487318972464,45.00913733350861,45.51952362060547,969900,0.0,0.0,BG
2019-08-30 00:00:00-04:00,46.168308142345616,46.6354419097087,45.986646110575336,46.202911376953125,1013500,0.0,0.0,BG
2019-09-03 00:00:00-04:00,46.151011694458646,46.306722967687705,45.52816990148887,46.159664154052734,744100,0.0,0.0,BG
2019-09-04 00:00:00-04:00,46.670049119382426,46.87766194481847,46.39322981883678,46.62679672241211,788500,0.0,0.0,BG
2019-09-05 00:00:00-04:00,46.877657804480656,48.20985263316065,46.877657804480656,47.768672943115234,707000,0.0,0.0,BG
2019-09-06 00:00:00-04:00,47.63892195412086,48.417478385708506,47.61297117305018,48.270416259765625,659400,0.0,0.0,BG
2019-09-09 00:00:00-04:00,48.26176104968161,49.403641472908646,48.20120703480944,49.39498901367188,991500,0.0,0.0,BG
2019-09-10 00:00:00-04:00,49.2998275756836,49.74965638930152,48.91054946779711,49.2998275756836,1088400,0.0,0.0,BG
2019-09-11 00:00:00-04:00,49.47283700397544,50.17353759631831,48.93650011227549,50.147586822509766,869400,0.0,0.0,BG
2019-09-12 00:00:00-04:00,49.914033106809136,50.22545567433016,49.25658473094328,49.74102020263672,812800,0.0,0.0,BG
2019-09-13 00:00:00-04:00,49.63720951481989,49.9140288177302,48.96245957652293,49.16142654418945,2088100,0.0,0.0,BG
2019-09-16 00:00:00-04:00,48.92786561329624,50.17355262850588,48.77215432390168,50.01784133911133,751200,0.0,0.0,BG
2019-09-17 00:00:00-04:00,49.78427394394967,49.81022802523959,48.93651432062338,49.01436996459961,769400,0.0,0.0,BG
2019-09-18 00:00:00-04:00,49.09221220642881,49.455536245832775,48.676983318561774,49.29117584228516,928500,0.0,0.0,BG
2019-09-19 00:00:00-04:00,49.3949904208454,49.3949904208454,48.51263095044377,48.573184967041016,683900,0.0,0.0,BG
2019-09-20 00:00:00-04:00,48.56452472283728,48.88459637353726,48.201200681493376,48.4088134765625,1698000,0.0,0.0,BG
2019-09-23 00:00:00-04:00,48.14064974693554,48.73754069578514,47.79462399980917,48.4174690246582,848200,0.0,0.0,BG
2019-09-24 00:00:00-04:00,48.599135256828816,48.71159412935543,47.85518214617744,48.05414581298828,940500,0.0,0.0,BG
2019-09-25 00:00:00-04:00,48.15794465260415,48.83269448170351,48.08874148804921,48.51262283325195,869300,0.0,0.0,BG
2019-09-26 00:00:00-04:00,48.61643392487699,49.45554093833248,48.51262751804721,48.9278564453125,1082000,0.0,0.0,BG
2019-09-27 00:00:00-04:00,49.01437084980156,49.20468538294649,48.61644346226837,48.91056442260742,532900,0.0,0.0,BG
2019-09-30 00:00:00-04:00,48.88460196603828,49.34308659916378,48.694290765443895,48.979759216308594,847400,0.0,0.0,BG
2019-10-01 00:00:00-04:00,49.196032687157945,49.45555040387587,48.40017791589676,48.78080368041992,1100600,0.0,0.0,BG
2019-10-02 00:00:00-04:00,48.70294092501812,48.83270141440608,47.95033866642837,48.32231521606445,699500,0.0,0.0,BG
2019-10-03 00:00:00-04:00,48.010903579305975,48.313673723340784,47.42266161379799,48.26177215576172,666300,0.0,0.0,BG
2019-10-04 00:00:00-04:00,48.20121314975904,48.694297790527344,48.0887542650383,48.694297790527344,638800,0.0,0.0,BG
2019-10-07 00:00:00-04:00,48.348262662251614,48.57318038836534,47.93303374474869,48.123348236083984,684400,0.0,0.0,BG
2019-10-08 00:00:00-04:00,48.14929919178711,48.14929919178711,47.059323691769706,47.076622009277344,809200,0.0,0.0,BG
2019-10-09 00:00:00-04:00,47.19774181863102,47.51781354921597,46.91227002922928,47.43130874633789,667900,0.0,0.0,BG
2019-10-10 00:00:00-04:00,47.4226500068664,48.06279668322141,47.22368634663415,47.90708541870117,830500,0.0,0.0,BG
2019-10-11 00:00:00-04:00,48.24445822509484,49.29118137022828,48.24445822509484,48.62508392333984,1086900,0.0,0.0,BG
2019-10-14 00:00:00-04:00,48.6683324049364,49.04030891419465,48.39151313757388,48.9192008972168,1161500,0.0,0.0,BG
2019-10-15 00:00:00-04:00,48.971104461830215,49.60259860517079,48.61642957858562,49.420936584472656,888500,0.0,0.0,BG
2019-10-16 00:00:00-04:00,49.25657270304777,49.42093640685182,47.777319168486514,47.92438125610352,861100,0.0,0.0,BG
2019-10-17 00:00:00-04:00,47.77731998252148,47.87247722319862,47.15447498895901,47.62160873413086,813000,0.0,0.0,BG
2019-10-18 00:00:00-04:00,47.56105606452398,48.13199622470405,46.89495866098956,47.31884002685547,982700,0.0,0.0,BG
2019-10-21 00:00:00-04:00,47.28424463197579,48.045499405069805,47.28424463197579,47.708126068115234,716000,0.0,0.0,BG
2019-10-22 00:00:00-04:00,47.76001755229946,47.96763364659821,47.33613950552724,47.92438125610352,905800,0.0,0.0,BG
2019-10-23 00:00:00-04:00,47.89843725848544,47.96764373779297,47.05933014653442,47.96764373779297,647700,0.0,0.0,BG
2019-10-24 00:00:00-04:00,47.96763792416428,47.96763792416428,46.97281635434269,47.266937255859375,462600,0.0,0.0,BG
2019-10-25 00:00:00-04:00,47.21503621837199,47.88113035854697,47.00742010329094,47.78597640991211,525400,0.0,0.0,BG
2019-10-28 00:00:00-04:00,47.88113868717668,48.31366931054755,47.46590968473426,48.03684997558594,621000,0.0,0.0,BG
2019-10-29 00:00:00-04:00,47.61296967677919,48.90190902863357,47.61296967677919,48.6077880859375,1177000,0.0,0.0,BG
2019-10-30 00:00:00-04:00,47.61296269410683,48.43477138111302,45.25134633877793,45.640621185302734,2271900,0.0,0.0,BG
2019-10-31 00:00:00-04:00,45.84824145281756,46.90361712337472,45.06968508930058,46.71330261230469,1255400,0.0,0.0,BG
2019-11-01 00:00:00-04:00,46.8430600309964,47.24963650530034,46.47108349284118,46.90361404418945,1204500,0.0,0.0,BG
2019-11-04 00:00:00-05:00,47.2150316801463,48.80674077634185,47.2150316801463,48.66833114624024,1194200,0.0,0.0,BG
2019-11-05 00:00:00-05:00,48.45207687043505,49.1008727772697,47.777330183309935,48.08875274658203,1102800,0.0,0.0,BG
2019-11-06 00:00:00-05:00,48.06280224401836,48.37422150914333,47.71677643839508,47.76002883911133,760800,0.0,0.0,BG
2019-11-07 00:00:00-05:00,48.01089613738689,48.74619683032319,47.837883239064645,47.96764373779297,691400,0.0,0.0,BG
2019-11-08 00:00:00-05:00,47.76868099052492,48.40882443686052,47.47456004762984,48.348270416259766,535100,0.0,0.0,BG
2019-11-11 00:00:00-05:00,48.20985265478705,48.3828655274114,47.751371347286685,48.2877082824707,726100,0.0,0.0,BG
2019-11-12 00:00:00-05:00,48.443422262605615,48.98841168704488,48.08009817961028,48.20120620727539,825700,0.0,0.0,BG
2019-11-13 00:00:00-05:00,48.0108947959721,48.11470121208649,47.3274956816639,47.75137710571289,694300,0.0,0.0,BG
2019-11-14 00:00:00-05:00,47.64757202086209,48.227161435303046,47.60431632132161,47.96764373779297,702900,0.0,0.0,BG
2019-11-15 00:00:00-05:00,48.351730203339045,49.0849936298825,48.1422282700256,49.05007553100586,921300,0.5,0.0,BG
2019-11-18 00:00:00-05:00,48.875495520106846,48.875495520106846,47.67084765440856,47.73195266723633,688900,0.0,0.0,BG
2019-11-19 00:00:00-05:00,47.70576482829717,48.77074026685205,47.70576482829717,48.5874252319336,1253900,0.0,0.0,BG
2019-11-20 00:00:00-05:00,48.59614690936616,48.59614690936616,47.688299710523495,48.27316284179688,1610700,0.0,0.0,BG
2019-11-21 00:00:00-05:00,48.09857724644679,48.16841344168096,47.618465059117625,47.69702911376953,616600,0.0,0.0,BG
2019-11-22 00:00:00-05:00,47.557365760823046,48.29062924891833,47.208194732666016,47.208194732666016,493700,0.0,0.0,BG
2019-11-25 00:00:00-05:00,47.19945964313831,47.67957184842618,47.01614461875129,47.03360366821289,692600,0.0,0.0,BG
2019-11-26 00:00:00-05:00,47.02487607726847,47.26929945846321,46.29161259363116,46.50984573364258,880700,0.0,0.0,BG
2019-11-27 00:00:00-05:00,46.5622181673031,47.04233036067776,46.40509005602076,46.658241271972656,701200,0.0,0.0,BG
2019-11-29 00:00:00-05:00,46.37890812455462,46.92885324308632,46.090838779632186,46.59714126586914,415500,0.0,0.0,BG
2019-12-02 00:00:00-05:00,46.48364616011611,47.2169094440098,46.37016402583056,46.73679733276367,560800,0.0,0.0,BG
2019-12-03 00:00:00-05:00,46.25668969531,46.49237851473823,45.81149230311696,46.14320755004883,764100,0.0,0.0,BG
2019-12-04 00:00:00-05:00,46.07337640424552,46.71934792111391,46.07337640424552,46.35271453857422,731300,0.0,0.0,BG
2019-12-05 00:00:00-05:00,46.44873418555946,46.83282658912125,46.08210416031191,46.71061325073242,792000,0.0,0.0,BG
2019-12-06 00:00:00-05:00,47.01614617753636,47.54863554886332,46.79791304699078,46.89393615722656,552400,0.0,0.0,BG
2019-12-09 00:00:00-05:00,46.89392778197282,47.00740659200843,46.3352516003514,46.61458969116211,653800,0.0,0.0,BG
2019-12-10 00:00:00-05:00,47.60100482916539,48.133494149707296,47.26056171077906,47.75813293457031,1110800,0.0,0.0,BG
2019-12-11 00:00:00-05:00,47.73194485391643,48.5961460824316,47.64465294415812,48.25570297241211,793900,0.0,0.0,BG
2019-12-12 00:00:00-05:00,48.39537790081556,49.00643133321939,48.25570883026383,48.82311630249024,768200,0.0,0.0,BG
2019-12-13 00:00:00-05:00,49.02389195375646,49.05881005500632,48.06366747919934,48.68344879150391,854100,0.0,0.0,BG
2019-12-16 00:00:00-05:00,48.65725967190391,49.07626687796236,48.54377751297976,48.81438446044922,778500,0.0,0.0,BG
2019-12-17 00:00:00-05:00,48.683447601597656,48.88422168391694,48.168417275657454,48.74455261230469,949200,0.0,0.0,BG
2019-12-18 00:00:00-05:00,48.59614466039657,49.05006990379729,48.29061965520994,49.00642395019531,1141000,0.0,0.0,BG
2019-12-19 00:00:00-05:00,49.13736285219565,49.163549757142505,48.65725072499154,48.86675262451172,709900,0.0,0.0,BG
2019-12-20 00:00:00-05:00,48.57869672804407,50.57770969514331,48.20333547296151,50.237266540527344,2031000,0.0,0.0,BG
2019-12-23 00:00:00-05:00,50.37694442652223,50.42059039475524,49.5389298485424,49.73097610473633,567900,0.0,0.0,BG
2019-12-24 00:00:00-05:00,49.95793227250001,50.02776847885113,49.66986624623565,49.8008041381836,177700,0.0,0.0,BG
2019-12-26 00:00:00-05:00,49.84444382602116,50.37693317749264,49.84444382602116,50.0888671875,552600,0.0,0.0,BG
2019-12-27 00:00:00-05:00,50.17616227287496,50.49914638204146,49.87936507445959,50.08013916015625,437000,0.0,0.0,BG
2019-12-30 00:00:00-05:00,49.93172654445949,50.0190184395308,49.64365729677392,49.88808059692383,445700,0.0,0.0,BG
2019-12-31 00:00:00-05:00,49.86190528544478,50.41185371288699,49.70477716331843,50.237266540527344,634000,0.0,0.0,BG
2020-01-02 00:00:00-05:00,50.56024746236964,50.7959396307234,49.84444309772777,50.24599456787109,574600,0.0,0.0,BG
2020-01-03 00:00:00-05:00,50.07141006610234,50.612627298121424,50.01903291591727,50.57770919799805,782400,0.0,0.0,BG
2020-01-06 00:00:00-05:00,50.315833435823045,50.44677465496188,49.84444904289147,50.211082458496094,1388700,0.0,0.0,BG
2020-01-07 00:00:00-05:00,50.2372664211269,50.464230743647,49.69604918507433,49.79207229614258,728600,0.0,0.0,BG
2020-01-08 00:00:00-05:00,49.765887707673706,49.87064202072125,49.00643725293444,49.22467041015625,827500,0.0,0.0,BG
2020-01-09 00:00:00-05:00,49.22465475533361,49.35559594001321,48.194594314436905,48.86675262451172,799600,0.0,0.0,BG
2020-01-10 00:00:00-05:00,48.8056583677813,49.181019627837216,48.491402119364864,48.5874252319336,673300,0.0,0.0,BG
2020-01-13 00:00:00-05:00,48.62233632762915,49.22465849699919,48.404103223223245,48.692169189453125,708700,0.0,0.0,BG
2020-01-14 00:00:00-05:00,48.74455471994028,49.02389287524293,48.29936057554341,48.53504943847656,674600,0.0,0.0,BG
2020-01-15 00:00:00-05:00,48.49139541812025,48.88421567435519,48.1771392131323,48.34299850463867,532000,0.0,0.0,BG
2020-01-16 00:00:00-05:00,48.58742740346977,49.35560900837886,48.36919425786849,49.1635627746582,692700,0.0,0.0,BG
2020-01-17 00:00:00-05:00,49.163556895845794,49.39052120491667,48.779467804306094,48.93659591674805,1316800,0.0,0.0,BG
2020-01-21 00:00:00-05:00,49.01516166322215,49.37306385835458,48.63980041833043,49.24212265014648,940300,0.0,0.0,BG
2020-01-22 00:00:00-05:00,49.30321513209175,49.31194631973956,48.17713168353792,48.77945709228516,822700,0.0,0.0,BG
2020-01-23 00:00:00-05:00,48.50886252703365,48.74455471994028,47.87162215212615,48.53504943847656,593600,0.0,0.0,BG
2020-01-24 00:00:00-05:00,48.49140068889705,48.50885973884664,47.24310692227425,47.41769409179688,802000,0.0,0.0,BG
2020-01-27 00:00:00-05:00,46.797902032073175,46.841547981914594,45.13932929831906,45.252811431884766,1383100,0.0,0.0,BG
2020-01-28 00:00:00-05:00,45.479778947068354,45.72420229548332,44.78143365868203,45.05204391479492,1444200,0.0,0.0,BG
2020-01-29 00:00:00-05:00,45.10441524199602,45.191710479461776,44.51955213585314,44.56319808959961,800700,0.0,0.0,BG
2020-01-30 00:00:00-05:00,44.51956430007613,45.82896325007837,44.441000229877055,45.80277633666992,956200,0.0,0.0,BG
2020-01-31 00:00:00-05:00,45.601989199659485,45.767845153808594,45.23535586683938,45.767845153808594,978100,0.0,0.0,BG
2020-02-03 00:00:00-05:00,45.99481237885348,46.64951175602625,45.84641545174814,46.25669479370117,887700,0.0,0.0,BG
2020-02-04 00:00:00-05:00,46.76299711148375,47.41769653342534,46.09083863869356,46.24796676635742,780900,0.0,0.0,BG
2020-02-05 00:00:00-05:00,46.52730039080844,47.70576123357063,46.51857253122048,47.45261001586914,919100,0.0,0.0,BG
2020-02-06 00:00:00-05:00,47.69702914077033,48.01128535955584,46.81536882026482,46.8240966796875,887700,0.0,0.0,BG
2020-02-07 00:00:00-05:00,46.69316438590893,47.5137197985501,46.3701769391475,47.208194732666016,879400,0.0,0.0,BG
2020-02-10 00:00:00-05:00,46.98122198023077,48.15095154134648,46.80663483245756,47.72321319580078,1519200,0.0,0.0,BG
2020-02-11 00:00:00-05:00,47.94144768139813,49.15482656194945,47.7494048102817,48.01128387451172,1713100,0.0,0.0,BG
2020-02-12 00:00:00-05:00,49.407975281739695,50.193615817834136,47.8716156366776,48.02874374389648,2763800,0.0,0.0,BG
2020-02-13 00:00:00-05:00,48.5837402481864,50.028478274466885,48.15207907666975,49.129920959472656,2246300,0.5,0.0,BG
2020-02-14 00:00:00-05:00,49.08586857493183,49.08586857493183,47.72922318927518,47.764461517333984,1301100,0.0,0.0,BG
2020-02-18 00:00:00-05:00,47.57066121943064,47.57066121943064,46.64567681226642,47.2182846069336,1092300,0.0,0.0,BG
2020-02-19 00:00:00-05:00,47.38566428606769,47.74684879612782,47.19185681610436,47.35923385620117,1077400,0.0,0.0,BG
2020-02-20 00:00:00-05:00,47.22709717425393,47.60590086696596,46.83948221770439,47.55304336547852,853800,0.0,0.0,BG
2020-02-21 00:00:00-05:00,47.24471056350479,47.44732592032518,46.68971862755462,46.892333984375,579700,0.0,0.0,BG
2020-02-24 00:00:00-05:00,46.46948654117689,46.84829020741515,46.00259040579535,46.70734024047852,1212000,0.0,0.0,BG
2020-02-25 00:00:00-05:00,46.61924556669875,46.66329516287485,44.59308848155609,44.94546508789063,1263800,0.0,0.0,BG
2020-02-26 00:00:00-05:00,45.14807421953089,45.75592025289736,44.50498985829949,44.513797760009766,1324800,0.0,0.0,BG
2020-02-27 00:00:00-05:00,43.95881117456439,44.038095735532615,41.85336635785532,42.15288543701172,1615500,0.0,0.0,BG
2020-02-28 00:00:00-05:00,41.12219268541794,41.88860792704566,40.2148274756689,41.36004638671875,2186500,0.0,0.0,BG
2020-03-02 00:00:00-05:00,41.5890871727067,43.33334421911426,41.465756375563565,43.1923942565918,1794300,0.0,0.0,BG
2020-03-03 00:00:00-05:00,43.08668931490172,43.950008389463456,42.32027398471647,42.77836227416992,1125200,0.0,0.0,BG
2020-03-04 00:00:00-05:00,43.44786989608193,44.31118889188015,43.395012396559125,43.79143524169922,1650600,0.0,0.0,BG
2020-03-05 00:00:00-05:00,42.78716372816777,43.25405985104177,42.2057447100656,42.65502166748047,1028000,0.0,0.0,BG
2020-03-06 00:00:00-05:00,41.65956469338121,41.879799224396535,40.41744207287529,41.271949768066406,1529800,0.0,0.0,BG
2020-03-09 00:00:00-04:00,38.69961194090377,40.23244239021176,37.16677813108355,38.39128494262695,2266300,0.0,0.0,BG
2020-03-10 00:00:00-04:00,39.37794343949734,39.448416757386106,35.89823641546612,38.17986679077149,1660500,0.0,0.0,BG
2020-03-11 00:00:00-04:00,37.14035185408838,37.35177848634857,34.63848740165638,35.14943313598633,1944000,0.0,0.0,BG
2020-03-12 00:00:00-04:00,33.01756080970035,33.942545176915125,30.04880024350181,31.84591484069824,3126200,0.0,0.0,BG
2020-03-13 00:00:00-04:00,33.4756560294721,34.70015975181545,31.713779396341987,33.9689826965332,1727800,0.0,0.0,BG
2020-03-16 00:00:00-04:00,31.67853621622594,33.14089346383445,29.35285995357264,29.6347599029541,1704700,0.0,0.0,BG
2020-03-17 00:00:00-04:00,30.850448950682235,32.163044679751025,29.63475357811585,31.088302612304688,2583900,0.0,0.0,BG
2020-03-18 00:00:00-04:00,29.07096030495384,29.51142940048344,26.111007445312897,26.648380279541016,2399700,0.0,0.0,BG
2020-03-19 00:00:00-04:00,26.428139740952474,29.9078454789469,25.54720174958739,28.84191131591797,2221500,0.0,0.0,BG
2020-03-20 00:00:00-04:00,29.43214430696373,30.88569364064144,27.925740833487705,27.9962158203125,2263000,0.0,0.0,BG
2020-03-23 00:00:00-04:00,27.85526002627649,29.766895534748954,27.08003365293193,28.84191131591797,2095000,0.0,0.0,BG
2020-03-24 00:00:00-04:00,30.55974221640229,31.3702070354193,30.057607756130373,30.83283424377441,1834400,0.0,0.0,BG
2020-03-25 00:00:00-04:00,31.32616096988443,34.312540679298614,31.03544977526281,32.26876449584961,2054000,0.0,0.0,BG
2020-03-26 00:00:00-04:00,32.73566219797707,34.180400256235124,31.995674002221428,33.15851211547852,1544000,0.0,0.0,BG
2020-03-27 00:00:00-04:00,31.98686619943188,32.885423537131274,30.964978055472013,31.88115119934082,1688600,0.0,0.0,BG
2020-03-30 00:00:00-04:00,32.16304804084712,35.40490046612902,31.405444109726417,34.876338958740234,1772400,0.0,0.0,BG
2020-03-31 00:00:00-04:00,34.98205547899746,36.52369734501762,34.96443631155286,36.14489364624024,1988800,0.0,0.0,BG
2020-04-01 00:00:00-04:00,34.87633539631182,35.625131348712515,33.06160191475451,33.80158996582031,1729400,0.0,0.0,BG
2020-04-02 00:00:00-04:00,33.77516356510212,35.05252435651821,33.29945623138658,34.427059173583984,1592000,0.0,0.0,BG
2020-04-03 00:00:00-04:00,33.960168206000795,34.427067754583774,32.26876841188842,32.74447250366211,1225600,0.0,0.0,BG
2020-04-06 00:00:00-04:00,34.06587419488603,34.61205822813248,33.44040895993928,33.7135009765625,1534000,0.0,0.0,BG
2020-04-07 00:00:00-04:00,34.83229337834824,36.34750462945539,33.46683999161584,33.49326705932617,1360400,0.0,0.0,BG
2020-04-08 00:00:00-04:00,33.90730188382057,35.06132840367797,33.63420991992861,34.74419021606445,1625300,0.0,0.0,BG
2020-04-09 00:00:00-04:00,35.1053856518168,36.479650442875936,34.82348569885787,35.96870803833008,1360500,0.0,0.0,BG
2020-04-13 00:00:00-04:00,35.995125707249805,36.250598523052446,34.25967684470916,34.31253433227539,1026300,0.0,0.0,BG
2020-04-14 00:00:00-04:00,35.21110212598158,35.871805798435,34.16278348162739,34.76182174682617,1397100,0.0,0.0,BG
2020-04-15 00:00:00-04:00,33.89849153896517,33.94253776387718,32.03090404650091,32.524227142333984,1497600,0.0,0.0,BG
2020-04-16 00:00:00-04:00,32.524236926946934,33.819217164114576,32.0573407534974,33.57255554199219,1487200,0.0,0.0,BG
2020-04-17 00:00:00-04:00,34.294915078534736,35.33442214099084,34.0130151999546,35.316802978515625,1789800,0.0,0.0,BG
2020-04-20 00:00:00-04:00,34.79705811104399,35.35205010540413,34.15397364288619,34.250877380371094,1142000,0.0,0.0,BG
2020-04-21 00:00:00-04:00,33.590172981356666,33.73993085550899,31.793058328454386,31.828296661376957,1434900,0.0,0.0,BG
2020-04-22 00:00:00-04:00,32.42733447900126,33.572553400758665,32.11019620763501,33.299461364746094,1641500,0.0,0.0,BG
2020-04-23 00:00:00-04:00,33.475646526826935,34.673722834942666,33.475646526826935,34.47110748291016,1087800,0.0,0.0,BG
2020-04-24 00:00:00-04:00,35.034905178364745,35.08776266892613,34.12754010038791,34.89395523071289,1093300,0.0,0.0,BG
2020-04-27 00:00:00-04:00,34.98205474446722,35.23752762628076,34.506347314989426,34.96443557739258,1706700,0.0,0.0,BG
2020-04-28 00:00:00-04:00,35.67799008291918,35.86298626201146,34.85871744921119,35.607513427734375,1018800,0.0,0.0,BG
2020-04-29 00:00:00-04:00,36.15369781680779,37.06106291884635,36.02155576715608,36.69107055664063,1107200,0.0,0.0,BG
2020-04-30 00:00:00-04:00,36.30346503794344,36.4972725313076,34.841107654727104,34.94681930541992,1063200,0.0,0.0,BG
2020-05-01 00:00:00-04:00,34.43586855142479,34.744195525100565,33.123269376679374,33.37874221801758,1001900,0.0,0.0,BG
2020-05-04 00:00:00-04:00,33.088037073810334,33.55493320313049,32.73566048078727,33.20255661010742,1517900,0.0,0.0,BG
2020-05-05 00:00:00-04:00,33.47564038202073,34.004201780690174,33.32588255125191,33.42278289794922,995500,0.0,0.0,BG
2020-05-06 00:00:00-04:00,30.832832050148767,31.20282442170479,28.78905602309415,30.128082275390625,5259600,0.0,0.0,BG
2020-05-07 00:00:00-04:00,30.392365277044888,32.3744760559826,30.392365277044888,32.03971862792969,2962500,0.0,0.0,BG
2020-05-08 00:00:00-04:00,32.68280232784602,32.98232141775161,31.757817990362117,32.180667877197266,1632400,0.0,0.0,BG
2020-05-11 00:00:00-04:00,31.85472509513252,32.08376754791419,30.49807946412081,30.542125701904297,1805400,0.0,0.0,BG
2020-05-12 00:00:00-04:00,31.09710851889439,31.379008390028503,30.418785903818065,30.506881713867188,1397900,0.0,0.0,BG
2020-05-13 00:00:00-04:00,30.88569201428689,31.044261146356924,29.79332725563916,30.260223388671875,1610300,0.0,0.0,BG
2020-05-14 00:00:00-04:00,29.890230358606495,30.70069180723421,29.14143430887384,30.63021850585937,1446800,0.0,0.0,BG
2020-05-15 00:00:00-04:00,30.406765312687487,31.103921088911186,30.14756514630736,30.683841705322266,1424100,0.5,0.0,BG
2020-05-18 00:00:00-04:00,31.65807334962219,32.08709599974733,31.38993675045036,31.66701316833496,1794400,0.0,0.0,BG
2020-05-19 00:00:00-04:00,31.729577392544734,32.149660212457135,31.255869299991087,31.407812118530277,1291100,0.0,0.0,BG
2020-05-20 00:00:00-04:00,31.693832368289645,32.13179151827472,31.443571945179627,31.81002616882324,1325500,0.0,0.0,BG
2020-05-21 00:00:00-04:00,31.595506982994607,31.91727225284524,31.282681531496326,31.75638961791992,1246300,0.0,0.0,BG
2020-05-22 00:00:00-04:00,31.64020594285522,31.81896143318195,30.898357701738085,31.622329711914062,1406100,0.0,0.0,BG
2020-05-26 00:00:00-04:00,33.23115055160439,34.0534366572655,33.00770279556054,33.71379852294922,2626600,0.0,0.0,BG
2020-05-27 00:00:00-04:00,34.30370023208907,35.62651052983764,34.24113513358044,35.17961502075195,3097300,0.0,0.0,BG
2020-05-28 00:00:00-04:00,35.483497674951266,35.65331671020342,34.545017957799246,34.74164962768555,1436000,0.0,0.0,BG
2020-05-29 00:00:00-04:00,34.37521565111245,35.1528166064617,33.88363107409833,34.87574005126953,3154000,0.0,0.0,BG
2020-06-01 00:00:00-04:00,34.75952886168377,35.59075470268331,34.56289376524117,35.054481506347656,1622400,0.0,0.0,BG
2020-06-02 00:00:00-04:00,35.72482960715539,35.74270583742436,34.79528609042276,35.63544845581055,1743200,0.0,0.0,BG
2020-06-03 00:00:00-04:00,36.14490874791994,37.24427132763953,36.09128346715554,36.99401092529297,1493300,0.0,0.0,BG
2020-06-04 00:00:00-04:00,36.81524903656873,37.41409076284162,36.2968520439777,36.91356658935547,967300,0.0,0.0,BG
2020-06-05 00:00:00-04:00,38.254261754884425,40.09547280988509,37.834182219511526,37.95931243896485,1519300,0.0,0.0,BG
2020-06-08 00:00:00-04:00,38.7905244928017,39.65749930415483,38.71008317942445,39.15697860717773,1744000,0.0,0.0,BG
2020-06-09 00:00:00-04:00,38.43301090206878,38.69221109621,37.62859768216221,38.352569580078125,1055700,0.0,0.0,BG
2020-06-10 00:00:00-04:00,38.29000534218848,38.51345308498614,36.10021678086303,36.12702941894531,1543600,0.0,0.0,BG
2020-06-11 00:00:00-04:00,35.65332641787713,35.724831342426235,34.598652647575086,34.7505989074707,2285200,0.0,0.0,BG
2020-06-12 00:00:00-04:00,35.760570268601064,35.9661451636945,34.53607776355624,35.2064208984375,1743300,0.0,0.0,BG
2020-06-15 00:00:00-04:00,33.99981230211925,35.84101967986204,33.80317718040215,35.59075927734375,1308600,0.0,0.0,BG
2020-06-16 00:00:00-04:00,36.64543309812464,37.06551598322984,35.724829406469176,36.71693801879883,1216200,0.0,0.0,BG
2020-06-17 00:00:00-04:00,36.70799734156402,36.74374980106606,35.82314613091291,36.11809539794922,1124300,0.0,0.0,BG
2020-06-18 00:00:00-04:00,35.724827144186705,36.9671960811182,35.492439576253844,36.833126068115234,1489800,0.0,0.0,BG
2020-06-19 00:00:00-04:00,37.539232277877446,37.539232277877446,36.31473922729492,36.31473922729492,2544500,0.0,0.0,BG
2020-06-22 00:00:00-04:00,36.34154755781841,36.56499534246056,35.778458185848244,36.100223541259766,1071500,0.0,0.0,BG
2020-06-23 00:00:00-04:00,36.368356644825546,37.154893724530304,36.12703265186355,36.71693801879883,1580000,0.0,0.0,BG
2020-06-24 00:00:00-04:00,36.22534846775579,37.691165175533946,35.48350370398412,36.81525039672852,2608100,0.0,0.0,BG
2020-06-25 00:00:00-04:00,36.90463145969304,38.07549549556231,36.833126542625735,38.00399398803711,2062500,0.0,0.0,BG
2020-06-26 00:00:00-04:00,37.87885697992032,37.87885697992032,35.930392664329204,35.94826889038086,2111800,0.0,0.0,BG
2020-06-29 00:00:00-04:00,36.25216109474602,36.96719315183788,36.1449037290259,36.4756088256836,908000,0.0,0.0,BG
2020-06-30 00:00:00-04:00,36.51135959362491,36.976131305043374,36.01977524428256,36.76162338256836,1095600,0.0,0.0,BG
2020-07-01 00:00:00-04:00,36.73480318975116,36.87780959177755,35.78738705490444,35.867828369140625,1560900,0.0,0.0,BG
2020-07-02 00:00:00-04:00,36.7348079415899,37.11913833604,35.51031525274811,35.55500411987305,1555000,0.0,0.0,BG
2020-07-06 00:00:00-04:00,36.06446448296164,36.41304582728035,35.69801031953715,36.189598083496094,1297900,0.0,0.0,BG
2020-07-07 00:00:00-04:00,35.78739603440568,35.78739603440568,35.188554231603526,35.42987823486328,1011600,0.0,0.0,BG
2020-07-08 00:00:00-04:00,35.429874630449184,35.81420503251804,34.71484251364971,35.02766799926758,893000,0.0,0.0,BG
2020-07-09 00:00:00-04:00,34.795278615450464,34.85784370318002,33.964052838995926,34.16962432861328,904600,0.0,0.0,BG
2020-07-10 00:00:00-04:00,34.16963478950413,35.778458155661745,34.16963478950413,35.65332794189453,975800,0.0,0.0,BG
2020-07-13 00:00:00-04:00,36.26110483844115,36.770565495265785,35.519259994634695,36.19853973388672,1169200,0.0,0.0,BG
2020-07-14 00:00:00-04:00,36.028716530306625,37.50346963838286,35.87677028695307,37.44984436035156,1169900,0.0,0.0,BG
2020-07-15 00:00:00-04:00,37.959308231543936,38.862035721500575,37.5571015639227,38.63858795166016,1876800,0.0,0.0,BG
2020-07-16 00:00:00-04:00,38.47770384628144,39.22848846126195,38.09337342375913,38.29000854492188,1009300,0.0,0.0,BG
2020-07-17 00:00:00-04:00,38.51345738594962,38.84415912754929,38.21850469593792,38.48664474487305,874200,0.0,0.0,BG
2020-07-20 00:00:00-04:00,38.19169057306894,38.47770343192991,37.15489310731236,37.45878219604492,927300,0.0,0.0,BG
2020-07-21 00:00:00-04:00,37.59284918137341,38.6922116581852,37.59284918137341,38.334693908691406,1116800,0.0,0.0,BG
2020-07-22 00:00:00-04:00,38.24532060506468,38.978229007813205,38.102314170614775,38.76371765136719,803300,0.0,0.0,BG
2020-07-23 00:00:00-04:00,38.736905985766064,40.34572926622241,38.736905985766064,40.023963928222656,1142900,0.0,0.0,BG
2020-07-24 00:00:00-04:00,39.95245538313316,40.20271575329551,39.32680104818549,39.62175369262695,895900,0.0,0.0,BG
2020-07-27 00:00:00-04:00,39.23742754518624,40.2384725432054,39.01397978788914,40.22059631347656,1038200,0.0,0.0,BG
2020-07-28 00:00:00-04:00,40.17590029190255,40.72111326817662,39.42511582465559,39.86307144165039,1001400,0.0,0.0,BG
2020-07-29 00:00:00-04:00,40.899866631848056,41.73109237145584,39.2016661109014,40.3814697265625,2377500,0.0,0.0,BG
2020-07-30 00:00:00-04:00,39.88095996260473,40.79262734027567,39.836271087232575,40.22953796386719,1256200,0.0,0.0,BG
2020-07-31 00:00:00-04:00,39.889892127783405,40.16696514764079,38.2989418754356,38.82627868652344,1418200,0.0,0.0,BG
2020-08-03 00:00:00-04:00,39.01398426135823,39.91671180414957,38.77266024666132,39.35362243652344,1236300,0.0,0.0,BG
2020-08-04 00:00:00-04:00,39.35361423801997,39.63069065855096,38.53132820476706,39.60387802124024,1035300,0.0,0.0,BG
2020-08-05 00:00:00-04:00,39.92563328974691,40.21164948173927,39.5949316493269,40.077579498291016,1012500,0.0,0.0,BG
2020-08-06 00:00:00-04:00,39.86306867206124,40.35465634408295,39.86306867206124,39.952449798583984,788500,0.0,0.0,BG
2020-08-07 00:00:00-04:00,39.702189599081535,40.74792671075828,39.66644055482157,40.63173294067383,808700,0.0,0.0,BG
2020-08-10 00:00:00-04:00,40.64961062622008,42.04392568864126,40.61385817113554,41.82941436767578,1038800,0.0,0.0,BG
2020-08-11 00:00:00-04:00,42.42827035674413,42.70534345317814,41.7221744737836,41.75792694091797,828000,0.0,0.0,BG
2020-08-12 00:00:00-04:00,42.23162281258982,42.35675300132264,41.73109864811663,41.838356018066406,744500,0.0,0.0,BG
2020-08-13 00:00:00-04:00,42.00818161012235,42.00818161012235,41.39146697987712,41.53447341918945,900500,0.0,0.0,BG
2020-08-14 00:00:00-04:00,41.33568903830594,41.91393637721771,41.13691522307026,41.498321533203125,838700,0.5,0.0,BG
2020-08-17 00:00:00-04:00,41.579641800799685,42.4108715691967,41.5706047465283,41.9139404296875,750600,0.0,0.0,BG
2020-08-18 00:00:00-04:00,41.86876307867039,41.9229750612868,41.43507755761757,41.71516418457031,635700,0.0,0.0,BG
2020-08-19 00:00:00-04:00,41.71516309863275,42.52832558357973,41.67902522445537,42.18498992919922,836400,0.0,0.0,BG
2020-08-20 00:00:00-04:00,41.787455386333264,42.248245269753234,41.2905241737671,41.55254364013672,888400,0.0,0.0,BG
2020-08-21 00:00:00-04:00,41.65191577790352,42.47411183553662,41.58867019244143,42.25727081298828,1010400,0.0,0.0,BG
2020-08-24 00:00:00-04:00,42.546412330103024,42.971064393532416,42.031410377131245,42.311500549316406,692800,0.0,0.0,BG
2020-08-25 00:00:00-04:00,42.63675919695036,42.79035813423598,41.68807163750225,42.41088104248047,906500,0.0,0.0,BG
2020-08-26 00:00:00-04:00,42.39281011840402,42.51026772306877,41.83263326378513,42.14886474609375,578400,0.0,0.0,BG
2020-08-27 00:00:00-04:00,42.15789693939549,42.374741475597226,41.489296112181535,41.77842330932617,542500,0.0,0.0,BG
2020-08-28 00:00:00-04:00,41.83262867281017,42.21210572060891,41.39894308005926,42.16692733764648,717100,0.0,0.0,BG
2020-08-31 00:00:00-04:00,41.9681597357815,42.13982588399099,41.18210476175379,41.21824264526367,961500,0.0,0.0,BG
2020-09-01 00:00:00-04:00,41.12789283494049,41.63386111781656,40.66709949149711,41.08271789550781,580700,0.0,0.0,BG
2020-09-02 00:00:00-04:00,41.218238772023874,42.04043499892738,40.9923606498347,41.93201446533203,809600,0.0,0.0,BG
2020-09-03 00:00:00-04:00,42.09465128853904,42.66386517965007,41.1911387074986,41.34473419189453,770600,0.0,0.0,BG
2020-09-04 00:00:00-04:00,41.76938401260758,42.16692828658572,40.8749085345001,41.995262145996094,654300,0.0,0.0,BG
2020-09-08 00:00:00-04:00,41.80551789894543,41.83262216720638,40.74840663062763,40.85683059692383,895800,0.0,0.0,BG
2020-09-09 00:00:00-04:00,41.06464533341534,41.796488279647086,40.95622479446004,41.426048278808594,598900,0.0,0.0,BG
2020-09-10 00:00:00-04:00,41.46218946215127,41.91394572728105,40.99236253282108,41.01043319702149,538100,0.0,0.0,BG
2020-09-11 00:00:00-04:00,40.99235647609517,41.389904136511824,40.667091461800176,41.236305236816406,688100,0.0,0.0,BG
2020-09-14 00:00:00-04:00,41.59771590188422,41.85069829637713,41.01946845925665,41.78745269775391,914900,0.0,0.0,BG
2020-09-15 00:00:00-04:00,41.88683278712538,42.34762256569596,41.20919852964589,41.89586639404297,1319700,0.0,0.0,BG
2020-09-16 00:00:00-04:00,41.95008255295437,42.3385931749952,41.73323805245137,42.02236175537109,871400,0.0,0.0,BG
2020-09-17 00:00:00-04:00,41.61579086293968,42.84456508210496,41.100788965751306,42.76325225830078,1230400,0.0,0.0,BG
2020-09-18 00:00:00-04:00,42.925874410397306,44.70579501607546,42.763245342462966,43.01622772216797,4055600,0.0,0.0,BG
2020-09-21 00:00:00-04:00,41.99526134028967,41.99526134028967,40.920082686774016,41.317626953125,1234900,0.0,0.0,BG
2020-09-22 00:00:00-04:00,41.48928700910728,41.87779760986568,41.21823398329649,41.54349899291992,978600,0.0,0.0,BG
2020-09-23 00:00:00-04:00,41.877795195484936,42.329551361333216,40.27858140141293,40.350860595703125,1087100,0.0,0.0,BG
2020-09-24 00:00:00-04:00,40.22437362681751,40.856833014463895,39.22147428230525,40.34183120727539,1196400,0.0,0.0,BG
2020-09-25 00:00:00-04:00,40.15209393843524,41.74227785584203,40.12498966657232,41.64289093017578,1568700,0.0,0.0,BG
2020-09-28 00:00:00-04:00,42.43798435615346,42.97105688319049,42.00429875821893,42.01333236694336,912800,0.0,0.0,BG
2020-09-29 00:00:00-04:00,41.81455631536536,41.877801912999104,40.630957176825326,40.82069396972656,628300,0.0,0.0,BG
2020-09-30 00:00:00-04:00,40.85683415132013,41.65192262690501,40.85683415132013,41.29051971435547,889000,0.0,0.0,BG
2020-10-01 00:00:00-04:00,41.41701933573299,41.63386388469852,40.90201740939544,41.3989486694336,550600,0.0,0.0,BG
2020-10-02 00:00:00-04:00,40.69420004665342,41.9952566849982,40.4954262121992,41.9139404296875,553600,0.0,0.0,BG
2020-10-05 00:00:00-04:00,42.26631596446558,42.93491676763949,42.06754554727349,42.68193435668945,755300,0.0,0.0,BG
2020-10-06 00:00:00-04:00,43.26921781464067,44.19080107921573,42.92588206196517,43.00719833374024,1065600,0.0,0.0,BG
2020-10-07 00:00:00-04:00,43.4408863655397,44.47089015207276,43.3686037049838,44.32632827758789,1441100,0.0,0.0,BG
2020-10-08 00:00:00-04:00,44.65159080584116,44.6606278619054,43.96492274992142,44.29018783569336,1524000,0.0,0.0,BG
2020-10-09 00:00:00-04:00,44.72386123693238,46.26886652519978,44.62447432716791,45.60026931762695,1589200,0.0,0.0,BG
2020-10-12 00:00:00-04:00,45.85325589129115,46.729664052626426,45.48281593230045,46.43150329589844,916800,0.0,0.0,BG
2020-10-13 00:00:00-04:00,46.01589162350375,46.3230860095181,45.31115298067004,46.0249252319336,1025200,0.0,0.0,BG
2020-10-14 00:00:00-04:00,45.94360656776957,47.18142110217436,45.76290683560595,47.1181755065918,1159000,0.0,0.0,BG
2020-10-15 00:00:00-04:00,46.46764841736525,49.68415417660742,46.30501589070192,48.97941207885742,2652100,0.0,0.0,BG
2020-10-16 00:00:00-04:00,49.00651070795128,49.60282871290238,48.672208661468446,49.32273864746094,1532400,0.0,0.0,BG
2020-10-19 00:00:00-04:00,50.06362195012702,50.678010657906114,48.95230211163356,49.3317756652832,1650100,0.0,0.0,BG
2020-10-20 00:00:00-04:00,49.84679380782735,50.11785037405917,48.88003549837423,49.72030258178711,1278600,0.0,0.0,BG
2020-10-21 00:00:00-04:00,49.74739712481708,50.72318878616291,49.693185136609785,49.78353500366211,1097500,0.0,0.0,BG
2020-10-22 00:00:00-04:00,50.03651881077659,51.90678924542284,49.91906123105989,51.00327682495117,1683400,0.0,0.0,BG
2020-10-23 00:00:00-04:00,51.42792426095776,52.2862617320745,50.443099051663495,50.61476516723633,1412100,0.0,0.0,BG
2020-10-26 00:00:00-04:00,50.23528835990948,50.65090668581557,49.6118660409898,50.31660461425781,1139400,0.0,0.0,BG
2020-10-27 00:00:00-04:00,50.28046673747901,50.705115224296925,49.4040586013499,50.31660461425781,1517500,0.0,0.0,BG
2020-10-28 00:00:00-04:00,52.40372334417931,54.66250452280773,51.5453858069752,52.45793533325195,4133400,0.0,0.0,BG
2020-10-29 00:00:00-04:00,52.68380781319,53.06328135620971,51.66283786465298,52.66573715209961,2218600,0.0,0.0,BG
2020-10-30 00:00:00-04:00,52.024247554354375,52.322404865043545,50.51537999877144,51.25625991821289,2022800,0.0,0.0,BG
2020-11-02 00:00:00-05:00,51.88871733791788,52.855475328887074,51.391786207911714,52.46696472167969,1581700,0.0,0.0,BG
2020-11-03 00:00:00-05:00,52.72898453641809,53.00003756874271,50.70511523158336,51.03038024902344,1456500,0.0,0.0,BG
2020-11-04 00:00:00-05:00,50.8316113778702,51.229159080930046,48.78967465867116,50.5605583190918,1604000,0.0,0.0,BG
2020-11-05 00:00:00-05:00,50.63282935283123,53.13555879954599,50.63282935283123,52.85546875,1297800,0.0,0.0,BG
2020-11-06 00:00:00-05:00,53.15363811829749,53.19881305064816,51.70801615669141,51.96099853515625,1253700,0.0,0.0,BG
2020-11-09 00:00:00-05:00,53.30723438399784,53.75899060759104,51.31950631086246,51.36468124389648,1893100,0.0,0.0,BG
2020-11-10 00:00:00-05:00,51.68994105916419,53.2530170214368,51.04844811359949,53.13556289672852,1331400,0.0,0.0,BG
2020-11-11 00:00:00-05:00,53.30723830044037,53.92162708539592,51.88872392987065,53.216888427734375,1078400,0.0,0.0,BG
2020-11-12 00:00:00-05:00,53.24399585425999,53.24399585425999,51.861622729535085,52.39469528198242,920500,0.0,0.0,BG
2020-11-13 00:00:00-05:00,52.6476715411648,53.78609572605188,52.566355281770974,53.46083068847656,838600,0.0,0.0,BG
2020-11-16 00:00:00-05:00,54.13845873779097,55.18653637991184,52.99100107826425,54.83416366577149,1399900,0.0,0.0,BG
2020-11-17 00:00:00-05:00,54.0506984227595,54.59730782066888,53.37654358843066,54.09624862670898,1168500,0.5,0.0,BG
2020-11-18 00:00:00-05:00,54.20557718792781,55.2441372704451,53.09413398896664,53.18523788452149,1199300,0.0,0.0,BG
2020-11-19 00:00:00-05:00,52.96658389052588,53.440313649012175,52.25599099042531,53.32188034057617,1099600,0.0,0.0,BG
2020-11-20 00:00:00-05:00,53.285444352524486,53.72273257552153,52.93014441328513,53.51319885253906,713200,0.0,0.0,BG
2020-11-23 00:00:00-05:00,54.01425059966127,55.071031194806736,53.60429186118729,54.5973014831543,1224200,0.0,0.0,BG
2020-11-24 00:00:00-05:00,55.271464227143824,57.1481626884601,54.70663400102266,57.07528305053711,2134700,0.0,0.0,BG
2020-11-25 00:00:00-05:00,56.66531893444944,56.92951498216767,55.28057119066795,56.328243255615234,1407600,0.0,0.0,BG
2020-11-27 00:00:00-05:00,56.11870265867393,56.59243239559712,55.13480510910854,55.42633056640625,405600,0.0,0.0,BG
2020-11-30 00:00:00-05:00,55.098363765105496,55.56298485365864,53.576965496321606,53.649845123291016,1875200,0.0,0.0,BG
2020-12-01 00:00:00-05:00,54.63375457783153,55.23502636290649,53.57697375935864,54.1782455444336,1309100,0.0,0.0,BG
2020-12-02 00:00:00-05:00,53.90493289447981,54.296670908885766,53.53141565693668,54.03247833251953,670900,0.0,0.0,BG
2020-12-03 00:00:00-05:00,54.66108064764749,55.78163238389331,54.396884590455294,55.371673583984375,923800,0.0,0.0,BG
2020-12-04 00:00:00-05:00,55.60854044857828,56.28269183327824,55.57209889393019,56.00027847290039,1079100,0.0,0.0,BG
2020-12-07 00:00:00-05:00,56.06404921833234,56.17337040655542,54.943497482086514,55.371673583984375,907700,0.0,0.0,BG
2020-12-08 00:00:00-05:00,55.35345608148436,56.51044944067234,54.90705917593054,55.89095687866211,1205300,0.0,0.0,BG
2020-12-09 00:00:00-05:00,56.501341193609626,57.9498600658473,55.78163608329006,57.849647521972656,2088500,0.0,0.0,BG
2020-12-10 00:00:00-05:00,58.09562311520125,58.88820786813505,57.24837602662237,58.76066589355469,2047500,0.0,0.0,BG
2020-12-11 00:00:00-05:00,58.49646306985675,60.774007996812,58.49646306985675,60.16362762451172,1884300,0.0,0.0,BG
2020-12-14 00:00:00-05:00,60.61002429590711,60.71023682842331,58.04095390429704,58.1047248840332,997700,0.0,0.0,BG
2020-12-15 00:00:00-05:00,58.30515422007594,59.98142406765544,58.12294991808661,59.3619384765625,1099400,0.0,0.0,BG
2020-12-16 00:00:00-05:00,59.21617234570426,59.36193856772599,58.27782488061643,58.879093170166016,557000,0.0,0.0,BG
2020-12-17 00:00:00-05:00,58.869986563903694,59.19795360496846,57.91341486904548,58.305152893066406,953500,0.0,0.0,BG
2020-12-18 00:00:00-05:00,58.36891571982971,58.76976581412174,57.58543978126704,58.651329040527344,2150600,0.0,0.0,BG
2020-12-21 00:00:00-05:00,58.04094704818097,59.21616092208095,57.66742986445198,59.05217742919922,979600,0.0,0.0,BG
2020-12-22 00:00:00-05:00,59.03397109887297,59.207059798147824,57.90430721304423,58.38714218139648,1124700,0.0,0.0,BG
2020-12-23 00:00:00-05:00,58.806222490143504,59.14329474657932,57.9498632322471,58.96109390258789,505800,0.0,0.0,BG
2020-12-24 00:00:00-05:00,58.65133973159363,58.85176481527347,58.10473029006798,58.60579299926758,239700,0.0,0.0,BG
2020-12-28 00:00:00-05:00,58.89731170129335,59.207054467223934,58.16849456302143,58.40536117553711,494600,0.0,0.0,BG
2020-12-29 00:00:00-05:00,58.323367713939696,58.56934645953183,57.24836970044338,57.79497909545898,722400,0.0,0.0,BG
2020-12-30 00:00:00-05:00,58.14116604324207,59.56235183946525,57.71298648911959,59.38926315307617,663500,0.0,0.0,BG
2020-12-31 00:00:00-05:00,59.34370632095384,59.99964033066346,59.01573931609902,59.74455642700195,846800,0.0,0.0,BG
2021-01-04 00:00:00-05:00,60.05430427698709,61.393501835357725,58.66044786334115,59.86299133300781,1255400,0.0,0.0,BG
2021-01-05 00:00:00-05:00,59.7992209672726,62.04943653947981,59.7992209672726,61.40261459350586,1382600,0.0,0.0,BG
2021-01-06 00:00:00-05:00,62.31362966146294,65.79371797988377,62.18608770349847,63.92612838745117,2892400,0.0,0.0,BG
2021-01-07 00:00:00-05:00,64.48184227768039,65.11044681802105,63.13353975266355,63.26108169555664,1284000,0.0,0.0,BG
2021-01-08 00:00:00-05:00,63.49796684436813,64.0536885119015,62.741827007846034,63.95347595214844,1019600,0.0,0.0,BG
2021-01-11 00:00:00-05:00,62.95134066983338,64.60028793060486,62.95134066983338,63.51617431640625,1156000,0.0,0.0,BG
2021-01-12 00:00:00-05:00,63.77125534572136,64.02633925502181,63.15176287291375,63.48884201049805,753300,0.0,0.0,BG
2021-01-13 00:00:00-05:00,63.74393454212208,65.82105459940479,63.2884255137525,64.16300201416016,1979300,0.0,0.0,BG
2021-01-14 00:00:00-05:00,64.18120988063953,66.95070519999545,64.16299258041032,65.821044921875,1609100,0.0,0.0,BG
2021-01-15 00:00:00-05:00,65.41109567741961,65.58418437238461,63.54350598301709,64.3725357055664,1149100,0.0,0.0,BG
2021-01-19 00:00:00-05:00,64.68226579946064,65.91213847737568,64.07188552271596,64.36341094970703,1521500,0.0,0.0,BG
2021-01-20 00:00:00-05:00,64.56386971307109,65.41111701389586,64.1174657396938,64.60031127929688,963500,0.0,0.0,BG
2021-01-21 00:00:00-05:00,64.61850850366986,64.8827045638059,62.45028811600581,62.56871795654297,1122700,0.0,0.0,BG
2021-01-22 00:00:00-05:00,62.13142196254365,62.77825082925166,61.51192947301175,62.49583053588867,1138000,0.0,0.0,BG
2021-01-25 00:00:00-05:00,62.49582315004918,62.55048894742549,60.427815687777866,61.694129943847656,1588100,0.0,0.0,BG
2021-01-26 00:00:00-05:00,62.268076671593455,62.495831163406535,60.48248228984075,60.7193489074707,1227200,0.0,0.0,BG
2021-01-27 00:00:00-05:00,59.68079066390413,60.036087125111024,56.54688654401184,58.22315979003906,2061000,0.0,0.0,BG
2021-01-28 00:00:00-05:00,58.71510520920628,61.10197478559296,58.3142620299658,60.7193489074707,1590200,0.0,0.0,BG
2021-01-29 00:00:00-05:00,60.39137969259533,60.7193467049508,58.76976888179061,59.61701583862305,955400,0.0,0.0,BG
2021-02-01 00:00:00-05:00,60.04520156385088,61.50282901859922,59.26172550370189,61.2841796875,1176900,0.0,0.0,BG
2021-02-02 00:00:00-05:00,62.09498935524481,63.57083404645083,61.61214398350667,63.31575012207031,1361300,0.0,0.0,BG
2021-02-03 00:00:00-05:00,63.36130418068174,64.72783116990838,62.93312461197488,64.22676849365234,1637200,0.0,0.0,BG
2021-02-04 00:00:00-05:00,64.25409126817992,65.26532169154129,64.10833201868985,65.21066284179688,1028200,0.0,0.0,BG
2021-02-05 00:00:00-05:00,65.59328989028452,67.19668336708015,65.30176443545942,66.58629608154297,2892000,0.0,0.0,BG
2021-02-08 00:00:00-05:00,66.7867163867605,68.37189245078196,66.60451559689153,67.51553344726562,1577600,0.0,0.0,BG
2021-02-09 00:00:00-05:00,67.41533774306873,68.89118953098125,66.96894083118488,68.71809387207031,2502500,0.0,0.0,BG
2021-02-10 00:00:00-05:00,68.35368047158727,70.54012509507453,67.25134950881804,68.04393768310547,4037600,0.0,0.0,BG
2021-02-11 00:00:00-05:00,68.14414117568252,69.55621473950443,67.68863222918868,69.42867279052734,1804200,0.0,0.0,BG
2021-02-12 00:00:00-05:00,69.74964490556158,71.5745486784204,68.82344505715763,71.52869415283203,2406100,0.5,0.0,BG
2021-02-16 00:00:00-05:00,71.52869791406133,72.85839526902448,70.76755752634814,72.73001098632812,1910000,0.0,0.0,BG
2021-02-17 00:00:00-05:00,72.17978783696068,72.37236425087889,70.45576541967995,71.52869415283203,2181700,0.0,0.0,BG
2021-02-18 00:00:00-05:00,70.71253612791301,70.92345016064728,67.85138575583984,68.5391616821289,2139000,0.0,0.0,BG
2021-02-19 00:00:00-05:00,68.78674307968654,70.96928214032933,68.78674307968654,70.04307556152344,1420900,0.0,0.0,BG
2021-02-22 00:00:00-05:00,69.99724198115459,71.98720507936756,69.4378504010792,71.70292663574219,2058400,0.0,0.0,BG
2021-02-23 00:00:00-05:00,71.52867966242617,72.25313764216692,69.63041882816461,70.98763275146484,1793400,0.0,0.0,BG
2021-02-24 00:00:00-05:00,71.16187667611719,71.86799716779764,70.06143806114729,70.39157104492188,1396100,0.0,0.0,BG
2021-02-25 00:00:00-05:00,70.39156404482755,71.36361829126555,68.31906429643546,68.52081298828125,1310400,0.0,0.0,BG
2021-02-26 00:00:00-05:00,68.76841301788869,70.68501870032105,67.87888846163588,70.22650146484375,2194000,0.0,0.0,BG
2021-03-01 00:00:00-05:00,71.1802056964284,72.45488282825113,70.51993987347228,72.15225982666016,1933400,0.0,0.0,BG
2021-03-02 00:00:00-05:00,72.37235535225727,73.24354225639041,71.94134805182749,72.68415069580078,1252200,0.0,0.0,BG
2021-03-03 00:00:00-05:00,72.77586530517956,74.27980146651653,71.73961874170308,71.94136047363281,1755200,0.0,0.0,BG
2021-03-04 00:00:00-05:00,71.54702818825223,72.26232097101116,67.35618082790504,69.74964141845703,2219200,0.0,0.0,BG
2021-03-05 00:00:00-05:00,70.92344167847057,72.03305953035911,68.75007448903152,71.27191925048828,1545500,0.0,0.0,BG
2021-03-08 00:00:00-05:00,71.15270087218282,73.36275729394339,70.8225749010644,71.95052337646484,1519500,0.0,0.0,BG
2021-03-09 00:00:00-05:00,72.49157474435796,73.4361190911445,71.6387324416096,72.50074005126953,1070900,0.0,0.0,BG
2021-03-10 00:00:00-05:00,72.79420361916205,74.17892781635767,72.32652101321851,73.8396224975586,1484600,0.0,0.0,BG
2021-03-11 00:00:00-05:00,74.04137124024881,75.12347234219015,72.29900411048986,74.7016372680664,1365800,0.0,0.0,BG
2021-03-12 00:00:00-05:00,74.38066412154323,75.499447259777,73.67454368348272,74.07804107666016,1498000,0.0,0.0,BG
2021-03-15 00:00:00-04:00,73.86712954771225,74.09638816580394,71.90467633656074,72.66580963134766,861800,0.0,0.0,BG
2021-03-16 00:00:00-04:00,72.61078751297643,73.35358317332496,71.79462741801092,72.42738342285156,851300,0.0,0.0,BG
2021-03-17 00:00:00-04:00,72.39986570390228,72.77585317980159,71.18938053191276,72.50074005126953,897100,0.0,0.0,BG
2021-03-18 00:00:00-04:00,72.93175158850791,73.84878607496502,71.64790190818435,72.01471710205078,854400,0.0,0.0,BG
2021-03-19 00:00:00-04:00,72.2623123113327,72.36318665336086,70.75837648017125,71.6937484741211,1602500,0.0,0.0,BG
2021-03-22 00:00:00-04:00,71.83133052194454,72.0880991213478,70.44660615068312,71.2169189453125,724600,0.0,0.0,BG
2021-03-23 00:00:00-04:00,70.61164293223123,71.14352451917244,68.8325941052152,69.30945587158203,974200,0.0,0.0,BG
2021-03-24 00:00:00-04:00,70.01557880845259,70.83173890865908,69.15357118362924,69.26361083984375,882800,0.0,0.0,BG
2021-03-25 00:00:00-04:00,68.77757553669724,71.05182377953408,68.24569394007342,70.7033462524414,1572000,0.0,0.0,BG
2021-03-26 00:00:00-04:00,71.50117133845811,72.72082873635298,71.20772061831363,72.70248413085938,944400,0.0,0.0,BG
2021-03-29 00:00:00-04:00,71.84965622574514,72.9592672014434,71.14354269445295,71.23524475097656,1124300,0.0,0.0,BG
2021-03-30 00:00:00-04:00,71.37279791875974,73.56450984796689,71.30860578262298,73.18852233886719,1259600,0.0,0.0,BG
2021-03-31 00:00:00-04:00,73.59201811016415,73.98634322226225,72.69332122802734,72.69332122802734,1122300,0.0,0.0,BG
2021-04-01 00:00:00-04:00,73.07849048092922,74.06888254477074,72.91342397088582,73.54617309570312,1146700,0.0,0.0,BG
2021-04-05 00:00:00-04:00,73.7387352754365,73.91296704397999,72.39069366455078,72.39069366455078,722300,0.0,0.0,BG
2021-04-06 00:00:00-04:00,72.54660686716723,73.47281376069269,71.84965862080223,72.73001098632812,795600,0.0,0.0,BG
2021-04-07 00:00:00-04:00,72.84922767376725,73.23438050976608,71.80380883524556,72.06057739257812,503500,0.0,0.0,BG
2021-04-08 00:00:00-04:00,72.0147062705651,72.18894503563902,70.79504890788132,71.88632202148438,984700,0.0,0.0,BG
2021-04-09 00:00:00-04:00,72.35401843650477,72.85838317871094,71.58370587173565,72.85838317871094,605200,0.0,0.0,BG
2021-04-12 00:00:00-04:00,72.98676673965329,73.22519764984332,72.14309674534078,72.68415069580078,612300,0.0,0.0,BG
2021-04-13 00:00:00-04:00,72.39071025314585,72.61079658808625,71.18022491634608,71.23524475097656,604900,0.0,0.0,BG
2021-04-14 00:00:00-04:00,71.89550277339443,74.02302243215937,71.64789955219888,73.39026641845703,974100,0.0,0.0,BG
2021-04-15 00:00:00-04:00,73.64703174858411,74.23393321541735,72.26231481712115,74.19725799560547,1216200,0.0,0.0,BG
2021-04-16 00:00:00-04:00,74.27978618353373,76.7741208636915,74.27978618353373,76.68241882324219,1445300,0.0,0.0,BG
2021-04-19 00:00:00-04:00,76.43482485130008,76.93002432524716,75.46277051156216,76.2789306640625,1191400,0.0,0.0,BG
2021-04-20 00:00:00-04:00,75.83874126850199,76.434815021396,73.77541389061923,74.5640640258789,909600,0.0,0.0,BG
2021-04-21 00:00:00-04:00,74.27980066272531,76.14137973274687,73.63787925803462,75.93046569824219,1318900,0.0,0.0,BG
2021-04-22 00:00:00-04:00,75.98548473336491,77.0033936618058,75.21517205943357,76.43482971191406,1270400,0.0,0.0,BG
2021-04-23 00:00:00-04:00,76.64576032651263,78.11301441700854,76.29728266998153,78.0396499633789,1209000,0.0,0.0,BG
2021-04-26 00:00:00-04:00,78.25971936798705,79.31431042200705,78.03963305121296,78.91082000732422,1345300,0.0,0.0,BG
2021-04-27 00:00:00-04:00,79.23178390021205,81.46934337068318,79.04837279842383,81.01082611083984,2000800,0.0,0.0,BG
2021-04-28 00:00:00-04:00,81.23092560370095,81.44183964125683,78.50733175390657,78.54401397705078,1091600,0.0,0.0,BG
2021-04-29 00:00:00-04:00,79.32348293916134,79.93789436486772,77.85622916269163,78.36976623535156,953800,0.0,0.0,BG
2021-04-30 00:00:00-04:00,78.03962984483199,78.71823337491433,77.2509796626751,77.41604614257812,925900,0.0,0.0,BG
2021-05-03 00:00:00-04:00,77.98461024533424,79.35098961294348,77.81954376494794,78.70906829833984,1812200,0.0,0.0,BG
2021-05-04 00:00:00-04:00,78.71822848765281,81.82698149888725,77.94792296020863,79.80950164794922,2540900,0.0,0.0,BG
2021-05-05 00:00:00-04:00,80.24051030476889,82.53309631347656,79.58941671786597,82.53309631347656,1359600,0.0,0.0,BG
2021-05-06 00:00:00-04:00,82.53310644381551,82.8815770412011,80.25885776560641,81.58856201171875,1031700,0.0,0.0,BG
2021-05-07 00:00:00-04:00,81.39597036702061,84.3579873814057,81.15753947848259,83.74357604980469,1413400,0.0,0.0,BG
2021-05-10 00:00:00-04:00,84.25712793407561,84.71564518730148,82.9916228338827,83.02830505371094,971300,0.0,0.0,BG
2021-05-11 00:00:00-04:00,81.51518982844267,83.49598755322566,81.05667261397447,83.23921203613281,963000,0.0,0.0,BG
2021-05-12 00:00:00-04:00,82.78069159883907,83.45012978432369,80.20382719270411,81.02915954589844,1077400,0.0,0.0,BG
2021-05-13 00:00:00-04:00,81.15754161954,82.80820628155507,80.95579293902516,81.90033721923828,536000,0.0,0.0,BG
2021-05-14 00:00:00-04:00,82.42306392218049,83.45014515043495,82.30385194781908,83.11083984375,782500,0.0,0.0,BG
2021-05-17 00:00:00-04:00,82.78987832949458,82.98245474606387,81.87284377644937,82.11127471923828,997800,0.0,0.0,BG
2021-05-18 00:00:00-04:00,82.6369085787105,82.89511897229724,80.9308695904791,80.9400863647461,970100,0.5,0.0,BG
2021-05-19 00:00:00-04:00,79.833475667831,79.94414029048437,78.23809411084942,79.28016662597656,1039600,0.0,0.0,BG
2021-05-20 00:00:00-04:00,79.27093676629313,79.60292357321435,77.83233196010491,78.83750915527344,1527200,0.0,0.0,BG
2021-05-21 00:00:00-04:00,79.90724844043986,80.62655086563255,79.33549180301974,80.09168243408203,1194400,0.0,0.0,BG
2021-05-24 00:00:00-04:00,80.43289361366017,80.89398563663626,79.71359118353044,80.04557800292969,500100,0.0,0.0,BG
2021-05-25 00:00:00-04:00,80.10092067734132,80.99544048266591,79.62138095033713,80.24846649169922,1102800,0.0,0.0,BG
2021-05-26 00:00:00-04:00,80.2484631944193,81.10609475198893,79.15106881890618,81.00465393066406,1110800,0.0,0.0,BG
2021-05-27 00:00:00-04:00,81.61329492769349,82.48936703071381,80.23001874247835,80.23924255371094,1879800,0.0,0.0,BG
2021-05-28 00:00:00-04:00,80.33146777574876,80.51590180502663,79.43694795876588,80.06403350830078,1093200,0.0,0.0,BG
2021-06-01 00:00:00-04:00,81.2444181296411,82.51703669561189,81.0138721037138,82.4063720703125,1341800,0.0,0.0,BG
2021-06-02 00:00:00-04:00,82.7752424595917,82.7752424595917,80.9493149413165,81.67784118652344,1226800,0.0,0.0,BG
2021-06-03 00:00:00-04:00,81.53951095834833,82.09281997405438,80.78332032855204,82.01905059814453,1048700,0.0,0.0,BG
2021-06-04 00:00:00-04:00,82.12050585516718,82.62770294393367,81.64096613099086,82.17583465576172,817800,0.0,0.0,BG
2021-06-07 00:00:00-04:00,82.30493015144434,83.08878522193588,82.00060771273503,82.62769317626953,931700,0.0,0.0,BG
2021-06-08 00:00:00-04:00,82.41560190573949,83.03346361181943,81.75162817682089,82.76602935791016,1199400,0.0,0.0,BG
2021-06-09 00:00:00-04:00,82.4709192707324,82.7199058667037,81.41963002426529,81.88072204589844,851800,0.0,0.0,BG
2021-06-10 00:00:00-04:00,82.24961741458026,82.37872264971493,80.6818999318331,80.71878814697266,591200,0.0,0.0,BG
2021-06-11 00:00:00-04:00,81.32742123166697,81.46574322354658,77.97067153839382,78.10899353027344,1463700,0.0,0.0,BG
2021-06-14 00:00:00-04:00,77.65711080112418,77.91532118545425,75.77585466938396,76.19084167480469,1595600,0.0,0.0,BG
2021-06-15 00:00:00-04:00,76.10785322431593,76.33839925106388,74.75224146132504,75.11189270019531,1527300,0.0,0.0,BG
2021-06-16 00:00:00-04:00,75.04732910640737,75.04732910640737,73.78394156765413,74.18048095703125,1466700,0.0,0.0,BG
2021-06-17 00:00:00-04:00,73.92228002517766,74.0698258209977,68.98858951553723,71.93958282470703,3322300,0.0,0.0,BG
2021-06-18 00:00:00-04:00,71.1557305207273,71.85658539059568,69.98455274101734,71.19261169433594,3735900,0.0,0.0,BG
2021-06-21 00:00:00-04:00,71.85658161965131,74.01449601925081,71.65369999691819,73.94071960449219,2165600,0.0,0.0,BG
2021-06-22 00:00:00-04:00,74.01448198948545,74.36490933960461,72.5113177254611,73.56260681152344,1587100,0.0,0.0,BG
2021-06-23 00:00:00-04:00,73.41507551052423,74.09748976287638,73.20297007543448,73.7655029296875,1153400,0.0,0.0,BG
2021-06-24 00:00:00-04:00,74.36493837775699,75.22257002345576,73.82085303992933,74.04217529296875,970500,0.0,0.0,BG
2021-06-25 00:00:00-04:00,73.55341590558709,74.18050146129072,72.27158039308674,72.95399475097656,2197200,0.0,0.0,BG
2021-06-28 00:00:00-04:00,73.44274246557377,73.61795969911186,71.74592706857536,73.17530822753906,1171500,0.0,0.0,BG
2021-06-29 00:00:00-04:00,73.55341418261159,74.16205209952439,72.96321685409313,73.35053253173828,1376100,0.0,0.0,BG
2021-06-30 00:00:00-04:00,73.11998447061848,73.47963573793307,71.49693834395075,72.06869506835938,1093400,0.0,0.0,BG
2021-07-01 00:00:00-04:00,72.92632131352072,73.82084102846241,72.41911723730438,73.23986053466797,1306600,0.0,0.0,BG
2021-07-02 00:00:00-04:00,73.42427798069866,73.71015271230311,72.43754157876593,73.48883056640625,954500,0.0,0.0,BG
2021-07-06 00:00:00-04:00,73.30440457566357,73.47962178801119,71.34015517818348,71.62602996826172,1249700,0.0,0.0,BG
2021-07-07 00:00:00-04:00,71.00817580791657,72.08712951798681,70.5563075682276,71.74592590332031,1760000,0.0,0.0,BG
2021-07-08 00:00:00-04:00,70.10443851457016,71.09117530921398,69.06237292035787,70.21510314941406,1034900,0.0,0.0,BG
2021-07-09 00:00:00-04:00,71.20183452115684,71.90269641704164,70.63007783823682,71.42315673828125,1280800,0.0,0.0,BG
2021-07-12 00:00:00-04:00,71.11884115654419,71.75514340870504,69.98455160456861,71.49693298339844,1117700,0.0,0.0,BG
2021-07-13 00:00:00-04:00,71.6076021793153,71.6076021793153,70.07677308058155,70.3995361328125,959500,0.0,0.0,BG
2021-07-14 00:00:00-04:00,70.53784419894964,71.31248232975975,69.56955533006796,70.03064727783203,975800,0.0,0.0,BG
2021-07-15 00:00:00-04:00,69.80933380126953,70.60241269291566,69.39435376909239,69.80933380126953,759400,0.0,0.0,BG
2021-07-16 00:00:00-04:00,70.08598459731019,70.45485960759505,67.66064318949414,67.86351776123047,1197800,0.0,0.0,BG
2021-07-19 00:00:00-04:00,66.46179318678418,68.20472018955734,66.14825403888858,68.03872680664062,1754900,0.0,0.0,BG
2021-07-20 00:00:00-04:00,68.15861907867347,69.34823018200301,67.79896086555142,68.9609146118164,1290600,0.0,0.0,BG
2021-07-21 00:00:00-04:00,69.47735410823634,70.45487414251049,69.37592031929509,69.99378204345703,2000100,0.0,0.0,BG
2021-07-22 00:00:00-04:00,69.92921955438996,69.92921955438996,68.6289366415685,68.74882507324219,1345800,0.0,0.0,BG
2021-07-23 00:00:00-04:00,69.08081796208958,69.22836376732656,68.41684424925644,69.10848236083984,1008700,0.0,0.0,BG
2021-07-26 00:00:00-04:00,69.42202237919312,70.2058775073755,68.8594894792219,68.90560150146484,1307400,0.0,0.0,BG
2021-07-27 00:00:00-04:00,68.93325608571057,69.66178231203823,68.4260520560819,69.34823608398438,1494000,0.0,0.0,BG
2021-07-28 00:00:00-04:00,72.20701510323386,72.98164634068905,69.61567309632342,72.40067291259766,2770400,0.0,0.0,BG
2021-07-29 00:00:00-04:00,73.11074716828702,74.16203637656024,72.1055699747842,73.41506958007812,1374400,0.0,0.0,BG
2021-07-30 00:00:00-04:00,73.5165179114135,73.87616914918951,71.25716263473421,71.58914947509766,1317400,0.0,0.0,BG
2021-08-02 00:00:00-04:00,71.91192370544174,72.71421941970233,70.53786424490728,70.72230529785156,1150000,0.0,0.0,BG
2021-08-03 00:00:00-04:00,70.57474993268768,71.68137510367491,69.03470413311496,71.22949981689453,1006400,0.0,0.0,BG
2021-08-04 00:00:00-04:00,70.50098144654346,70.50098144654346,68.85949464571286,69.42202758789062,959400,0.0,0.0,BG
2021-08-05 00:00:00-04:00,69.51422291514663,70.08597949121831,68.71192738961159,69.12690734863281,703100,0.0,0.0,BG
2021-08-06 00:00:00-04:00,69.46813441612211,70.87907505429001,69.46813441612211,70.6024169921875,664500,0.0,0.0,BG
2021-08-09 00:00:00-04:00,70.40874106542795,72.07789874918801,70.1781950848367,71.33092498779297,740100,0.0,0.0,BG
2021-08-10 00:00:00-04:00,71.40471936208286,72.67733096239779,71.37705496316181,72.52978515625,710400,0.0,0.0,BG
2021-08-11 00:00:00-04:00,73.14765949031568,73.30442913509418,71.64450159165335,73.07388305664062,780300,0.0,0.0,BG
2021-08-12 00:00:00-04:00,72.85254605129376,73.07386827183151,72.28078935955584,72.93553924560547,602700,0.0,0.0,BG
2021-08-13 00:00:00-04:00,73.11998011858161,73.69173680895979,72.69577626534871,73.00931549072266,683200,0.0,0.0,BG
2021-08-16 00:00:00-04:00,72.88020895106986,73.45196563105317,72.40989308585306,73.38741302490234,675500,0.0,0.0,BG
2021-08-17 00:00:00-04:00,72.87098784272496,73.58107357242703,71.80125789602052,72.67733001708984,934000,0.0,0.0,BG
2021-08-18 00:00:00-04:00,72.26419850634636,73.01618178550618,71.60505774075666,71.67932891845703,569400,0.525,0.0,BG
2021-08-19 00:00:00-04:00,70.63955732863518,71.5029403360595,68.54144957187953,69.13560485839844,1104700,0.0,0.0,BG
2021-08-20 00:00:00-04:00,68.94991509190437,69.28412826867435,67.91014706007648,68.34648132324219,1280500,0.0,0.0,BG
2021-08-23 00:00:00-04:00,68.51360459833258,69.89687181065331,68.188669926359,69.49767303466797,823500,0.0,0.0,BG
2021-08-24 00:00:00-04:00,69.60906797228279,70.80665701360022,69.60906797228279,70.12895202636719,679700,0.0,0.0,BG
2021-08-25 00:00:00-04:00,70.0082726961255,71.38225412366806,69.55336702682283,70.89950561523438,629600,0.0,0.0,BG
2021-08-26 00:00:00-04:00,70.90878341393868,71.01090451547448,69.82259396984657,69.9061508178711,510600,0.0,0.0,BG
2021-08-27 00:00:00-04:00,69.90614162659722,71.78144263180953,69.41410043712318,71.59577178955078,787000,0.0,0.0,BG
2021-08-30 00:00:00-04:00,71.90213136217605,71.90213136217605,70.21250111953287,70.30534362792969,544600,0.0,0.0,BG
2021-08-31 00:00:00-04:00,70.4631583030712,70.76023588805181,69.98968846726548,70.2867660522461,1082000,0.0,0.0,BG
2021-09-01 00:00:00-04:00,70.30534862601993,70.71382594387141,68.94992440226854,70.33319854736328,676000,0.0,0.0,BG
2021-09-02 00:00:00-04:00,71.27084644954564,73.05331934806537,71.06661132968577,71.6607666015625,1039900,0.0,0.0,BG
2021-09-03 00:00:00-04:00,71.6328995510972,71.92069145003326,70.81593093545237,71.84642028808594,609600,0.0,0.0,BG
2021-09-07 00:00:00-04:00,71.48436335601457,72.41273171128749,71.15943584824674,71.5307846069336,1319400,0.0,0.0,BG
2021-09-08 00:00:00-04:00,71.1965803488265,71.50293656143837,69.28413648109205,71.01090240478516,1333300,0.0,0.0,BG
2021-09-09 00:00:00-04:00,70.90879184952846,71.13160541550764,69.80403802049919,70.23108673095703,1016600,0.0,0.0,BG
2021-09-10 00:00:00-04:00,70.221797469446,71.41010809565185,70.19394754584586,70.68598175048828,758900,0.0,0.0,BG
2021-09-13 00:00:00-04:00,71.48436907425668,72.18993106391281,71.07588469873644,71.71646118164062,877400,0.0,0.0,BG
2021-09-14 00:00:00-04:00,71.80929684070324,72.82122211527854,71.27084144993432,71.46580505371094,1016900,0.0,0.0,BG
2021-09-15 00:00:00-04:00,71.48436820420334,75.4856338202778,71.2151405129681,75.31852722167969,1844900,0.0,0.0,BG
2021-09-16 00:00:00-04:00,75.30926722633511,75.90342259403516,74.6129907407906,75.28141021728516,1034700,0.0,0.0,BG
2021-09-17 00:00:00-04:00,75.37425067744653,75.65275701427802,74.08381885965626,74.80794525146484,1923900,0.0,0.0,BG
2021-09-20 00:00:00-04:00,72.65411117278056,73.1090096943365,70.76952450058873,71.59577178955078,925500,0.0,0.0,BG
2021-09-21 00:00:00-04:00,72.07853629142762,72.07853629142762,70.37962008290121,71.58650207519531,759100,0.0,0.0,BG
2021-09-22 00:00:00-04:00,72.44988514157744,73.26684694561492,70.62099789792914,71.75360870361328,1692900,0.0,0.0,BG
2021-09-23 00:00:00-04:00,72.15280323168028,73.89813351695352,71.95784669047076,73.0533218383789,609700,0.0,0.0,BG
2021-09-24 00:00:00-04:00,72.71910143904886,73.7124553842651,72.3570383149067,73.12757873535156,827400,0.0,0.0,BG
2021-09-27 00:00:00-04:00,73.61961662661523,74.81720562436118,73.1090111757245,74.58511352539062,922100,0.0,0.0,BG
2021-09-28 00:00:00-04:00,75.14214989190403,76.41401022476481,74.67796563427258,74.90077209472656,1105200,0.0,0.0,BG
2021-09-29 00:00:00-04:00,75.42993519727838,76.02409042789351,74.7615087921141,75.14214324951172,695400,0.0,0.0,BG
2021-09-30 00:00:00-04:00,75.21642066956372,75.9869683055523,74.18593804237057,75.49493408203125,1241000,0.0,0.0,BG
2021-10-01 00:00:00-04:00,75.82913689783726,77.13813275717452,74.94718968466836,76.60896301269531,952600,0.0,0.0,BG
2021-10-04 00:00:00-04:00,76.60896468432298,77.63017568971448,76.42329381946425,76.6739501953125,835600,0.0,0.0,BG
2021-10-05 00:00:00-04:00,76.99888524411435,78.17791011632801,75.91268872193601,78.0943603515625,1433800,0.0,0.0,BG
2021-10-06 00:00:00-04:00,77.44450641323517,78.2893252335805,76.18192455873708,77.91797637939453,952600,0.0,0.0,BG
2021-10-07 00:00:00-04:00,78.26147267528805,78.99487760693893,77.89012383359909,78.4471435546875,677300,0.0,0.0,BG
2021-10-08 00:00:00-04:00,78.67922468223065,78.91131679043782,78.10363370403682,78.3171615600586,529100,0.0,0.0,BG
2021-10-11 00:00:00-04:00,78.957750077089,79.44978428820383,78.35430908721813,78.85562896728516,689700,0.0,0.0,BG
2021-10-12 00:00:00-04:00,78.38215304516179,79.03200816454998,78.10363966091565,78.4192886352539,619600,0.0,0.0,BG
2021-10-13 00:00:00-04:00,78.5492559990579,78.67922701687942,77.08243213177015,78.03865051269531,844200,0.0,0.0,BG
2021-10-14 00:00:00-04:00,78.60496289721142,79.83969476025781,78.16862854839879,79.71900939941406,862900,0.0,0.0,BG
2021-10-15 00:00:00-04:00,80.25744837708177,80.42455497870668,79.44977237163562,79.48690795898438,625500,0.0,0.0,BG
2021-10-18 00:00:00-04:00,79.02272609586302,79.95109455857475,78.71636280327472,79.54261016845703,483200,0.0,0.0,BG
2021-10-19 00:00:00-04:00,80.05322502023628,80.52668789192175,79.49619821114027,80.27603149414062,538100,0.0,0.0,BG
2021-10-20 00:00:00-04:00,80.30387129478262,81.72427389656102,79.96037241686078,81.30651092529297,996800,0.0,0.0,BG
2021-10-21 00:00:00-04:00,81.32507352880098,81.85424325369165,80.6473685373407,81.40863037109375,683600,0.0,0.0,BG
2021-10-22 00:00:00-04:00,81.32508779456174,82.26274206205471,81.18583108823857,82.00279998779297,665500,0.0,0.0,BG
2021-10-25 00:00:00-04:00,82.24415611641012,82.80118284277012,81.45504436458555,81.99349975585938,773200,0.0,0.0,BG
2021-10-26 00:00:00-04:00,82.45769086690156,82.73620425336821,80.81448171883929,81.00015258789062,1050500,0.0,0.0,BG
2021-10-27 00:00:00-04:00,83.5531550812044,84.62078014604197,82.65263660984476,84.12874603271484,2073000,0.0,0.0,BG
2021-10-28 00:00:00-04:00,84.7507630429357,86.27328684914384,83.553166802158,86.25472259521484,2044100,0.0,0.0,BG
2021-10-29 00:00:00-04:00,86.28257988021433,86.96957066044521,85.37277553648397,86.00406646728516,1302600,0.0,0.0,BG
2021-11-01 00:00:00-04:00,86.59822040291428,87.35948235866027,85.21495319563358,85.52131652832031,1447900,0.0,0.0,BG
2021-11-02 00:00:00-04:00,85.18708763226962,85.40060840102277,83.89665610373733,84.60221099853516,910100,0.0,0.0,BG
2021-11-03 00:00:00-04:00,84.03591591317895,85.07569121283377,82.70834863679664,84.90858459472656,1451800,0.0,0.0,BG
2021-11-04 00:00:00-04:00,85.13138851143327,86.16187811178848,84.98285323471977,85.93907165527344,958800,0.0,0.0,BG
2021-11-05 00:00:00-04:00,86.33827111939115,86.52394198756734,85.36348135424218,86.26399993896484,887100,0.0,0.0,BG
2021-11-08 00:00:00-05:00,86.68176060027845,87.35017990283471,85.72553519266799,85.86479187011719,550600,0.0,0.0,BG
2021-11-09 00:00:00-05:00,85.87408948690945,86.98812889574586,85.0107064660498,86.23615264892578,769900,0.0,0.0,BG
2021-11-10 00:00:00-05:00,85.99477174986319,86.59821269245651,85.3449166319255,85.68841552734375,1076400,0.0,0.0,BG
2021-11-11 00:00:00-05:00,85.90194765982592,87.55444267755983,85.52132020702531,87.2295150756836,828300,0.0,0.0,BG
2021-11-12 00:00:00-05:00,87.26664281528436,88.4920890055451,86.80245854499029,88.3156967163086,981600,0.0,0.0,BG
2021-11-15 00:00:00-05:00,88.53850796774185,89.33690545855669,87.97220260605017,89.26263427734375,977400,0.0,0.0,BG
2021-11-16 00:00:00-05:00,89.26263187758602,90.04245801068774,88.4642344082355,88.87271881103516,1114900,0.0,0.0,BG
2021-11-17 00:00:00-05:00,88.45731739338814,89.41880881256394,87.5144925989765,89.26944732666016,1272700,0.525,0.0,BG
2021-11-18 00:00:00-05:00,88.77470715569194,89.71753202750183,88.23328240776561,89.63351440429688,848400,0.0,0.0,BG
2021-11-19 00:00:00-05:00,88.8307052304083,89.68951232386198,87.59849445900052,87.85054016113281,878200,0.0,0.0,BG
2021-11-22 00:00:00-05:00,88.08391039923582,89.12941931126106,87.41179803593008,87.94388580322266,973400,0.0,0.0,BG
2021-11-23 00:00:00-05:00,87.803858500308,88.52264808077419,87.32778485926562,88.02790069580078,640900,0.0,0.0,BG
2021-11-24 00:00:00-05:00,87.96257095177828,88.13059906438897,86.44098106481803,86.6650161743164,841600,0.0,0.0,BG
2021-11-26 00:00:00-05:00,84.79803945633353,84.8913939461361,83.44448481756791,84.46199035644531,902400,0.0,0.0,BG
2021-11-29 00:00:00-05:00,85.6474996803538,85.88087161408774,83.90187505212334,84.5553207397461,944100,0.0,0.0,BG
2021-11-30 00:00:00-05:00,83.92056638383266,83.92056638383266,80.27996203016805,80.81204986572266,2229700,0.0,0.0,BG
2021-12-01 00:00:00-05:00,82.42698564033564,83.01508046215004,78.83305147451604,78.87039184570312,1022600,0.0,0.0,BG
2021-12-02 00:00:00-05:00,79.35580145270195,81.24144371260239,78.76769956894262,80.32662963867188,1328000,0.0,0.0,BG
2021-12-03 00:00:00-05:00,81.01741773920025,82.39897587775779,80.31730179654068,80.85872650146484,1486800,0.0,0.0,BG
2021-12-06 00:00:00-05:00,81.88556088465316,82.51099607722392,80.53199913735722,80.8027114868164,1043700,0.0,0.0,BG
2021-12-07 00:00:00-05:00,81.6148471276922,82.7630403747731,80.86805396123906,81.94156646728516,743300,0.0,0.0,BG
2021-12-08 00:00:00-05:00,81.89490708981677,82.83772486177138,81.16678045212188,81.23212432861328,630100,0.0,0.0,BG
2021-12-09 00:00:00-05:00,81.11076225720788,81.11076225720788,79.21578297850407,79.79454803466797,934900,0.0,0.0,BG
2021-12-10 00:00:00-05:00,80.51333484850241,81.24145430240331,80.0745943770627,81.12944030761719,942000,0.0,0.0,BG
2021-12-13 00:00:00-05:00,81.01740373094829,82.53898621933922,80.76535804687991,82.0162353515625,962600,0.0,0.0,BG
2021-12-14 00:00:00-05:00,82.04423926728295,82.93104979710473,81.24143921795215,81.28811645507812,729800,0.0,0.0,BG
2021-12-15 00:00:00-05:00,81.16676980343082,82.20294193895951,79.99990993206495,81.94156646728516,611100,0.0,0.0,BG
2021-12-16 00:00:00-05:00,82.75370150801288,83.35113317800351,82.14693296513099,82.39897155761719,810000,0.0,0.0,BG
2021-12-17 00:00:00-05:00,82.38031753542843,82.90306854614819,81.3441452663601,82.22162628173828,1070100,0.0,0.0,BG
2021-12-20 00:00:00-05:00,81.02675211773237,81.55883993289254,78.5250042747808,80.11193084716797,818400,0.0,0.0,BG
2021-12-21 00:00:00-05:00,81.26012233303632,82.9964103495551,80.99873974571155,82.39897155761719,1015000,0.0,0.0,BG
2021-12-22 00:00:00-05:00,82.19361835712661,83.08042907714844,82.05359373766316,83.08042907714844,938700,0.0,0.0,BG
2021-12-23 00:00:00-05:00,83.08975657745133,84.38730413566763,82.8937249810964,84.16326904296875,481200,0.0,0.0,BG
2021-12-27 00:00:00-05:00,84.26596156836898,85.21812334990337,83.6031859198629,85.00341796875,366800,0.0,0.0,BG
2021-12-28 00:00:00-05:00,84.7980269052512,85.65684107946609,84.52732171512368,85.62883758544922,456000,0.0,0.0,BG
2021-12-29 00:00:00-05:00,85.69418561948598,86.30094701126349,85.33945568613635,86.07691192626953,482500,0.0,0.0,BG
2021-12-30 00:00:00-05:00,86.35697112302529,87.0290835777763,85.74086566552094,85.93689727783203,411300,0.0,0.0,BG
2021-12-31 00:00:00-05:00,85.57282448943276,87.62650191234593,85.42347014559084,87.15042114257812,480600,0.0,0.0,BG
2022-01-03 00:00:00-05:00,87.2997849839457,88.05591502335477,86.4503147011841,87.4771499633789,577700,0.0,0.0,BG
2022-01-04 00:00:00-05:00,88.68134755463899,89.2694423482056,88.01857202228537,88.24260711669922,1003900,0.0,0.0,BG
2022-01-05 00:00:00-05:00,88.55067529985702,89.21345094805234,87.60785039323619,87.7198715209961,975100,0.0,0.0,BG
2022-01-06 00:00:00-05:00,88.67202169475875,90.1375975462276,87.719867083783,89.72686767578125,1065200,0.0,0.0,BG
2022-01-07 00:00:00-05:00,89.4561630172583,90.82839161291898,88.40131694530076,90.56700897216795,797400,0.0,0.0,BG
2022-01-10 00:00:00-05:00,90.54832531973044,91.36979209893622,88.59733904838647,89.71752166748047,978300,0.0,0.0,BG
2022-01-11 00:00:00-05:00,89.7642102241329,91.26711936408908,89.02675384353796,91.2577896118164,1158800,0.0,0.0,BG
2022-01-12 00:00:00-05:00,91.48181294600748,92.99406588717926,90.8190374007262,92.01390075683594,1250200,0.0,0.0,BG
2022-01-13 00:00:00-05:00,92.65800773001648,93.28344289202694,91.80853035198513,92.20993041992188,583700,0.0,0.0,BG
2022-01-14 00:00:00-05:00,91.752521468723,92.86337428727975,90.66967214610514,92.14458465576172,733300,0.0,0.0,BG
2022-01-18 00:00:00-05:00,91.41647966956712,91.83654641869563,90.37097055087304,91.56583404541016,733300,0.0,0.0,BG
2022-01-19 00:00:00-05:00,91.70584546038808,91.74318582945764,89.94155397304831,90.32428741455078,814800,0.0,0.0,BG
2022-01-20 00:00:00-05:00,90.34294813024935,91.43512714681002,88.24260058058042,88.45730590820312,1207500,0.0,0.0,BG
2022-01-21 00:00:00-05:00,87.6171753774357,89.1294283482028,86.03957853816341,88.05591583251953,1205500,0.0,0.0,BG
2022-01-24 00:00:00-05:00,85.70352655730228,87.84121482109826,83.65919278622451,87.45848846435547,1733900,0.0,0.0,BG
2022-01-25 00:00:00-05:00,86.80504912255476,88.68136203985945,84.41532206660942,88.39198303222656,1282500,0.0,0.0,BG
2022-01-26 00:00:00-05:00,88.68135872471451,91.70585780707508,88.59734822445779,89.88555908203125,1061200,0.0,0.0,BG
2022-01-27 00:00:00-05:00,90.90305232982756,93.0034001785736,89.89489077510974,90.16559600830078,1192600,0.0,0.0,BG
2022-01-28 00:00:00-05:00,89.99757235581201,92.14459026453062,89.78286700396639,91.6591796875,913700,0.0,0.0,BG
2022-01-31 00:00:00-05:00,91.2857827927098,92.38729880196576,90.56699311986743,92.28461456298828,1072700,0.0,0.0,BG
2022-02-01 00:00:00-05:00,92.28461587055683,93.40479852006791,91.66851042796245,93.3394546508789,1648200,0.0,0.0,BG
2022-02-02 00:00:00-05:00,93.39546895656316,94.40363049437178,92.06991070157358,93.96489715576172,1383600,0.0,0.0,BG
2022-02-03 00:00:00-05:00,92.8820520252262,94.07691547458175,91.97656756446358,92.21927642822266,956200,0.0,0.0,BG
2022-02-04 00:00:00-05:00,92.10724495808324,92.85403809097966,90.41763421929032,91.57515716552734,788800,0.0,0.0,BG
2022-02-07 00:00:00-05:00,91.6871908382555,92.779370069199,91.17376959877876,92.34062957763672,666600,0.0,0.0,BG
2022-02-08 00:00:00-05:00,92.88203513345282,94.48763527225611,92.52731233704496,94.24492645263672,1329700,0.0,0.0,BG
2022-02-09 00:00:00-05:00,93.81553575317407,96.70001000108007,92.42464074958578,92.97539520263672,1832100,0.0,0.0,BG
2022-02-10 00:00:00-05:00,92.97539015009704,96.09324333000345,91.82720406171462,92.47130584716795,1453000,0.0,0.0,BG
2022-02-11 00:00:00-05:00,95.24377408498115,95.59850406285828,93.61017017786696,94.9263916015625,1540800,0.0,0.0,BG
2022-02-14 00:00:00-05:00,95.2157599998184,95.262437240754,93.22743345784076,94.1235809326172,1801600,0.0,0.0,BG
2022-02-15 00:00:00-05:00,94.29717701597944,95.8079593403653,93.84676162092664,95.3575439453125,1407100,0.525,0.0,BG
2022-02-16 00:00:00-05:00,95.28247471027828,96.68064964127022,94.9071237655276,96.4272918701172,1488100,0.0,0.0,BG
2022-02-17 00:00:00-05:00,95.09479690384352,95.19801859398255,93.64970756034484,93.8373794555664,1964300,0.0,0.0,BG
2022-02-18 00:00:00-05:00,93.75292768184345,94.5880797722866,92.63626059405422,93.1805191040039,1183700,0.0,0.0,BG
2022-02-22 00:00:00-05:00,92.88960909177302,94.14703355271548,91.81047792196692,93.02098083496094,975000,0.0,0.0,BG
2022-02-23 00:00:00-05:00,93.7060169610876,94.6725409195572,93.36820178891236,93.537109375,1647500,0.0,0.0,BG
2022-02-24 00:00:00-05:00,91.82926741422712,95.96749245467348,90.9190436156116,95.6296844482422,2242600,0.0,0.0,BG
2022-02-25 00:00:00-05:00,94.90711832599509,98.80137073104264,93.82798710639535,98.70753479003906,2033300,0.0,0.0,BG
2022-02-28 00:00:00-05:00,97.77854282707833,99.18610346562104,96.96216223862666,98.1069793701172,2819600,0.0,0.0,BG
2022-03-01 00:00:00-05:00,98.39787494002675,100.4435300625648,97.534572782426,99.34563446044922,2292300,0.0,0.0,BG
2022-03-02 00:00:00-05:00,100.21833103866872,101.7197277817299,99.78667276326576,101.12854766845705,2145800,0.0,0.0,BG
2022-03-03 00:00:00-05:00,102.04815389049872,103.06159934390092,100.91272241666309,102.47980499267578,2106100,0.0,0.0,BG
2022-03-04 00:00:00-05:00,102.32966936856978,102.32966936856978,100.16202094572354,101.6446533203125,2074400,0.0,0.0,BG
2022-03-07 00:00:00-05:00,102.75192176555764,105.68902891541714,100.84702427008284,102.0481414794922,3034100,0.0,0.0,BG
2022-03-08 00:00:00-05:00,102.1795204783919,103.07097270698424,98.99843393235552,99.75851440429688,2568700,0.0,0.0,BG
2022-03-09 00:00:00-05:00,100.40599224042047,101.71971693522396,98.5761662735602,100.85641479492188,1671500,0.0,0.0,BG
2022-03-10 00:00:00-05:00,100.08695482908576,103.4369490717979,99.95557590812584,102.9865264892578,1932900,0.0,0.0,BG
2022-03-11 00:00:00-05:00,102.8832967803626,104.30962888125264,102.4141099080847,103.15542602539062,1370900,0.0,0.0,BG
2022-03-14 00:00:00-04:00,103.37126369739872,103.69030736054204,99.88051193308831,101.4851303100586,1631300,0.0,0.0,BG
2022-03-15 00:00:00-04:00,101.91677371015172,102.74254003404587,99.53330352253892,101.40066528320312,1474800,0.0,0.0,BG
2022-03-16 00:00:00-04:00,101.2130020745688,101.56958155334578,96.61496886672758,97.64717864990234,3064100,0.0,0.0,BG
2022-03-17 00:00:00-04:00,98.11636589426294,100.20894269632072,97.87239385181029,98.8952178955078,1965300,0.0,0.0,BG
2022-03-18 00:00:00-04:00,98.28526472241526,98.95150922683878,96.81201821900584,98.44479370117188,2290900,0.0,0.0,BG
2022-03-21 00:00:00-04:00,99.89927266286084,103.34310274838204,99.47700732173274,103.2961883544922,2967100,0.0,0.0,BG
2022-03-22 00:00:00-04:00,104.15010760131788,104.32840091691251,102.45165328909198,103.5307846069336,2017700,0.0,0.0,BG
2022-03-23 00:00:00-04:00,103.96243003831114,105.36999068249207,103.64337923616716,105.0603256225586,1256900,0.0,0.0,BG
2022-03-24 00:00:00-04:00,105.66090131047366,107.162298141397,105.37939343173947,106.96524047851562,1680800,0.0,0.0,BG
2022-03-25 00:00:00-04:00,107.0590646506956,110.21200122810292,107.0590646506956,109.9867935180664,2243400,0.0,0.0,BG
2022-03-28 00:00:00-04:00,109.35806522155242,109.35806522155242,106.00807160218996,106.84322357177734,1355000,0.0,0.0,BG
2022-03-29 00:00:00-04:00,103.22110165688026,103.22110165688026,97.6002454894198,101.41942596435548,2750200,0.0,0.0,BG
2022-03-30 00:00:00-04:00,102.16075173296532,104.39407865863409,102.16075173296532,102.94898223876952,1147900,0.0,0.0,BG
2022-03-31 00:00:00-04:00,102.60179050478236,105.22924007631347,101.8604814837586,103.981201171875,1234400,0.0,0.0,BG
2022-04-01 00:00:00-04:00,104.66620678646588,106.59925438085024,104.290855862323,105.8297882080078,1005100,0.0,0.0,BG
2022-04-04 00:00:00-04:00,106.41158202474551,106.41158202474551,103.76536840219046,104.58174896240234,817600,0.0,0.0,BG
2022-04-05 00:00:00-04:00,104.96649409644633,105.8579463449284,104.53484300650165,104.99464416503906,1102900,0.0,0.0,BG
2022-04-06 00:00:00-04:00,105.12601909790423,107.88484045085308,105.00403307724548,106.18638610839844,1943500,0.0,0.0,BG
2022-04-07 00:00:00-04:00,106.80569631089098,110.41843369383676,106.740010436991,109.54574584960938,2038600,0.0,0.0,BG
2022-04-08 00:00:00-04:00,110.72809883101546,112.48286026269176,109.78033937033696,110.9626922607422,1344800,0.0,0.0,BG
2022-04-11 00:00:00-04:00,112.51102624102572,112.54856205419742,109.43316115318956,110.41844940185548,1734500,0.0,0.0,BG
2022-04-12 00:00:00-04:00,111.572654696017,113.99366100146015,111.19730371576443,111.94800567626952,1436100,0.0,0.0,BG
2022-04-13 00:00:00-04:00,112.11690987963756,113.9467360092746,111.77909472351624,113.50569915771484,1378700,0.0,0.0,BG
2022-04-14 00:00:00-04:00,114.48160424085032,116.70555273662023,114.47221849821508,116.32081604003906,1375500,0.0,0.0,BG
2022-04-18 00:00:00-04:00,116.23635790679492,120.08368881410291,115.8985427872046,118.94825744628906,2507900,0.0,0.0,BG
2022-04-19 00:00:00-04:00,116.44280369174484,118.40400869504649,114.37838415490278,115.64518737792967,2324000,0.0,0.0,BG
2022-04-20 00:00:00-04:00,115.26044910227591,118.83565078863676,114.18131786100622,118.23509216308594,2295600,0.0,0.0,BG
2022-04-21 00:00:00-04:00,119.50190861102767,120.48719686001616,114.61298170159618,114.79127502441406,1816300,0.0,0.0,BG
2022-04-22 00:00:00-04:00,114.50974378020722,115.45750324094756,109.5082101398934,110.67179870605467,3243600,0.0,0.0,BG
2022-04-25 00:00:00-04:00,109.2173309326172,109.9492613841357,105.53890718901306,109.2173309326172,1977400,0.0,0.0,BG
2022-04-26 00:00:00-04:00,112.60484904280526,113.41185103368323,107.7346870307524,107.78160858154295,2350700,0.0,0.0,BG
2022-04-27 00:00:00-04:00,110.72812155980588,114.2751737998898,106.74003243582982,111.62895965576172,2712700,0.0,0.0,BG
2022-04-28 00:00:00-04:00,112.7549894477892,113.41184818702892,108.33524293367871,109.63020324707033,2244900,0.0,0.0,BG
2022-04-29 00:00:00-04:00,110.03370863508069,110.03370863508069,105.99869862052016,106.14884185791016,1523300,0.0,0.0,BG
2022-05-02 00:00:00-04:00,106.15822199620231,108.99211479005812,106.14884341314574,108.13819122314452,1652500,0.0,0.0,BG
2022-05-03 00:00:00-04:00,107.91298746177544,110.4184438002829,107.50010069705698,109.57390594482422,1283000,0.0,0.0,BG
2022-05-04 00:00:00-04:00,110.07125757701697,111.55388284740498,107.87545900316154,111.3662109375,1863500,0.0,0.0,BG
2022-05-05 00:00:00-04:00,111.14097958835292,111.6007806813366,107.30302756138298,107.74406433105467,1033200,0.0,0.0,BG
2022-05-06 00:00:00-04:00,107.50009123351818,108.47600076288902,106.18637375092602,108.1288070678711,1475600,0.0,0.0,BG
2022-05-09 00:00:00-04:00,106.23329325769116,106.78693750278154,100.94086578680448,101.18484497070312,1775500,0.0,0.0,BG
2022-05-10 00:00:00-04:00,102.03876652001978,104.25332929358592,101.6258869101716,103.5307846069336,1703000,0.0,0.0,BG
2022-05-11 00:00:00-04:00,103.69031086325867,106.04563124129652,102.3578217088406,103.00529479980467,1910400,0.0,0.0,BG
2022-05-12 00:00:00-04:00,102.86453322593434,103.72783535917776,100.01187616201284,102.4422607421875,1537000,0.0,0.0,BG
2022-05-13 00:00:00-04:00,104.0938066864826,104.76005123027916,101.60711466633614,102.8270034790039,1496200,0.0,0.0,BG
2022-05-16 00:00:00-04:00,103.64337372795644,105.84855768068924,103.5776878544212,105.63272857666016,1460400,0.0,0.0,BG
2022-05-17 00:00:00-04:00,107.443802949024,110.27768875010996,105.83918456758217,109.31116485595705,1455400,0.0,0.0,BG
2022-05-18 00:00:00-04:00,108.60892424747612,109.26875686958722,104.2822848802053,104.9044189453125,1240200,0.525,0.0,BG
2022-05-19 00:00:00-04:00,103.68842478754712,105.1777693423062,101.4732644235948,104.01834106445312,1609500,0.0,0.0,BG
2022-05-20 00:00:00-04:00,104.15973555198195,105.88473561336023,100.9359698970896,103.10399627685548,1283800,0.0,0.0,BG
2022-05-23 00:00:00-04:00,104.07491677926764,107.80769969288608,103.37737119858872,106.93106079101562,1204500,0.0,0.0,BG
2022-05-24 00:00:00-04:00,106.38432808344808,108.91055553504894,105.63965578033648,108.83514404296876,2011000,0.0,0.0,BG
2022-05-25 00:00:00-04:00,108.77857840499242,110.088822387579,107.76054493615774,109.0896453857422,1165400,0.0,0.0,BG
2022-05-26 00:00:00-04:00,109.45727089931977,109.74948142245567,107.33637136695458,108.3355484008789,1013800,0.0,0.0,BG
2022-05-27 00:00:00-04:00,108.1658812708741,108.27899850694357,106.22408213064628,108.13760375976562,1279800,0.0,0.0,BG
2022-05-31 00:00:00-04:00,109.7212038365826,111.83267513368156,109.01423732628456,111.53103637695312,2564000,0.0,0.0,BG
2022-06-01 00:00:00-04:00,111.8609515224012,112.1625902761067,105.83759749035664,107.55316925048828,1730100,0.0,0.0,BG
2022-06-02 00:00:00-04:00,106.98761779699372,109.65524030153708,106.34663442472954,108.59007263183594,1341900,0.0,0.0,BG
2022-06-03 00:00:00-04:00,107.98677509273776,108.22243059508163,105.71505978979305,106.5068588256836,1473500,0.0,0.0,BG
2022-06-06 00:00:00-04:00,107.31751061274127,107.31751061274127,105.09292217232026,105.47940063476562,1492500,0.0,0.0,BG
2022-06-07 00:00:00-04:00,104.63104515065096,106.81792796883698,104.34825566548156,106.33718872070312,1398500,0.0,0.0,BG
2022-06-08 00:00:00-04:00,105.69620719041303,107.12899672441482,105.37571914748148,106.07325744628906,1044400,0.0,0.0,BG
2022-06-09 00:00:00-04:00,106.33718829519717,106.91218830554152,103.83924568328266,103.86752319335938,933700,0.0,0.0,BG
2022-06-10 00:00:00-04:00,102.56671019497004,103.48105479863617,100.77573392693007,100.82286071777344,1167600,0.0,0.0,BG
2022-06-13 00:00:00-04:00,98.5134375394666,99.61630366884856,96.36426030529586,96.5622100830078,1315800,0.0,0.0,BG
2022-06-14 00:00:00-04:00,97.22203804132356,98.4285931193735,96.66589448163684,98.36260986328124,1328900,0.0,0.0,BG
2022-06-15 00:00:00-04:00,98.80564431469205,99.59745058693156,96.9863834461971,97.95728302001952,1229400,0.0,0.0,BG
2022-06-16 00:00:00-04:00,95.83637594107051,96.6564596608779,94.19621569309078,94.4884262084961,1620800,0.0,0.0,BG
2022-06-17 00:00:00-04:00,94.36589957559094,94.66753836174514,90.56713364033672,91.99991607666016,3743800,0.0,0.0,BG
2022-06-21 00:00:00-04:00,92.47121886366897,93.58351313661834,91.86794134528648,93.04621887207033,1872200,0.0,0.0,BG
2022-06-22 00:00:00-04:00,91.14212821912987,91.2175325174069,87.58843906708412,87.72040557861328,2220300,0.0,0.0,BG
2022-06-23 00:00:00-04:00,87.15483353837084,87.27737181540172,81.11262996120577,82.37574005126953,3119200,0.0,0.0,BG
2022-06-24 00:00:00-04:00,82.42286378953061,84.26097367479356,80.59417494558262,83.31835174560547,3142300,0.0,0.0,BG
2022-06-27 00:00:00-04:00,84.12900910341523,86.16507596899517,82.87532018294061,85.70318603515625,1973400,0.0,0.0,BG
2022-06-28 00:00:00-04:00,86.91916664902135,88.9458052216161,84.85482233651385,85.50523376464844,1218600,0.0,0.0,BG
2022-06-29 00:00:00-04:00,85.68434135602998,86.89089636702577,84.55319063949506,86.23106384277344,1339000,0.0,0.0,BG
2022-06-30 00:00:00-04:00,86.1744991741567,86.93802786373689,85.22245615798431,85.48638916015625,1729800,0.0,0.0,BG
2022-07-01 00:00:00-04:00,85.38270266260864,86.19335815961631,83.02614765773406,85.7314682006836,1287000,0.0,0.0,BG
2022-07-05 00:00:00-04:00,83.69541337127458,84.60975791796095,80.57533666142102,81.6499252319336,1450500,0.0,0.0,BG
2022-07-06 00:00:00-04:00,82.01754009731204,82.33802811697929,78.97286795229844,80.9240951538086,2323900,0.0,0.0,BG
2022-07-07 00:00:00-04:00,83.44090858744065,85.32615286560966,82.3663199242152,83.65771484375,1957200,0.0,0.0,BG
2022-07-08 00:00:00-04:00,84.33639081578076,84.78884534484443,82.53597935820325,82.6679458618164,953300,0.0,0.0,BG
2022-07-11 00:00:00-04:00,82.06467775138614,83.38435013014283,81.65934996058878,82.13066101074219,959100,0.0,0.0,BG
2022-07-12 00:00:00-04:00,80.95237205776323,84.18556569706298,80.69786729061282,82.56425476074219,1421200,0.0,0.0,BG
2022-07-13 00:00:00-04:00,81.85731200311275,83.26182432098194,81.71592442019174,82.11182403564453,998000,0.0,0.0,BG
2022-07-14 00:00:00-04:00,80.29254355082429,80.83926604569011,79.21795502871439,80.71672058105469,1091100,0.0,0.0,BG
2022-07-15 00:00:00-04:00,81.53680549203368,81.69704951093884,80.05688919446797,81.45197296142578,863900,0.0,0.0,BG
2022-07-18 00:00:00-04:00,82.46057675805488,84.36467005760537,82.42287101458598,82.67737579345703,1183500,0.0,0.0,BG
2022-07-19 00:00:00-04:00,83.06385643691627,84.97737802015487,82.86590667226766,84.83598327636719,1299000,0.0,0.0,BG
2022-07-20 00:00:00-04:00,84.16670776588367,86.69293466906856,84.04416951158184,86.61752319335938,1605100,0.0,0.0,BG
2022-07-21 00:00:00-04:00,85.69377124515978,87.22081431411085,85.44868750643067,86.33474731445312,1367700,0.0,0.0,BG
2022-07-22 00:00:00-04:00,86.2122031662329,87.60728682435561,85.3449926933745,85.79744720458984,876600,0.0,0.0,BG
2022-07-25 00:00:00-04:00,87.14539453301275,89.51137759045912,86.71178930830261,88.79498291015625,1292300,0.0,0.0,BG
2022-07-26 00:00:00-04:00,90.03926176958139,91.62286721940087,88.8232855629957,89.86016845703125,1765200,0.0,0.0,BG
2022-07-27 00:00:00-04:00,85.49581850414117,87.50360810724105,83.33722030177698,86.26876831054688,3247800,0.0,0.0,BG
2022-07-28 00:00:00-04:00,84.96794947417226,85.99541122973078,83.76139442266657,84.19499969482422,2134700,0.0,0.0,BG
2022-07-29 00:00:00-04:00,84.52490972328849,87.28679236342843,84.2704049575163,87.03228759765625,1682600,0.0,0.0,BG
2022-08-01 00:00:00-04:00,87.16425519682626,89.24744889900822,86.75892745982756,88.45564270019531,1701900,0.0,0.0,BG
2022-08-02 00:00:00-04:00,88.17284858737777,88.88924320602277,87.20194923391142,87.6072769165039,1529500,0.0,0.0,BG
2022-08-03 00:00:00-04:00,87.51302847492299,89.83188506789011,87.12655717051886,89.59622955322266,2167300,0.0,0.0,BG
2022-08-04 00:00:00-04:00,89.13433956649682,91.0195836838365,88.5781960038667,89.59622955322266,1524400,0.0,0.0,BG
2022-08-05 00:00:00-04:00,89.21917979630163,91.77368472675607,89.13434007089076,91.1986846923828,1351300,0.0,0.0,BG
2022-08-08 00:00:00-04:00,91.32122690270512,92.16958823515417,90.55770529931895,90.76508331298828,1147900,0.0,0.0,BG
2022-08-09 00:00:00-04:00,91.49089510212046,93.22532343709692,91.17040705279533,91.79253387451172,1044700,0.0,0.0,BG
2022-08-10 00:00:00-04:00,92.3392465473175,92.9425240277503,91.29293559402174,92.23555755615234,1115000,0.0,0.0,BG
2022-08-11 00:00:00-04:00,93.12163419578276,94.06425625603973,92.64089493139372,92.93310546875,853700,0.0,0.0,BG
2022-08-12 00:00:00-04:00,94.33760025268408,95.46874364133842,93.65891134283775,95.43103790283205,1034200,0.0,0.0,BG
2022-08-15 00:00:00-04:00,93.71547855219346,94.9314618086604,92.20728477381262,94.59211730957033,1010900,0.0,0.0,BG
2022-08-16 00:00:00-04:00,94.49786306800256,95.16712387860512,93.11220746636866,93.80974578857422,1767300,0.0,0.0,BG
2022-08-17 00:00:00-04:00,93.34785532098954,94.3847380805704,92.857695046298,94.35646057128906,906700,0.0,0.0,BG
2022-08-18 00:00:00-04:00,94.8259960728912,96.02116418495562,94.54142982441196,95.50894927978516,1448000,0.625,0.0,BG
2022-08-19 00:00:00-04:00,94.85445300893124,95.66071441214308,94.42761086511923,94.87342071533205,1390200,0.0,0.0,BG
2022-08-22 00:00:00-04:00,93.61185513454777,94.28532083317084,92.87199161315394,94.19046783447266,930600,0.0,0.0,BG
2022-08-23 00:00:00-04:00,94.56039837949103,97.46294207589597,94.56039837949103,96.66616821289062,1661000,0.0,0.0,BG
2022-08-24 00:00:00-04:00,96.3057185719049,97.70008009621786,95.41408445718616,96.1160125732422,993200,0.0,0.0,BG
2022-08-25 00:00:00-04:00,96.66617353994435,97.65265345226987,96.2013815240911,97.64317321777344,838600,0.0,0.0,BG
2022-08-26 00:00:00-04:00,97.34912308939272,98.19332714718328,95.9832238790822,97.0550765991211,921000,0.0,0.0,BG
2022-08-29 00:00:00-04:00,96.37212106924235,99.16084425312351,96.14447241244196,98.45892333984376,1116300,0.0,0.0,BG
2022-08-30 00:00:00-04:00,98.23125966539612,98.79090464685925,94.38017156360807,94.74061584472656,1486500,0.0,0.0,BG
2022-08-31 00:00:00-04:00,94.0956091070476,95.3097521150316,93.20398222081032,94.06715393066406,1799300,0.0,0.0,BG
2022-09-01 00:00:00-04:00,93.27986176291652,93.88693689497671,92.0372707956002,93.02375793457033,891900,0.0,0.0,BG
2022-09-02 00:00:00-04:00,94.05766549157993,95.94526680750158,93.85846480063184,93.9153823852539,1134400,0.0,0.0,BG
2022-09-06 00:00:00-04:00,94.46553282534056,95.07260789602064,88.869126684239,89.25802612304688,1435200,0.0,0.0,BG
2022-09-07 00:00:00-04:00,88.52765951190996,91.2120421713168,87.97750196762061,90.65239715576172,1327900,0.0,0.0,BG
2022-09-08 00:00:00-04:00,90.111739871284,91.9613990054924,89.77975069806983,91.8855209350586,881400,0.0,0.0,BG
2022-09-09 00:00:00-04:00,92.8530245212822,93.04273053471668,90.79468460455396,91.90447998046876,1174200,0.0,0.0,BG
2022-09-12 00:00:00-04:00,92.40720881000676,93.04273192501118,89.57106261690511,90.0263671875,1235100,0.0,0.0,BG
2022-09-13 00:00:00-04:00,88.81221321499261,91.22151695838086,87.71190542894004,88.15772247314453,1000300,0.0,0.0,BG
2022-09-14 00:00:00-04:00,88.31898191489735,88.51817539811191,86.66851645624781,87.45580291748047,909000,0.0,0.0,BG
2022-09-15 00:00:00-04:00,87.35146728457907,87.79728439704071,86.21321667827686,86.50726318359375,922200,0.0,0.0,BG
2022-09-16 00:00:00-04:00,86.23217892587186,86.24165915980691,84.06001127948039,84.84729766845703,1630000,0.0,0.0,BG
2022-09-19 00:00:00-04:00,83.82288188607725,86.61159785545036,83.68059876063099,86.5546875,911400,0.0,0.0,BG
2022-09-20 00:00:00-04:00,86.12783650102284,86.12783650102284,84.2497153593281,85.56819152832031,872200,0.0,0.0,BG
2022-09-21 00:00:00-04:00,87.09536031066303,87.55066487896413,84.89473724365234,84.89473724365234,852500,0.0,0.0,BG
2022-09-22 00:00:00-04:00,85.61563139776688,86.17526919740526,83.59522691509162,83.75648498535156,967600,0.0,0.0,BG
2022-09-23 00:00:00-04:00,81.76453772750897,82.07755916742408,78.35926624951429,78.909423828125,1334600,0.0,0.0,BG
2022-09-26 00:00:00-04:00,78.13161469579703,80.04767144146003,77.10718487764674,77.70476531982422,1372400,0.0,0.0,BG
2022-09-27 00:00:00-04:00,78.80508717705477,80.55040576898013,77.5909512458335,77.97985076904297,1166700,0.0,0.0,BG
2022-09-28 00:00:00-04:00,78.32131980854354,79.99076017047764,78.027273326574,79.5828857421875,1161000,0.0,0.0,BG
2022-09-29 00:00:00-04:00,79.0706732690986,79.13707109728786,76.2724697766393,78.00830078125,1044700,0.0,0.0,BG
2022-09-30 00:00:00-04:00,78.92837979651337,79.13706072542102,77.82807203975423,78.3213119506836,1051500,0.0,0.0,BG
2022-10-03 00:00:00-04:00,79.14656163511663,80.26584452282547,78.52051874209029,80.04767608642578,1010900,0.0,0.0,BG
2022-10-04 00:00:00-04:00,81.091073024063,83.85134118830408,81.03416266581331,83.59523010253906,1300400,0.0,0.0,BG
2022-10-05 00:00:00-04:00,82.95969710180958,83.78493338227739,82.13446082134178,83.22528839111328,857800,0.0,0.0,BG
2022-10-06 00:00:00-04:00,82.4285136490878,83.36757062254473,81.74556049136648,81.81195831298828,1325400,0.0,0.0,BG
2022-10-07 00:00:00-04:00,81.54637145991873,82.01115623654026,80.28480554369726,81.11952209472656,879600,0.0,0.0,BG
2022-10-10 00:00:00-04:00,81.81196229176092,83.01661061029091,81.73607699569695,82.14395141601562,954100,0.0,0.0,BG
2022-10-11 00:00:00-04:00,81.29026174083197,83.23478088413533,80.01921556909556,81.76453399658203,1044600,0.0,0.0,BG
2022-10-12 00:00:00-04:00,82.09653137209695,83.7849394653867,79.37420598544301,83.09249877929688,1943700,0.0,0.0,BG
2022-10-13 00:00:00-04:00,82.50440598077311,86.18475613305628,80.82547811865803,85.70099639892578,1136200,0.0,0.0,BG
2022-10-14 00:00:00-04:00,85.85276831251807,86.83925550220111,80.25635408105686,80.6167984008789,1297500,0.0,0.0,BG
2022-10-17 00:00:00-04:00,82.1249913245891,84.1548761431693,82.1249913245891,83.32015228271484,1061000,0.0,0.0,BG
2022-10-18 00:00:00-04:00,84.32560548094702,85.00855866250728,83.50036918042501,84.70502471923828,1207000,0.0,0.0,BG
2022-10-19 00:00:00-04:00,84.4204634343577,86.15630166653028,84.11692947328001,85.9381332397461,1241100,0.0,0.0,BG
2022-10-20 00:00:00-04:00,86.45983452049568,87.00999207941064,85.19826857096251,85.20775604248047,1186200,0.0,0.0,BG
2022-10-21 00:00:00-04:00,84.94216510791797,86.64005343925481,84.35406489716651,86.12784576416016,853300,0.0,0.0,BG
2022-10-24 00:00:00-04:00,86.17526666166654,86.66851385591158,85.78636717853125,86.42189025878906,1123200,0.0,0.0,BG
2022-10-25 00:00:00-04:00,86.55468717077134,87.53168686532825,85.05598509716933,87.23764038085938,1822200,0.0,0.0,BG
2022-10-26 00:00:00-04:00,92.9573609815986,94.58885867916686,90.14967013057282,93.34626770019533,2825100,0.0,0.0,BG
2022-10-27 00:00:00-04:00,94.1240783333469,97.5008945959273,92.75817187350738,92.82456970214844,1840500,0.0,0.0,BG
2022-10-28 00:00:00-04:00,92.75815802432268,93.55493184905366,90.82312657406524,91.78115844726562,1124000,0.0,0.0,BG
2022-10-31 00:00:00-04:00,92.19852116136433,95.06312956222844,92.19852116136433,93.621337890625,1471800,0.0,0.0,BG
2022-11-01 00:00:00-04:00,94.27583956103086,95.75556670111274,93.2798649171632,94.63628387451172,1023400,0.0,0.0,BG
2022-11-02 00:00:00-04:00,93.27984861546012,96.41004788901776,93.15654045427624,94.07662963867188,1521200,0.0,0.0,BG
2022-11-03 00:00:00-04:00,92.44514757480415,94.44657708064491,91.67682883334255,93.6498031616211,960400,0.0,0.0,BG
2022-11-04 00:00:00-04:00,95.4615153165336,96.18241114332577,93.2514049545332,94.40863037109376,840700,0.0,0.0,BG
2022-11-07 00:00:00-05:00,94.42760027632497,97.96566692419172,94.42760027632497,97.8992691040039,1721700,0.0,0.0,BG
2022-11-08 00:00:00-05:00,98.07950926968272,100.31807501749368,97.66214734614556,99.17981719970705,1958300,0.0,0.0,BG
2022-11-09 00:00:00-05:00,97.76648467295472,98.6675990840799,94.4276111028359,94.78805541992188,1799900,0.0,0.0,BG
2022-11-10 00:00:00-05:00,97.47244043121314,98.83833966843768,95.63226167999348,96.93177032470705,1496000,0.0,0.0,BG
2022-11-11 00:00:00-05:00,97.7000800218322,98.35457801931425,94.750106152907,96.28675079345705,1003700,0.0,0.0,BG
2022-11-14 00:00:00-05:00,95.74608372418444,96.74205110270675,93.67825643381688,93.77310943603516,1340000,0.0,0.0,BG
2022-11-15 00:00:00-05:00,94.39914464854562,95.32872143479725,92.293381955482,94.62680053710938,1582400,0.0,0.0,BG
2022-11-16 00:00:00-05:00,94.6078292579366,94.77856756256044,93.45060377513276,94.29481506347656,881900,0.0,0.0,BG
2022-11-17 00:00:00-05:00,93.33548575910166,95.0632113007582,93.06821410432676,94.96775817871094,1051400,0.625,0.0,BG
2022-11-18 00:00:00-05:00,95.77912749734432,96.68595042823344,95.04413039409116,96.12276458740234,812600,0.0,0.0,BG
2022-11-21 00:00:00-05:00,95.68367825789812,97.43049898959816,93.72686354716606,96.67640686035156,1458200,0.0,0.0,BG
2022-11-22 00:00:00-05:00,97.25866013045678,98.14638791673744,95.0536619088523,96.96275329589844,1744400,0.0,0.0,BG
2022-11-23 00:00:00-05:00,96.89594209507209,97.52593850944602,96.23730319052127,96.58094024658205,588200,0.0,0.0,BG
2022-11-25 00:00:00-05:00,97.19186160331024,98.4423143807324,96.915042423078,97.15367889404295,544700,0.0,0.0,BG
2022-11-28 00:00:00-05:00,96.32323350923444,97.72640991210938,95.66459448561427,97.72640991210938,941600,0.0,0.0,BG
2022-11-29 00:00:00-05:00,98.53776347172716,100.80003229563768,98.53776347172716,99.4254913330078,1306400,0.0,0.0,BG
2022-11-30 00:00:00-05:00,101.00049561492696,101.37276791955676,97.88868133943718,100.0745849609375,2051500,0.0,0.0,BG
2022-12-01 00:00:00-05:00,98.88140443759238,99.78822739521132,91.78913552442566,94.4427719116211,2660500,0.0,0.0,BG
2022-12-02 00:00:00-05:00,93.94640075980978,94.423673684559,89.79412777101298,90.51958465576172,2621100,0.0,0.0,BG
2022-12-05 00:00:00-05:00,89.35502806420764,90.08048487190923,88.24775150073644,89.07820892333984,1540700,0.0,0.0,BG
2022-12-06 00:00:00-05:00,88.77276375712394,91.45503525634048,88.67731062896023,91.1304931640625,1608400,0.0,0.0,BG
2022-12-07 00:00:00-05:00,91.04457504043984,93.45958201215208,90.8441212979859,91.16867065429688,1196400,0.0,0.0,BG
2022-12-08 00:00:00-05:00,92.19004276255102,92.59095028399622,90.87276478836375,91.98004150390624,1148400,0.0,0.0,BG
2022-12-09 00:00:00-05:00,92.01821582676637,92.48594122582556,91.00639233483815,91.16867065429688,791700,0.0,0.0,BG
2022-12-12 00:00:00-05:00,91.35958212817675,91.35958212817675,90.02321648606429,91.1304931640625,729200,0.0,0.0,BG
2022-12-13 00:00:00-05:00,92.4954880159624,92.7341244621942,90.1663939703061,90.17594146728516,1036000,0.0,0.0,BG
2022-12-14 00:00:00-05:00,91.74140127929918,92.60049399195437,90.6818548141256,91.85594940185548,1346900,0.0,0.0,BG
2022-12-15 00:00:00-05:00,90.9204839070638,92.4000327524522,90.83457828406245,92.35230255126952,1105200,0.0,0.0,BG
2022-12-16 00:00:00-05:00,91.6077603061574,93.05866669745744,90.204576834624,91.71276092529295,1638500,0.0,0.0,BG
2022-12-19 00:00:00-05:00,92.28548202422292,93.43093399408808,90.86321091707572,91.81775665283205,807500,0.0,0.0,BG
2022-12-20 00:00:00-05:00,91.56003411277987,92.9345824361172,91.21639703194556,92.08503723144533,1096800,0.0,0.0,BG
2022-12-21 00:00:00-05:00,92.64822526659658,94.07050394011289,92.15186458931956,93.34504699707033,911500,0.0,0.0,BG
2022-12-22 00:00:00-05:00,93.27822695349758,93.27822695349758,91.14958638210304,92.69595336914062,545400,0.0,0.0,BG
2022-12-23 00:00:00-05:00,93.03004181785413,94.60504399714814,92.78185784665084,94.46186065673828,459700,0.0,0.0,BG
2022-12-27 00:00:00-05:00,94.75775692667428,96.218218095947,94.75775692667428,96.00821685791016,623800,0.0,0.0,BG
2022-12-28 00:00:00-05:00,96.0845945585711,96.56186751239048,94.39504422379036,94.9773178100586,707700,0.0,0.0,BG
2022-12-29 00:00:00-05:00,95.10140429395314,96.61913604433305,95.10140429395314,95.25413513183594,691100,0.0,0.0,BG
2022-12-30 00:00:00-05:00,95.0154972843044,95.4641350108324,94.328223088994,95.23503875732422,597000,0.0,0.0,BG
2023-01-03 00:00:00-05:00,95.40685262524556,95.45458282970309,91.0063957741877,91.22594451904295,876700,0.0,0.0,BG
2023-01-04 00:00:00-05:00,91.1304842881932,91.8654813143345,89.09729717155967,90.68184661865234,1384200,0.0,0.0,BG
2023-01-05 00:00:00-05:00,91.28322226141938,91.37868267799269,87.57958677224455,88.94458770751953,1409700,0.0,0.0,BG
2023-01-06 00:00:00-05:00,90.08050492599432,92.6005056794378,89.92777407664249,92.22823333740234,958200,0.0,0.0,BG
2023-01-09 00:00:00-05:00,92.19958329995542,94.68140842067388,91.63640472490172,93.58367919921876,1245200,0.0,0.0,BG
2023-01-10 00:00:00-05:00,94.2709641667102,94.75777737893382,92.09460047114494,93.0777816772461,907700,0.0,0.0,BG
2023-01-11 00:00:00-05:00,94.2136699523715,94.50003661272548,93.28776662012127,93.98458099365234,569800,0.0,0.0,BG
2023-01-12 00:00:00-05:00,94.22322622790598,96.64777372160025,93.60276992773969,95.97004699707033,990400,0.0,0.0,BG
2023-01-13 00:00:00-05:00,95.9700321223695,96.22775627466773,95.05366906154464,95.85548400878906,595900,0.0,0.0,BG
2023-01-17 00:00:00-05:00,96.38049515495784,97.73594850731472,96.05594578063462,96.60003662109376,730100,0.0,0.0,BG
2023-01-18 00:00:00-05:00,96.45686691699972,97.65958951760938,93.31641000574872,93.44049835205078,904000,0.0,0.0,BG
2023-01-19 00:00:00-05:00,93.30685401344616,95.15867523683258,92.99185214465446,93.91776275634766,742300,0.0,0.0,BG
2023-01-20 00:00:00-05:00,94.40458739370634,95.57867472801202,91.80822147875064,93.00140380859376,1118400,0.0,0.0,BG
2023-01-23 00:00:00-05:00,92.5909425010072,92.92503207412872,90.10912488018192,91.30230712890624,1373200,0.0,0.0,BG
2023-01-24 00:00:00-05:00,90.66276424407766,92.5241256606568,90.15684884735504,92.18048858642578,964300,0.0,0.0,BG
2023-01-25 00:00:00-05:00,91.359570275824,92.49548201664538,90.09957021274884,92.47638702392578,1112800,0.0,0.0,BG
2023-01-26 00:00:00-05:00,93.00140389721236,95.34003835289045,91.64595051704472,95.21595001220705,1283100,0.0,0.0,BG
2023-01-27 00:00:00-05:00,95.45458489487734,95.70276885473396,93.12549069300812,93.1636734008789,887300,0.0,0.0,BG
2023-01-30 00:00:00-05:00,92.84866686729178,93.24958163852888,91.95139876644336,92.6577606201172,740300,0.0,0.0,BG
2023-01-31 00:00:00-05:00,92.78185098366488,94.76730804121424,92.457308899842,94.59548950195312,1026100,0.0,0.0,BG
2023-02-01 00:00:00-05:00,94.56685392165384,95.97958493699478,93.8700322699923,95.56912994384766,847700,0.0,0.0,BG
2023-02-02 00:00:00-05:00,95.05367064724884,95.19685397096144,92.70548889922364,94.22321319580078,1296600,0.0,0.0,BG
2023-02-03 00:00:00-05:00,94.36639358105228,95.29230412527482,93.11594097695294,93.6218490600586,1159900,0.0,0.0,BG
2023-02-06 00:00:00-05:00,93.69821949837866,95.1109432082612,92.9250324459392,95.05367279052734,1215800,0.0,0.0,BG
2023-02-07 00:00:00-05:00,94.8436804702955,95.08231694344286,93.01095410434952,94.46186065673828,1191200,0.0,0.0,BG
2023-02-08 00:00:00-05:00,93.92732144819205,98.70005112256554,93.29731763552311,93.72686767578124,1846700,0.0,0.0,BG
2023-02-09 00:00:00-05:00,92.07548674007066,94.27094498705644,91.00639282528172,91.73184967041016,1623300,0.0,0.0,BG
2023-02-10 00:00:00-05:00,92.58138880744843,94.92003022798755,92.065933236586,94.39502716064452,1358900,0.0,0.0,BG
2023-02-13 00:00:00-05:00,93.92730509843116,94.06094092344324,92.6195747735484,93.77457427978516,1681600,0.0,0.0,BG
2023-02-14 00:00:00-05:00,94.0131985720464,95.45456453566442,93.38320223306576,95.4163818359375,1140400,0.0,0.0,BG
2023-02-15 00:00:00-05:00,95.20989037637734,95.5268668785394,94.4510536281894,95.47884368896484,986200,0.625,0.0,BG
2023-02-16 00:00:00-05:00,94.9505254435128,95.41159344208668,93.70181274414062,93.70181274414062,810100,0.0,0.0,BG
2023-02-17 00:00:00-05:00,93.1831169843277,94.08603054585244,92.164927258926,93.72102355957033,752500,0.0,0.0,BG
2023-02-21 00:00:00-05:00,93.26956455606712,93.75944795376417,92.37625122070312,92.37625122070312,1257800,0.0,0.0,BG
2023-02-22 00:00:00-05:00,92.52994724198324,94.79684984570022,92.22257099038237,93.98998260498048,811800,0.0,0.0,BG
2023-02-23 00:00:00-05:00,94.82565926869115,95.70936502048905,93.93234594851384,94.53749084472656,608800,0.0,0.0,BG
2023-02-24 00:00:00-05:00,94.27814962968252,94.4894721735614,93.5289204856959,94.1916961669922,696300,0.0,0.0,BG
2023-02-27 00:00:00-05:00,94.10525487836648,95.07541418502552,93.33681055713448,93.35602569580078,796600,0.0,0.0,BG
2023-02-28 00:00:00-05:00,93.08707808343333,93.08707808343333,91.22360525378734,91.73269653320312,1327100,0.0,0.0,BG
2023-03-01 00:00:00-05:00,91.39649501048174,92.34743913413254,91.13714194957744,91.41570281982422,661700,0.0,0.0,BG
2023-03-02 00:00:00-05:00,91.3004387476412,94.35499333741944,90.91621661571152,93.71141815185548,856600,0.0,0.0,BG
2023-03-03 00:00:00-05:00,93.39444458202298,95.16185618417424,93.10627614198935,94.87368774414062,1052800,0.0,0.0,BG
2023-03-06 00:00:00-05:00,94.60473368591146,94.84487160787783,93.66339713572285,94.1916961669922,985200,0.0,0.0,BG
2023-03-07 00:00:00-05:00,93.36562809876888,93.95156525838044,92.3858685285166,93.34642028808594,884500,0.0,0.0,BG
2023-03-08 00:00:00-05:00,93.346424846959,93.66340870192064,92.27060418546598,93.00062561035156,630900,0.0,0.0,BG
2023-03-09 00:00:00-05:00,93.0198354700619,93.87473333880732,91.1371547673182,91.16597747802734,1016300,0.0,0.0,BG
2023-03-10 00:00:00-05:00,91.00266635816014,91.1179352008402,88.49562582518533,88.89906311035156,1040700,0.0,0.0,BG
2023-03-13 00:00:00-04:00,87.41020597445292,88.02495848514187,85.52752549441453,87.78482055664062,1760600,0.0,0.0,BG
2023-03-14 00:00:00-04:00,96.75638179925564,102.76943052733324,96.01675284174146,100.49292755126952,39934100,0.0,0.0,BG
2023-03-15 00:00:00-04:00,97.7553371923884,97.97626729412832,91.75188944152268,92.97179412841795,6957200,0.0,0.0,BG
2023-03-16 00:00:00-04:00,91.34845997132264,94.2012995294432,91.34845997132264,92.90455627441406,2212300,0.0,0.0,BG
2023-03-17 00:00:00-04:00,92.54914671088844,93.11587597495736,88.34193327217993,88.47640991210938,3876800,0.0,0.0,BG
2023-03-20 00:00:00-04:00,88.85103779913806,92.5491606094165,88.80300727976719,91.29084014892578,2494300,0.0,0.0,BG
2023-03-21 00:00:00-04:00,92.52034816612544,93.3944538131101,91.06031266910078,93.36563110351562,1623100,0.0,0.0,BG
2023-03-22 00:00:00-04:00,93.74983729116036,94.32616680143911,91.79031109347076,91.86715698242188,1097600,0.0,0.0,BG
2023-03-23 00:00:00-04:00,92.14573188428676,93.78827453683472,89.24486875410672,89.85001373291016,1552900,0.0,0.0,BG
2023-03-24 00:00:00-04:00,89.32169610602845,90.6856850220614,87.93850670988284,90.22461700439452,1370900,0.0,0.0,BG
2023-03-27 00:00:00-04:00,91.14675400724532,92.8085117416788,90.67608570668312,92.04967498779295,1322000,0.0,0.0,BG
2023-03-28 00:00:00-04:00,91.91519315854754,93.50970514618004,91.6654476682818,92.78929138183594,1319000,0.0,0.0,BG
2023-03-29 00:00:00-04:00,93.8843138414692,93.98997510656758,92.64520136493778,93.17350769042967,1430400,0.0,0.0,BG
2023-03-30 00:00:00-04:00,94.02841232915324,94.1340736102962,91.0122803528119,91.5790023803711,1337400,0.0,0.0,BG
2023-03-31 00:00:00-04:00,92.20335254628816,93.00061218943776,91.175562554811,91.75189208984376,1290300,0.0,0.0,BG
2023-04-03 00:00:00-04:00,92.37624825420092,94.1148516832378,91.79991874340917,92.846923828125,1067800,0.0,0.0,BG
2023-04-04 00:00:00-04:00,93.2119406111515,93.2119406111515,90.22462414930314,90.78174591064452,1571600,0.0,0.0,BG
2023-04-05 00:00:00-04:00,90.3398914234334,90.41672999076982,88.15943493379358,88.60128784179688,1774700,0.0,0.0,BG
2023-04-06 00:00:00-04:00,88.45720005425804,89.1872213777418,86.82426514143066,88.81260681152344,1528400,0.0,0.0,BG
2023-04-10 00:00:00-04:00,89.08156515549696,90.4935773674563,88.87024260290059,90.45515441894533,841100,0.0,0.0,BG
2023-04-11 00:00:00-04:00,90.79135444874557,92.34745102932727,90.58963944674164,91.4637451171875,1017800,0.0,0.0,BG
2023-04-12 00:00:00-04:00,91.49255516601944,92.04967694580068,90.5223958361836,90.80095672607422,1096000,0.0,0.0,BG
2023-04-13 00:00:00-04:00,90.54161277654964,90.6760894393889,89.30250010173486,89.6194839477539,1347700,0.0,0.0,BG
2023-04-14 00:00:00-04:00,90.17659541318294,90.9642475529619,89.52341993177393,90.67608642578124,1019700,0.0,0.0,BG
2023-04-17 00:00:00-04:00,90.84898038090064,91.9824316655164,90.00369020553632,91.97282409667967,992500,0.0,0.0,BG
2023-04-18 00:00:00-04:00,92.26099015627014,94.01879412983608,91.944006348679,93.94195556640624,951200,0.0,0.0,BG
2023-04-19 00:00:00-04:00,93.99959313638932,94.00920070567496,92.30902003509158,92.93338012695312,776200,0.0,0.0,BG
2023-04-20 00:00:00-04:00,91.7614952098411,93.16389969752171,91.45411898416351,92.58757019042967,798900,0.0,0.0,BG
2023-04-21 00:00:00-04:00,92.86613840668063,92.86613840668063,90.8585815481395,91.34846496582033,715000,0.0,0.0,BG
2023-04-24 00:00:00-04:00,91.43491748650544,91.91519333029896,90.6472653958212,91.48294067382812,859400,0.0,0.0,BG
2023-04-25 00:00:00-04:00,90.58962415937718,90.58962415937718,87.1220321015607,87.77520751953125,1781200,0.0,0.0,BG
2023-04-26 00:00:00-04:00,87.41982228740599,89.54264090827293,87.41982228740599,88.39958190917969,1093400,0.0,0.0,BG
2023-04-27 00:00:00-04:00,88.30351747931705,89.37933801430427,87.6983725506274,89.03353881835938,819200,0.0,0.0,BG
2023-04-28 00:00:00-04:00,88.48602612356488,90.06133034098086,88.06338102625837,89.90763854980469,693300,0.0,0.0,BG
2023-05-01 00:00:00-04:00,90.03251660294917,90.44555413872718,88.82221937487881,88.88945770263672,838300,0.0,0.0,BG
2023-05-02 00:00:00-04:00,88.3035276354554,88.5244577748855,86.08465531329755,87.5542984008789,1226400,0.0,0.0,BG
2023-05-03 00:00:00-04:00,91.252402200432,91.29082514392763,86.48806713337858,87.20848083496094,1681800,0.0,0.0,BG
2023-05-04 00:00:00-04:00,86.73782302332869,88.63971132009642,85.45067991107078,85.8252944946289,1084300,0.0,0.0,BG
2023-05-05 00:00:00-04:00,86.88189764721584,87.75600320495533,86.23832977212307,86.97795867919922,990300,0.0,0.0,BG
2023-05-08 00:00:00-04:00,87.1220431350841,87.75601082476793,86.62255943616863,86.65137481689453,1180300,0.0,0.0,BG
2023-05-09 00:00:00-04:00,86.25754329325896,86.25754329325896,84.40367826851335,85.77726745605469,1094100,0.0,0.0,BG
2023-05-10 00:00:00-04:00,86.4496539989815,87.32375957372774,85.78687097322569,86.05582427978516,981000,0.0,0.0,BG
2023-05-11 00:00:00-04:00,86.40162226447286,86.80505954705475,85.50830889260162,86.42083740234375,1067900,0.0,0.0,BG
2023-05-12 00:00:00-04:00,86.49768555566656,87.25651496754041,86.19030929755688,86.73782348632812,769100,0.0,0.0,BG
2023-05-15 00:00:00-04:00,87.2277013008148,88.68774405181956,87.15086273109998,88.36115264892578,1015500,0.0,0.0,BG
2023-05-16 00:00:00-04:00,87.84245222592307,88.21706681199814,85.5275263819317,85.59476470947266,988600,0.0,0.0,BG
2023-05-17 00:00:00-04:00,86.13267084803643,86.53610081102569,85.06645785411622,86.15188598632812,848500,0.0,0.0,BG
2023-05-18 00:00:00-04:00,85.9632616666183,86.34050503947797,84.99596945316189,85.9148941040039,889000,0.625,0.0,BG
2023-05-19 00:00:00-04:00,86.35017957914273,87.81079300505931,85.75046308176914,87.49158477783203,1121100,0.0,0.0,BG
2023-05-22 00:00:00-04:00,87.8881763175969,88.49756779146942,86.20508983271968,87.51093292236328,738600,0.0,0.0,BG
2023-05-23 00:00:00-04:00,87.61734059074878,89.89047607907483,87.23042218468473,88.8071060180664,908200,0.0,0.0,BG
2023-05-24 00:00:00-04:00,88.68135661364609,89.20369533094726,86.65971190891449,87.50125885009766,922400,0.0,0.0,BG
2023-05-25 00:00:00-04:00,86.8531694136171,96.35197872912904,86.0116225245566,90.54822540283205,4139100,0.0,0.0,BG
2023-05-26 00:00:00-04:00,90.81905914299554,92.24097978066924,89.56157639924037,91.21565246582033,1510300,0.0,0.0,BG
2023-05-30 00:00:00-04:00,90.7997214818109,91.38009532591086,88.90382965516235,90.867431640625,1124300,0.0,0.0,BG
2023-05-31 00:00:00-04:00,89.83243530205729,90.45150176123283,88.70069774338403,89.60995483398438,1600000,0.0,0.0,BG
2023-06-01 00:00:00-04:00,89.74536689896543,90.01620752744007,87.84947511978936,88.04293060302734,1181900,0.0,0.0,BG
2023-06-02 00:00:00-04:00,88.90383297509257,90.05490571791667,88.18803140678047,89.26172637939453,1123800,0.0,0.0,BG
2023-06-05 00:00:00-04:00,89.36813662395112,90.03557068458348,88.4201942855143,88.73939514160156,968000,0.0,0.0,BG
2023-06-06 00:00:00-04:00,88.00425891563259,89.74538067153259,88.00425891563259,89.40682983398438,656500,0.0,0.0,BG
2023-06-07 00:00:00-04:00,89.66798226587413,92.40542091046316,88.83611039946295,91.1092529296875,1437000,0.0,0.0,BG
2023-06-08 00:00:00-04:00,90.76101838003356,93.3243438889734,86.46623914814727,88.19769287109375,2364200,0.0,0.0,BG
2023-06-09 00:00:00-04:00,87.7334006095236,90.64495223178136,87.44321737405733,90.55789947509766,961600,0.0,0.0,BG
2023-06-12 00:00:00-04:00,90.52887294860102,91.61224286328024,89.95817409612745,90.72233581542967,1199200,0.0,0.0,BG
2023-06-13 00:00:00-04:00,90.44182191880586,93.37271614352636,88.91349845104504,93.02449035644533,2517100,0.0,0.0,BG
2023-06-14 00:00:00-04:00,93.9530977132524,95.67488419297058,91.9701529415512,92.20230102539062,1476200,0.0,0.0,BG
2023-06-15 00:00:00-04:00,92.28934939138011,92.87939082503526,90.9834990592799,91.1189193725586,1799700,0.0,0.0,BG
2023-06-16 00:00:00-04:00,92.01851045156177,94.04983011059552,90.74168495780432,93.27599334716795,2803900,0.0,0.0,BG
2023-06-20 00:00:00-04:00,93.3437016865196,93.3437016865196,89.60995302867049,90.45149993896484,1613500,0.0,0.0,BG
2023-06-21 00:00:00-04:00,89.90014241769441,90.22901823429588,88.6910271275053,88.8167724609375,2009800,0.0,0.0,BG
2023-06-22 00:00:00-04:00,89.54224346834613,90.72234119650876,88.08163010153382,90.21934509277344,1234200,0.0,0.0,BG
2023-06-23 00:00:00-04:00,89.65832166290723,91.53486362318684,89.52290133731553,90.96416473388672,1755500,0.0,0.0,BG
2023-06-26 00:00:00-04:00,91.15762010889397,91.62192363875609,89.60027898686133,89.84210205078125,1216800,0.0,0.0,BG
2023-06-27 00:00:00-04:00,90.0162157573869,90.267713812473,88.37182185996049,89.38748168945312,1169200,0.0,0.0,BG
2023-06-28 00:00:00-04:00,88.61365050496177,88.81678100767807,86.74677602206835,88.8071060180664,1530400,0.0,0.0,BG
2023-06-29 00:00:00-04:00,88.81677391516635,90.76103339998365,88.420187931015,89.7743911743164,916500,0.0,0.0,BG
2023-06-30 00:00:00-04:00,90.25803799588238,92.01850960563443,89.10696523017995,91.26402282714844,1406700,0.0,0.0,BG
2023-07-03 00:00:00-04:00,91.76701297661866,94.15621849346942,91.53485753687994,93.94342041015624,831000,0.0,0.0,BG
2023-07-05 00:00:00-04:00,93.34369411474265,95.36533120142651,93.04383590452822,95.23958587646484,1496400,0.0,0.0,BG
2023-07-06 00:00:00-04:00,94.2045926551486,95.48141814375263,93.80800666588702,95.07515716552734,1365000,0.0,0.0,BG
2023-07-07 00:00:00-04:00,94.99776513412556,98.431655362006,94.9784225374531,97.68683624267578,2088800,0.0,0.0,BG
2023-07-10 00:00:00-04:00,97.71584980606544,99.48599621282084,96.75823264333444,96.90332794189452,1395100,0.0,0.0,BG
2023-07-11 00:00:00-04:00,97.95768095480985,99.2925489562682,97.483709828131,98.77021026611328,1106700,0.0,0.0,BG
2023-07-12 00:00:00-04:00,99.5440529119236,99.7278334283638,97.14516479027016,97.36764526367188,979200,0.0,0.0,BG
2023-07-13 00:00:00-04:00,97.43535099728018,97.7255342426035,96.13917555263606,97.26123809814452,860700,0.0,0.0,BG
2023-07-14 00:00:00-04:00,97.52239107415171,97.79323168650568,95.53943927964784,96.41000366210938,626000,0.0,0.0,BG
2023-07-17 00:00:00-04:00,97.34829074701956,98.78955412275836,96.98072235141991,98.38329315185548,1178100,0.0,0.0,BG
2023-07-18 00:00:00-04:00,98.6347881693181,101.07236129965736,98.11244948856242,99.61175537109376,1249100,0.0,0.0,BG
2023-07-19 00:00:00-04:00,99.95031154161298,100.80152607830388,99.04105445070488,100.53068542480467,1107700,0.0,0.0,BG
2023-07-20 00:00:00-04:00,101.50764142838976,102.52329376644089,101.0626879212645,102.1363754272461,1239500,0.0,0.0,BG
2023-07-21 00:00:00-04:00,102.57166663775028,102.96825260556751,100.93694044442444,101.4109115600586,907000,0.0,0.0,BG
2023-07-24 00:00:00-04:00,101.88489003592218,103.21975062616391,101.88489003592218,102.61035919189452,699800,0.0,0.0,BG
2023-07-25 00:00:00-04:00,102.97792138868924,105.40582675120096,102.61035302848904,104.4675521850586,1416400,0.0,0.0,BG
2023-07-26 00:00:00-04:00,103.71307536164278,105.67667743200543,103.7034003728642,105.19303131103516,927800,0.0,0.0,BG
2023-07-27 00:00:00-04:00,105.80241989853032,105.96686518389144,104.2837714150466,104.3224639892578,940200,0.0,0.0,BG
2023-07-28 00:00:00-04:00,105.44452970432653,105.49288988866884,104.18704683375942,104.81578826904295,771900,0.0,0.0,BG
2023-07-31 00:00:00-04:00,106.28606137737218,106.28606137737218,104.1483465593197,105.11563873291016,1391800,0.0,0.0,BG
2023-08-01 00:00:00-04:00,104.14834830151914,105.43484868507996,103.62600963346014,104.87381744384766,1396600,0.0,0.0,BG
2023-08-02 00:00:00-04:00,106.4021501254535,112.20590376866004,106.3054223740376,109.19762420654295,2942000,0.0,0.0,BG
2023-08-03 00:00:00-04:00,108.92677304034368,112.21556793013067,108.5205120956842,110.64855194091795,1680300,0.0,0.0,BG
2023-08-04 00:00:00-04:00,111.16122222023816,112.1381894469812,110.73561865381726,110.95809173583984,1664600,0.0,0.0,BG
2023-08-07 00:00:00-04:00,111.23861190544682,112.7766030842442,110.95809625940709,112.18656158447266,1537500,0.0,0.0,BG
2023-08-08 00:00:00-04:00,110.75496893674764,111.05482718978274,109.41043322301304,110.3583755493164,1898900,0.0,0.0,BG
2023-08-09 00:00:00-04:00,110.4647627159718,111.00645134875587,108.9364466980817,109.01382446289062,986100,0.0,0.0,BG
2023-08-10 00:00:00-04:00,109.0815441728783,110.08752900203456,107.70799094416373,108.47215270996094,1169300,0.0,0.0,BG
2023-08-11 00:00:00-04:00,108.46246898013132,110.0101423647866,108.2013033398866,108.5592041015625,847300,0.0,0.0,BG
2023-08-14 00:00:00-04:00,108.28836801683252,109.2943528756846,107.58224878369836,109.18795013427734,962300,0.0,0.0,BG
2023-08-15 00:00:00-04:00,108.71396792400245,109.76832024164636,107.83373587445372,107.9498062133789,1138400,0.0,0.0,BG
2023-08-16 00:00:00-04:00,107.86275658562325,108.6752785010656,107.29205034323536,107.62093353271484,937300,0.0,0.0,BG
2023-08-17 00:00:00-04:00,108.27581484497824,109.52137736038334,107.73088634855308,108.0811996459961,1137600,0.663,0.0,BG
2023-08-18 00:00:00-04:00,107.2054273884445,109.65762072183816,106.9524290886601,109.50192260742188,999700,0.0,0.0,BG
2023-08-21 00:00:00-04:00,109.5992258651379,110.57231676931806,109.37541911466934,109.94953918457033,894200,0.0,0.0,BG
2023-08-22 00:00:00-04:00,110.4166242119282,110.72801299901928,108.31474433099272,108.39259338378906,1048800,0.0,0.0,BG
2023-08-23 00:00:00-04:00,108.36339990963646,109.60895503575506,108.1103942046142,109.10295104980467,1085200,0.0,0.0,BG
2023-08-24 00:00:00-04:00,109.06402779346529,109.81330450570924,108.65533140496858,109.0737533569336,784200,0.0,0.0,BG
2023-08-25 00:00:00-04:00,109.70626215580116,110.47500483084444,108.67478821353524,109.67707061767578,853300,0.0,0.0,BG
2023-08-28 00:00:00-04:00,110.0565828588247,111.19509746680382,109.55057884108774,110.50420379638672,725700,0.0,0.0,BG
2023-08-29 00:00:00-04:00,110.786398365407,111.30213535867284,110.06631317239967,110.81558990478516,828500,0.0,0.0,BG
2023-08-30 00:00:00-04:00,110.68908899632083,112.05141773032518,110.68908899632083,111.41890716552734,798700,0.0,0.0,BG
2023-08-31 00:00:00-04:00,111.34106676724612,111.95411882845438,110.92263735407816,111.24375915527344,972800,0.0,0.0,BG
2023-09-01 00:00:00-04:00,112.18765019821964,112.5379635144183,111.146443237322,111.92491149902344,912000,0.0,0.0,BG
2023-09-05 00:00:00-04:00,111.9054593922444,112.02223297906694,109.94954450151168,110.0468521118164,794100,0.0,0.0,BG
2023-09-06 00:00:00-04:00,110.00793027632996,110.50420129477152,107.26381420881012,107.82820129394533,1064100,0.0,0.0,BG
2023-09-07 00:00:00-04:00,107.8573973609847,109.5408479715008,107.73089821012768,109.43380737304688,1345500,0.0,0.0,BG
2023-09-08 00:00:00-04:00,109.64788728253208,110.54312916445828,109.015376687484,109.35595703125,911100,0.0,0.0,BG
2023-09-11 00:00:00-04:00,110.16361910629124,112.08060935336768,110.16361910629124,111.7789535522461,1068300,0.0,0.0,BG
2023-09-12 00:00:00-04:00,111.77895025238008,112.19737962098374,111.11724816770672,111.33132934570312,931000,0.0,0.0,BG
2023-09-13 00:00:00-04:00,111.3118628258199,111.5940600659701,109.05429232871238,110.10523223876952,1193300,0.0,0.0,BG
2023-09-14 00:00:00-04:00,110.6404362611445,112.72285026663536,110.40689651565717,112.1973876953125,835600,0.0,0.0,BG
2023-09-15 00:00:00-04:00,111.61351863007958,111.90544885760664,108.92779320284475,109.38514709472656,1901700,0.0,0.0,BG
2023-09-18 00:00:00-04:00,110.2122734559006,111.1464397954708,110.03711680322532,110.86424255371094,963000,0.0,0.0,BG
2023-09-19 00:00:00-04:00,110.8155877536968,111.35079071222196,109.7841137871875,109.83277130126952,947900,0.0,0.0,BG
2023-09-20 00:00:00-04:00,110.57231817851137,111.52595054336308,109.51165264300262,109.560302734375,647700,0.0,0.0,BG
2023-09-21 00:00:00-04:00,109.51164750392334,111.1756320023006,109.20025872219357,110.1830825805664,1026800,0.0,0.0,BG
2023-09-22 00:00:00-04:00,109.85223163972486,110.00792974804511,107.2735392574024,107.42923736572266,1065800,0.0,0.0,BG
2023-09-25 00:00:00-04:00,107.03999831821102,108.26609492314786,106.8259171337195,107.71143341064452,1010400,0.0,0.0,BG
2023-09-26 00:00:00-04:00,107.05945860760654,108.13959011119027,105.65821274616656,106.02798461914062,1198100,0.0,0.0,BG
2023-09-27 00:00:00-04:00,106.37830166593592,107.07892833323938,105.75552405590946,106.62157440185548,1144100,0.0,0.0,BG
2023-09-28 00:00:00-04:00,106.76754034566548,108.1298691620642,106.76754034566548,107.6335906982422,984900,0.0,0.0,BG
2023-09-29 00:00:00-04:00,107.19569671432129,107.63358464807716,105.05489228771812,105.33708953857422,1560600,0.0,0.0,BG
2023-10-02 00:00:00-04:00,104.9381174872989,105.11327414358348,102.73893743228555,103.8190689086914,1306800,0.0,0.0,BG
2023-10-03 00:00:00-04:00,103.15736721514934,104.25695724697624,101.89234608989116,102.88490295410156,1395900,0.0,0.0,BG
2023-10-04 00:00:00-04:00,102.54431727138294,103.02113716192537,101.1722629508424,101.70745849609376,1082800,0.0,0.0,BG
2023-10-05 00:00:00-04:00,101.49338948047998,102.4762059987554,100.90952896875444,101.04576110839844,1177700,0.0,0.0,BG
2023-10-06 00:00:00-04:00,100.7051697827571,100.77328584515467,98.34055872510676,100.34513092041016,1296700,0.0,0.0,BG
2023-10-09 00:00:00-04:00,100.74409474912524,103.43956056744506,100.74409474912524,102.65135192871094,1282000,0.0,0.0,BG
2023-10-10 00:00:00-04:00,103.2936029278398,104.06234564765236,101.55176928534216,101.6782684326172,1467700,0.0,0.0,BG
2023-10-11 00:00:00-04:00,102.00912660665416,102.48593909591472,97.85402407081324,99.24554443359376,2348300,0.0,0.0,BG
2023-10-12 00:00:00-04:00,99.39150815652404,99.44016567322988,96.45277678022023,98.55464935302734,1453100,0.0,0.0,BG
2023-10-13 00:00:00-04:00,99.0217290475252,99.98508693044444,98.09728826621787,99.42069244384766,1153900,0.0,0.0,BG
2023-10-16 00:00:00-04:00,100.2380954625929,100.93872209687426,98.79791766722629,100.54948425292967,1058100,0.0,0.0,BG
2023-10-17 00:00:00-04:00,99.89751056316427,102.46646982194416,99.89751056316427,102.29131317138672,852600,0.0,0.0,BG
2023-10-18 00:00:00-04:00,102.13562357626088,104.80189065757531,101.88261785458889,102.47620391845705,1233000,0.0,0.0,BG
2023-10-19 00:00:00-04:00,102.50539664031196,102.57352013363118,100.45218157537585,100.86087799072266,920600,0.0,0.0,BG
2023-10-20 00:00:00-04:00,100.85114181856062,101.66854204754296,98.84657690973086,98.86603546142578,1302800,0.0,0.0,BG
2023-10-23 00:00:00-04:00,98.9730736813241,99.62504279683164,97.91240817317848,98.71034240722656,1198400,0.0,0.0,BG
2023-10-24 00:00:00-04:00,98.96334480439997,99.35258266197816,96.93932130836382,98.0097198486328,1034400,0.0,0.0,BG
2023-10-25 00:00:00-04:00,98.28218000278804,99.82939095609834,97.6496694387433,99.43042755126952,1244800,0.0,0.0,BG
2023-10-26 00:00:00-04:00,102.16481448193126,105.35655153885205,101.0457584295842,103.51741027832033,1876100,0.0,0.0,BG
2023-10-27 00:00:00-04:00,103.03086526179506,103.79960798937164,101.51284578278518,102.58324432373048,1007700,0.0,0.0,BG
2023-10-30 00:00:00-04:00,103.4687538504658,104.4029201935248,102.39835537971656,103.59525299072266,973900,0.0,0.0,BG
2023-10-31 00:00:00-04:00,103.74122607924323,104.10127240100807,102.3497057330908,103.12818145751952,1042600,0.0,0.0,BG
2023-11-01 00:00:00-04:00,103.72175351998894,104.3834556165288,102.51512290539068,103.20601654052734,902700,0.0,0.0,BG
2023-11-02 00:00:00-04:00,103.08925087710236,104.18884090601964,102.05776948917251,102.63189697265624,1056900,0.0,0.0,BG
2023-11-03 00:00:00-04:00,103.42009772236293,104.52942073360708,103.1573664508974,103.20601654052734,855500,0.0,0.0,BG
2023-11-06 00:00:00-05:00,103.22548790275444,103.33252849925844,101.88261766446604,102.58324432373048,793000,0.0,0.0,BG
2023-11-07 00:00:00-05:00,102.10643487505324,102.33024906277346,100.79276356200296,101.80477905273438,677000,0.0,0.0,BG
2023-11-08 00:00:00-05:00,101.23064177646016,102.30104024608472,99.36230909230515,99.99481964111328,1142700,0.0,0.0,BG
2023-11-09 00:00:00-05:00,101.82423555988224,102.02858376677663,99.78074606684378,101.07495880126952,1206500,0.0,0.0,BG
2023-11-10 00:00:00-05:00,101.0652244629773,102.01884941574494,100.55921302248888,101.71719360351562,804400,0.0,0.0,BG
2023-11-13 00:00:00-05:00,101.36687148743786,101.8631498968677,100.16997390622318,101.279296875,938700,0.0,0.0,BG
2023-11-14 00:00:00-05:00,102.29132206801798,103.82880010763756,102.12589096625769,103.34225463867188,787300,0.0,0.0,BG
2023-11-15 00:00:00-05:00,103.3422543237782,105.04516345996912,103.2449467151005,103.9163818359375,1041000,0.0,0.0,BG
2023-11-16 00:00:00-05:00,103.7920141925608,103.81159430445656,102.97930134512042,103.72347259521484,1102500,0.663,0.0,BG
2023-11-17 00:00:00-05:00,104.20326616098698,104.85930824637724,103.6941010648342,104.57535552978516,730900,0.0,0.0,BG
2023-11-20 00:00:00-05:00,105.1922313959486,106.15182126468656,103.87035341521214,105.45660400390624,955000,0.0,0.0,BG
2023-11-21 00:00:00-05:00,105.45660488559956,106.1028606645256,104.85931059434034,105.9461898803711,839500,0.0,0.0,BG
2023-11-22 00:00:00-05:00,105.68182118328686,107.40516252042563,104.82015424995468,107.25828552246094,1037600,0.0,0.0,BG
2023-11-24 00:00:00-05:00,107.51286993603004,107.6009916509793,105.56431624011002,105.7601547241211,367000,0.0,0.0,BG
2023-11-27 00:00:00-05:00,105.7503593172366,106.4847368124952,105.05514951818203,105.29994201660156,901400,0.0,0.0,BG
2023-11-28 00:00:00-05:00,105.65244615160466,106.73932546629392,105.21181516240736,106.15182495117188,703100,0.0,0.0,BG
2023-11-29 00:00:00-05:00,105.84827423095705,106.5826517221114,105.41744451606888,105.84827423095705,603700,0.0,0.0,BG
2023-11-30 00:00:00-05:00,105.75035513452268,107.6107795430211,104.82014666551042,107.58140563964844,1751100,0.0,0.0,BG
2023-12-01 00:00:00-05:00,107.34640739439604,108.1395401963642,106.67078515553916,106.9351577758789,1034500,0.0,0.0,BG
2023-12-04 00:00:00-05:00,106.20078458846032,107.62058566813712,104.91807419102366,105.49578094482422,1225300,0.0,0.0,BG
2023-12-05 00:00:00-05:00,105.37827324007267,105.37827324007267,103.87035061300736,103.88993072509766,1061200,0.0,0.0,BG
2023-12-06 00:00:00-05:00,103.72348026622218,104.28160687745154,101.5693092156289,102.039306640625,1211300,0.0,0.0,BG
2023-12-07 00:00:00-05:00,101.6965961418809,103.14576354907084,100.65867833912532,101.9315948486328,1191000,0.0,0.0,BG
2023-12-08 00:00:00-05:00,102.04909867075668,103.21431336217027,101.65742917637212,102.3232650756836,700500,0.0,0.0,BG
2023-12-11 00:00:00-05:00,102.44076903807331,103.31222974850596,101.45180523718176,102.81285095214844,958000,0.0,0.0,BG
2023-12-12 00:00:00-05:00,103.39055960720334,103.39055960720334,101.64763815370952,102.2057647705078,1103300,0.0,0.0,BG
2023-12-13 00:00:00-05:00,101.2657674664092,103.16535980438994,98.7688882549088,102.94014739990234,1616100,0.0,0.0,BG
2023-12-14 00:00:00-05:00,103.79202375798292,104.65369069981048,102.43097800634168,103.11639404296876,1500200,0.0,0.0,BG
2023-12-15 00:00:00-05:00,103.116393920456,103.5766050318479,101.61826496326928,102.5974349975586,2730800,0.0,0.0,BG
2023-12-18 00:00:00-05:00,102.94014514935844,102.98910664027768,101.0503466451866,101.5693130493164,1946400,0.0,0.0,BG
2023-12-19 00:00:00-05:00,102.48972421346578,103.3611849337382,101.76514049030683,103.07722473144533,1495800,0.0,0.0,BG
2023-12-20 00:00:00-05:00,102.32326299088784,102.32326299088784,99.38575304856568,99.4640884399414,1125400,0.0,0.0,BG
2023-12-21 00:00:00-05:00,99.47387799870776,99.81659347951272,98.07367205228176,99.1213836669922,1460100,0.0,0.0,BG
2023-12-22 00:00:00-05:00,99.12137897629252,100.609714038071,98.71991570427905,99.52283477783205,741100,0.0,0.0,BG
2023-12-26 00:00:00-05:00,99.78722012374104,101.0013888543712,99.18992581510194,100.35513305664062,484900,0.0,0.0,BG
2023-12-27 00:00:00-05:00,99.94387964423544,100.18867213944228,99.43471454121378,99.8851318359375,665300,0.0,0.0,BG
2023-12-28 00:00:00-05:00,100.50200786106448,100.57054946201276,98.95491747340448,99.50325775146484,869700,0.0,0.0,BG
2023-12-29 00:00:00-05:00,99.44450807437792,99.44450807437792,98.24991941585648,98.8472137451172,745800,0.0,0.0,BG
2024-01-02 00:00:00-05:00,98.84721094484354,100.012425664076,98.84721094484354,99.38575744628906,976600,0.0,0.0,BG
2024-01-03 00:00:00-05:00,99.08221568277295,99.54242678265746,97.94637488557088,98.1813735961914,1230500,0.0,0.0,BG
2024-01-04 00:00:00-05:00,98.65137925887156,98.65137925887156,96.41887281434371,96.8888702392578,1668700,0.0,0.0,BG
2024-01-05 00:00:00-05:00,96.79095386694044,97.77991766747088,94.45073814376023,95.97824096679688,2053200,0.0,0.0,BG
2024-01-08 00:00:00-05:00,95.38095773021386,97.13366553786598,94.22553677755673,97.0945053100586,1750100,0.0,0.0,BG
2024-01-09 00:00:00-05:00,96.67345977057364,96.87908457918655,94.09823782597586,94.65636444091795,1631600,0.0,0.0,BG
2024-01-10 00:00:00-05:00,93.9807407860079,93.9807407860079,92.05177467227996,92.93302917480467,2221200,0.0,0.0,BG
2024-01-11 00:00:00-05:00,92.70781968706991,93.78490523698724,92.50219487512454,93.33448791503906,1444200,0.0,0.0,BG
2024-01-12 00:00:00-05:00,94.07865153238548,94.4017794120397,92.7861474842425,92.91343688964844,1223700,0.0,0.0,BG
2024-01-16 00:00:00-05:00,92.28677090393676,93.01135459967256,91.35656240821405,92.8253173828125,1341800,0.0,0.0,BG
2024-01-17 00:00:00-05:00,92.43364730159315,93.5401066859775,92.1594809033722,92.53156280517578,909600,0.0,0.0,BG
2024-01-18 00:00:00-05:00,92.42385276555898,92.83510235957752,91.2390579996632,92.139892578125,1006900,0.0,0.0,BG
2024-01-19 00:00:00-05:00,92.17906858824357,92.28677789217478,90.69073338829108,90.74948120117188,1796400,0.0,0.0,BG
2024-01-22 00:00:00-05:00,88.78134366057826,90.2696862700868,86.56842480059817,86.9111328125,4338300,0.0,0.0,BG
2024-01-23 00:00:00-05:00,87.4203048688236,88.8205184032123,87.10697073730533,88.30155944824219,2004600,0.0,0.0,BG
2024-01-24 00:00:00-05:00,88.53655561128026,89.00656053016277,86.98946511344897,87.25384521484375,1744700,0.0,0.0,BG
2024-01-25 00:00:00-05:00,87.92946754699844,88.34071714734411,86.21592007508401,86.60758209228516,1517700,0.0,0.0,BG
2024-01-26 00:00:00-05:00,87.13633848529129,87.51821419763243,86.02987904574832,86.4607162475586,1468500,0.0,0.0,BG
2024-01-29 00:00:00-05:00,86.80342014590258,87.36154673520015,86.15716437383483,87.15592193603516,1603200,0.0,0.0,BG
2024-01-30 00:00:00-05:00,87.19508964982862,88.6344632442835,86.04945509642195,88.41905212402344,1712700,0.0,0.0,BG
2024-01-31 00:00:00-05:00,87.92946844034283,88.13509324260477,86.23550106388848,86.25508117675781,1317700,0.0,0.0,BG
2024-02-01 00:00:00-05:00,87.31257788425327,88.6148756396053,87.16570090567305,88.51696014404297,1448300,0.0,0.0,BG
2024-02-02 00:00:00-05:00,88.31135145756816,89.07510292081612,87.56718010881191,88.58551788330078,1370800,0.0,0.0,BG
2024-02-05 00:00:00-05:00,87.83154946158305,88.55614066878438,86.94050861123212,87.14613342285156,1854300,0.0,0.0,BG
2024-02-06 00:00:00-05:00,87.53779632702097,88.87925439738417,87.37133922595713,88.15467071533203,2197800,0.0,0.0,BG
2024-02-07 00:00:00-05:00,85.46195412622485,89.388427813274,84.30653325821054,86.11799621582031,3610000,0.0,0.0,BG
2024-02-08 00:00:00-05:00,86.19633292828046,86.44112542550742,84.31632834249122,84.69820404052734,2291600,0.0,0.0,BG
2024-02-09 00:00:00-05:00,85.62841008656238,86.82299863405316,85.00174190926786,86.69570922851562,2690000,0.0,0.0,BG
2024-02-12 00:00:00-05:00,86.62716540453088,89.11425793760475,86.62716540453088,88.79113006591797,2264300,0.0,0.0,BG
2024-02-13 00:00:00-05:00,87.97841725250665,89.01634246455343,86.38237294625159,86.78382873535156,2218200,0.0,0.0,BG
2024-02-14 00:00:00-05:00,86.83279710013213,87.87071492393974,86.66633999074304,87.6552963256836,1849600,0.0,0.0,BG
2024-02-15 00:00:00-05:00,87.51028901131006,89.46351489110778,87.15515703316503,89.43392181396484,2385700,0.663,0.0,BG
2024-02-16 00:00:00-05:00,89.38459543988976,90.54863747925197,88.99000351487945,90.44012451171876,1659500,0.0,0.0,BG
2024-02-20 00:00:00-05:00,89.90742100539391,90.90376386129186,89.59174899006771,90.43025207519533,2055400,0.0,0.0,BG
2024-02-21 00:00:00-05:00,90.6571519435274,91.9198401034353,90.06526780934745,91.80146026611328,1843000,0.0,0.0,BG
2024-02-22 00:00:00-05:00,91.3772674790468,93.28116642485166,90.6078174174847,92.95563507080078,2263200,0.0,0.0,BG
2024-02-23 00:00:00-05:00,92.610361516141,93.54751820500874,92.3341494482522,92.38347625732422,1816900,0.0,0.0,BG
2024-02-26 00:00:00-05:00,92.570903972689,92.570903972689,91.20956980587223,91.93955993652344,1072600,0.0,0.0,BG
2024-02-27 00:00:00-05:00,92.35388711575662,92.85698446388932,91.7028093341053,91.86064910888672,1265500,0.0,0.0,BG
2024-02-28 00:00:00-05:00,91.8014555303611,92.63996616392622,91.110925330476,92.47225952148438,1195900,0.0,0.0,BG
2024-02-29 00:00:00-05:00,92.94577708335945,93.2219891804404,91.36741686702888,93.09375,2301400,0.0,0.0,BG
2024-03-01 00:00:00-05:00,93.14306550035602,93.22198538951702,91.61403216048969,91.8507843017578,1798500,0.0,0.0,BG
2024-03-04 00:00:00-05:00,91.17011108910488,91.72254277284108,88.1317631703072,88.87162017822266,2013800,0.0,0.0,BG
2024-03-05 00:00:00-05:00,89.05905335164874,91.24903130721628,88.85189429182678,90.203369140625,1651200,0.0,0.0,BG
2024-03-06 00:00:00-05:00,90.21322803985544,91.66334897771848,89.91728975279472,90.63741302490234,1507300,0.0,0.0,BG
2024-03-07 00:00:00-05:00,91.14052016162758,92.01848322962148,90.58809599108262,91.23916625976562,1824200,0.0,0.0,BG
2024-03-08 00:00:00-05:00,91.25889953980884,92.4722608406613,90.18363675468876,90.95308685302734,1224400,0.0,0.0,BG
2024-03-11 00:00:00-04:00,91.01227235040706,93.21210948237834,90.9530786761693,92.5413055419922,1491600,0.0,0.0,BG
2024-03-12 00:00:00-04:00,92.87671766700012,93.25157584063736,91.959294678427,92.40320587158205,1381100,0.0,0.0,BG
2024-03-13 00:00:00-04:00,92.9359104601442,94.54386375879676,92.33415945011144,93.48833465576172,2428000,0.0,0.0,BG
2024-03-14 00:00:00-04:00,93.23184362098075,93.3600827843272,91.7323959706778,92.93589782714844,1912900,0.0,0.0,BG
2024-03-15 00:00:00-04:00,92.72874659487562,94.69183178246956,92.72874659487562,94.26764678955078,6291100,0.0,0.0,BG
2024-03-18 00:00:00-04:00,93.48833029270844,95.7177682335992,93.16279892189203,95.3823699951172,1820000,0.0,0.0,BG
2024-03-19 00:00:00-04:00,95.57965989141444,96.47735667201376,95.0370950760836,96.43789672851562,1553400,0.0,0.0,BG
2024-03-20 00:00:00-04:00,95.68816971607468,96.4970797157187,95.22452480294682,96.0926284790039,1164300,0.0,0.0,BG
2024-03-21 00:00:00-04:00,96.76342544700408,99.00273014048184,96.15181515503484,98.75611114501952,2074800,0.0,0.0,BG
2024-03-22 00:00:00-04:00,99.04219293307004,99.19016583984856,97.21721381937392,97.8781509399414,1341400,0.0,0.0,BG
2024-03-25 00:00:00-04:00,98.15436519072418,99.27894726518404,98.00639228067108,98.58841705322266,1059200,0.0,0.0,BG
2024-03-26 00:00:00-04:00,98.85476370719049,98.87449744279895,97.5920755719853,98.5094985961914,1154300,0.0,0.0,BG
2024-03-27 00:00:00-04:00,99.2000279304109,101.24203302714784,98.85476282250173,101.03487396240234,1711700,0.0,0.0,BG
2024-03-28 00:00:00-04:00,101.02500897035,102.26796328930182,100.97568216074411,101.13351440429688,1357300,0.0,0.0,BG
2024-04-01 00:00:00-04:00,101.53797551092406,102.0114873049295,100.63041939247948,100.90663146972656,1072800,0.0,0.0,BG
2024-04-02 00:00:00-04:00,100.94609077090485,102.7118837120322,100.916497695133,102.49485778808594,1517500,0.0,0.0,BG
2024-04-03 00:00:00-04:00,102.38635325689675,102.62310540878092,101.34069102037788,102.34689331054688,1057300,0.0,0.0,BG
2024-04-04 00:00:00-04:00,103.08673991309522,105.0695587402948,102.38634287041992,104.0534896850586,1485800,0.0,0.0,BG
2024-04-05 00:00:00-04:00,103.88578463654822,105.65157757093922,103.5306526762118,105.41482543945312,1260500,0.0,0.0,BG
2024-04-08 00:00:00-04:00,105.64171302559276,106.105357957679,104.67497074381755,105.07942199707033,1003500,0.0,0.0,BG
2024-04-09 00:00:00-04:00,105.0005112589427,106.25333250810154,104.52699945202798,105.61212158203124,1236400,0.0,0.0,BG
2024-04-10 00:00:00-04:00,104.96104467114394,106.30265259190296,104.3691605946242,106.18427276611328,1191900,0.0,0.0,BG
2024-04-11 00:00:00-04:00,106.2632010956311,106.3223872501228,104.13240921935036,104.48754119873048,1245700,0.0,0.0,BG
2024-04-12 00:00:00-04:00,104.25078037339586,104.8130713728889,102.31728838345111,102.36660766601562,1536500,0.0,0.0,BG
2024-04-15 00:00:00-04:00,103.43200833405528,104.16199847546176,101.77472833314955,102.52445220947266,977500,0.0,0.0,BG
2024-04-16 00:00:00-04:00,102.5935086364455,102.8993138018769,101.51825336043515,102.54418182373048,1396900,0.0,0.0,BG
2024-04-17 00:00:00-04:00,103.58984958530486,104.17186682799267,103.02755855160018,103.99430084228516,2028800,0.0,0.0,BG
2024-04-18 00:00:00-04:00,104.2014535235474,105.20766322301058,103.67862246604064,105.0695571899414,1341300,0.0,0.0,BG
2024-04-19 00:00:00-04:00,105.48388708269724,108.77871356317208,104.94132223053992,108.03885650634766,2625000,0.0,0.0,BG
2024-04-22 00:00:00-04:00,108.0388542660565,108.67020586557295,107.27927101500212,108.2657470703125,1599000,0.0,0.0,BG
2024-04-23 00:00:00-04:00,107.75277952995653,108.52222962531692,106.58873751932504,108.13750457763672,2059600,0.0,0.0,BG
2024-04-24 00:00:00-04:00,103.57998174974418,105.83901273105104,101.03487182045892,104.35929870605467,3629800,0.0,0.0,BG
2024-04-25 00:00:00-04:00,104.96105255810824,105.38523755796072,101.38013970259102,102.65269470214844,1996600,0.0,0.0,BG
2024-04-26 00:00:00-04:00,102.4652650234304,102.53431804251257,100.50217236083924,101.34068298339844,1396000,0.0,0.0,BG
2024-04-29 00:00:00-04:00,101.45905121565586,102.15944824573172,100.63041501992026,102.08053588867188,1246200,0.0,0.0,BG
2024-04-30 00:00:00-04:00,101.89310371995622,101.89310371995622,99.33812704714632,100.38379669189452,1476700,0.0,0.0,BG
2024-05-01 00:00:00-04:00,100.23583275405208,101.53798084824588,99.52556878881636,99.58475494384766,1579300,0.0,0.0,BG
2024-05-02 00:00:00-04:00,100.26541647272256,100.71919451344162,99.31840044954176,99.98920440673828,1001400,0.0,0.0,BG
2024-05-03 00:00:00-04:00,100.02867009181674,100.52190810259866,98.94354797333946,99.78205108642578,995500,0.0,0.0,BG
2024-05-06 00:00:00-04:00,99.37759684182372,100.92636396533526,99.37759684182372,100.87704467773438,685000,0.0,0.0,BG
2024-05-07 00:00:00-04:00,101.56757300419292,103.40241905566512,101.41960009174228,102.93877410888672,1025600,0.0,0.0,BG
2024-05-08 00:00:00-04:00,102.45539799897904,104.4875361513219,102.45539799897904,103.93511199951172,1056900,0.0,0.0,BG
2024-05-09 00:00:00-04:00,104.15213927178044,104.87226254667976,103.24458314599914,103.96470642089844,1212400,0.0,0.0,BG
2024-05-10 00:00:00-04:00,104.44808116483009,104.69470017662236,102.5836420377776,104.59605407714844,1169000,0.0,0.0,BG
2024-05-13 00:00:00-04:00,105.0991569252202,106.5690040995854,104.83280418298254,106.1546859741211,1545100,0.0,0.0,BG
2024-05-14 00:00:00-04:00,106.38157285749138,106.51968642761996,101.98189060914856,102.04108428955078,1995800,0.0,0.0,BG
2024-05-15 00:00:00-04:00,102.0410808091554,102.59350496596804,100.0286688470618,100.36406707763672,1593000,0.0,0.0,BG
2024-05-16 00:00:00-04:00,101.0250104108176,103.6391657804848,100.88689684719476,102.82039642333984,1433100,0.0,0.0,BG
2024-05-17 00:00:00-04:00,103.27715571083527,103.27715571083527,101.688430702134,102.36363220214844,701300,0.68,0.0,BG
2024-05-20 00:00:00-04:00,102.36363180603584,102.72109587856518,101.3309662361049,101.55934143066406,743400,0.0,0.0,BG
2024-05-21 00:00:00-04:00,101.52955574413444,103.5949020703346,101.52955574413444,102.58208465576172,707100,0.0,0.0,BG
2024-05-22 00:00:00-04:00,102.0061752613546,102.9494786005305,101.63877952708316,102.40335083007812,778100,0.0,0.0,BG
2024-05-23 00:00:00-04:00,102.07568271672656,103.75376996480736,101.55934235144134,101.64871215820312,1417400,0.0,0.0,BG
2024-05-24 00:00:00-04:00,102.08560624261762,103.45588771742648,101.96645660177398,103.0388412475586,933100,0.0,0.0,BG
2024-05-28 00:00:00-04:00,103.06863874795263,105.79926252660069,102.79060523604478,105.67017364501952,1695100,0.0,0.0,BG
2024-05-29 00:00:00-04:00,105.33257380156738,105.9680638258838,104.61764563030177,105.42193603515624,1758700,0.0,0.0,BG
2024-05-30 00:00:00-04:00,105.60066635441066,106.12693081199214,103.89278410107102,104.3991928100586,1247600,0.0,0.0,BG
2024-05-31 00:00:00-04:00,104.48855980980666,107.13974535069865,104.3991900044395,106.83192443847656,2330200,0.0,0.0,BG
2024-06-03 00:00:00-04:00,106.33544694316414,107.81495395111529,105.94819546474426,107.5468521118164,1227800,0.0,0.0,BG
2024-06-04 00:00:00-04:00,107.01065972109132,107.27876156969072,105.78933042390288,106.04750061035156,1386100,0.0,0.0,BG
2024-06-05 00:00:00-04:00,105.9879147187161,106.43474859310368,101.64871030545756,102.98919677734376,1773800,0.0,0.0,BG
2024-06-06 00:00:00-04:00,103.22750315038972,105.13397312710164,102.31398723350338,104.37933349609376,1208300,0.0,0.0,BG
2024-06-07 00:00:00-04:00,104.03179892420802,104.65736486283552,103.01898906380153,103.39630889892578,1084900,0.0,0.0,BG
2024-06-10 00:00:00-04:00,103.694191403234,105.36235450476906,102.79059958440168,105.00489044189452,1262000,0.0,0.0,BG
2024-06-11 00:00:00-04:00,104.46869433190122,105.30277967036264,103.08848881320216,105.17369079589844,1030400,0.0,0.0,BG
2024-06-12 00:00:00-04:00,105.51129915873577,105.9382697019848,104.42897530813968,104.66728973388672,914700,0.0,0.0,BG
2024-06-13 00:00:00-04:00,103.80342154377064,104.26017951638484,101.89695150791,102.4132843017578,1368000,0.0,0.0,BG
2024-06-14 00:00:00-04:00,101.89694930455276,102.40335042536536,101.51962190986296,102.10546875,760700,0.0,0.0,BG
2024-06-17 00:00:00-04:00,101.57920832267544,103.0090570873808,101.04301219504644,102.2544174194336,1028400,0.0,0.0,BG
2024-06-18 00:00:00-04:00,101.81750983287618,102.49271889412468,100.74511763401593,101.7182159423828,1139700,0.0,0.0,BG
2024-06-20 00:00:00-04:00,102.80053350924852,104.2403214540902,101.92673665611716,102.61186981201172,1678400,0.0,0.0,BG
2024-06-21 00:00:00-04:00,103.24737130033172,105.1538413661632,102.78068165829576,105.12405395507812,4205700,0.0,0.0,BG
2024-06-24 00:00:00-04:00,104.70700070749218,107.55678153550272,104.4190507018494,107.4078369140625,1287300,0.0,0.0,BG
2024-06-25 00:00:00-04:00,107.32840151500028,107.32840151500028,105.74960818405182,105.9879150390625,1067900,0.0,0.0,BG
2024-06-26 00:00:00-04:00,105.78933173168748,107.73552087716612,105.68010617359502,106.43475341796876,1097700,0.0,0.0,BG
2024-06-27 00:00:00-04:00,107.04045282715217,107.34826616766992,106.1070735679842,106.88157653808594,813300,0.0,0.0,BG
2024-06-28 00:00:00-04:00,107.27875607653203,107.68586329620294,104.55806411071676,106.0177001953125,1969000,0.0,0.0,BG
2024-07-01 00:00:00-04:00,106.79221027765402,107.47734341539449,106.02763142273972,106.56382751464844,737100,0.0,0.0,BG
2024-07-02 00:00:00-04:00,106.56382746065844,110.05902235443848,106.38509543011274,109.60226440429688,1683000,0.0,0.0,BG
2024-07-03 00:00:00-04:00,109.65192060050708,110.79381932058,108.57952836379654,108.61924743652344,745800,0.0,0.0,BG
2024-07-05 00:00:00-04:00,107.99369046247432,109.05615105063292,106.51418339318803,107.82488250732422,1778500,0.0,0.0,BG
2024-07-08 00:00:00-04:00,107.95396641697614,110.78388396764954,107.924179007333,109.61219787597656,1253900,0.0,0.0,BG
2024-07-09 00:00:00-04:00,109.37389596413416,111.18107212862736,109.07600670296902,109.17530059814452,1124200,0.0,0.0,BG
2024-07-10 00:00:00-04:00,109.68170301827408,110.64486965505054,108.89726841281322,110.40656280517578,828200,0.0,0.0,BG
2024-07-11 00:00:00-04:00,110.59522479719524,111.58817889599597,108.44051622095093,109.72142791748048,1219200,0.0,0.0,BG
2024-07-12 00:00:00-04:00,110.9328339802354,111.34987288677436,109.44340282062028,110.31719970703124,1228200,0.0,0.0,BG
2024-07-15 00:00:00-04:00,110.3370622107822,110.8732583333318,108.36107809926456,109.55262756347656,1081200,0.0,0.0,BG
2024-07-16 00:00:00-04:00,109.20509461136037,110.77395632268184,108.64903516718454,110.60515594482422,836200,0.0,0.0,BG
2024-07-17 00:00:00-04:00,110.91296880502264,112.42226326393904,110.0491035952693,111.32008361816406,1114700,0.0,0.0,BG
2024-07-18 00:00:00-04:00,110.66472716030958,112.06479602379136,110.24768827249564,111.42930603027344,851100,0.0,0.0,BG
2024-07-19 00:00:00-04:00,111.548455206886,111.89599518759525,109.83064892940432,111.13141632080078,1068900,0.0,0.0,BG
2024-07-22 00:00:00-04:00,111.66761150280256,112.35275222119311,111.04205317881868,112.05486297607422,788300,0.0,0.0,BG
2024-07-23 00:00:00-04:00,111.55838553655424,112.12436903966542,109.88029835049517,110.06895446777344,855200,0.0,0.0,BG
2024-07-24 00:00:00-04:00,109.25473374044984,111.72718722257798,109.1752955976924,111.30021667480467,844600,0.0,0.0,BG
2024-07-25 00:00:00-04:00,111.43923897667833,113.17690860490558,110.5952219538858,112.15415954589844,851600,0.0,0.0,BG
2024-07-26 00:00:00-04:00,112.20381022556472,114.1102802271733,111.6676141171801,113.50457763671876,757800,0.0,0.0,BG
2024-07-29 00:00:00-04:00,113.26626767218607,113.623731734633,112.4619773194996,112.76979064941406,1037900,0.0,0.0,BG
2024-07-30 00:00:00-04:00,111.9754265613994,114.01098542462532,110.28740768138644,113.75281524658205,1430300,0.0,0.0,BG
2024-07-31 00:00:00-04:00,104.49848762416268,106.6829911950091,102.56223015457572,104.48856353759766,3664000,0.0,0.0,BG
2024-08-01 00:00:00-04:00,105.22334112742595,106.44467035771038,102.03595955912036,102.3437728881836,1938000,0.0,0.0,BG
2024-08-02 00:00:00-04:00,101.28131706824736,101.85723225796512,96.98182404513813,97.7265396118164,1931800,0.0,0.0,BG
2024-08-05 00:00:00-04:00,97.0215447185552,97.54780918225534,94.08240147598111,94.73775482177734,1822500,0.0,0.0,BG
2024-08-06 00:00:00-04:00,95.1746467330333,96.72366024406188,94.6285265362516,94.6384506225586,1524400,0.0,0.0,BG
2024-08-07 00:00:00-04:00,95.80021221396288,96.99175407028316,95.0058459259904,95.01577758789062,1333600,0.0,0.0,BG
2024-08-08 00:00:00-04:00,95.33352249571236,97.9350573138102,95.30373508567894,96.70379638671876,1556200,0.0,0.0,BG
2024-08-09 00:00:00-04:00,96.37611973116276,96.86267268053406,95.2342286097378,96.1973876953125,1576300,0.0,0.0,BG
2024-08-12 00:00:00-04:00,96.19738499947816,97.26977718452692,95.94914648862272,96.2668914794922,1163800,0.0,0.0,BG
2024-08-13 00:00:00-04:00,94.40014636221424,96.256973263884,93.76465634171906,95.91936492919922,1942000,0.0,0.0,BG
2024-08-14 00:00:00-04:00,96.2371041237476,96.65414300406329,94.78739212862304,95.08528137207033,1221700,0.0,0.0,BG
2024-08-15 00:00:00-04:00,95.8300036683542,96.47542535761586,95.13493124313447,95.33352661132812,785800,0.0,0.0,BG
2024-08-16 00:00:00-04:00,95.1547927434191,95.91936406329953,94.70795885527932,95.83000183105467,772900,0.0,0.0,BG
2024-08-19 00:00:00-04:00,95.97000122070312,96.81999969482422,95.97000122070312,96.25,706900,0.68,0.0,BG
2024-08-20 00:00:00-04:00,96.08000183105467,96.55999755859376,95.12000274658205,95.18000030517578,536400,0.0,0.0,BG
2024-08-21 00:00:00-04:00,95.63999938964844,96.54000091552734,95.5,96.33000183105467,680200,0.0,0.0,BG
2024-08-22 00:00:00-04:00,96.29000091552734,96.8000030517578,95.6500015258789,96.47000122070312,587200,0.0,0.0,BG
2024-08-23 00:00:00-04:00,97.08999633789062,99.0199966430664,96.66000366210938,98.63999938964844,818300,0.0,0.0,BG
2024-08-26 00:00:00-04:00,99.36000061035156,100.68000030517578,99.12000274658205,100.62999725341795,1225800,0.0,0.0,BG
2024-08-27 00:00:00-04:00,100.9499969482422,101.29000091552734,99.5199966430664,100.31999969482422,907700,0.0,0.0,BG
2024-08-28 00:00:00-04:00,100.01000213623048,100.98999786376952,99.1500015258789,100.81999969482422,760600,0.0,0.0,BG
2024-08-29 00:00:00-04:00,101.25,101.80999755859376,99.0,101.05999755859376,925400,0.0,0.0,BG
2024-08-30 00:00:00-04:00,101.22000122070312,101.44000244140624,100.45999908447266,101.37999725341795,1218800,0.0,0.0,BG
2024-09-03 00:00:00-04:00,100.41999816894533,100.94000244140624,98.70999908447266,99.3000030517578,1097100,0.0,0.0,BG
2024-09-04 00:00:00-04:00,99.87000274658205,101.12999725341795,99.1999969482422,100.20999908447266,883200,0.0,0.0,BG
2024-09-05 00:00:00-04:00,100.80999755859376,101.51000213623048,98.68000030517578,98.73999786376952,977900,0.0,0.0,BG
2024-09-06 00:00:00-04:00,98.51000213623048,99.9800033569336,98.08000183105467,98.44000244140624,735200,0.0,0.0,BG
2024-09-09 00:00:00-04:00,98.52999877929688,99.4499969482422,97.36000061035156,98.91999816894533,1061100,0.0,0.0,BG
2024-09-10 00:00:00-04:00,98.93000030517578,99.23999786376952,95.79000091552734,96.18000030517578,1044100,0.0,0.0,BG
2024-09-11 00:00:00-04:00,96.31999969482422,96.31999969482422,94.48999786376952,95.9000015258789,968400,0.0,0.0,BG
2024-09-12 00:00:00-04:00,95.8499984741211,96.62000274658205,94.98999786376952,96.43000030517578,680200,0.0,0.0,BG
2024-09-13 00:00:00-04:00,96.80999755859376,98.0500030517578,96.43000030517578,97.37999725341795,727600,0.0,0.0,BG
2024-09-16 00:00:00-04:00,98.52999877929688,99.0500030517578,96.79000091552734,97.29000091552734,993200,0.0,0.0,BG
2024-09-17 00:00:00-04:00,97.61000061035156,98.45999908447266,97.37000274658205,97.69000244140624,770100,0.0,0.0,BG
2024-09-18 00:00:00-04:00,97.58000183105467,99.0500030517578,97.08000183105467,97.70999908447266,1046600,0.0,0.0,BG
2024-09-19 00:00:00-04:00,98.7300033569336,100.4800033569336,97.86000061035156,100.36000061035156,1497000,0.0,0.0,BG
2024-09-20 00:00:00-04:00,100.12999725341795,100.16000366210938,97.62000274658205,98.8000030517578,5880500,0.0,0.0,BG
2024-09-23 00:00:00-04:00,98.1500015258789,98.9000015258789,96.95999908447266,97.44000244140624,2334900,0.0,0.0,BG
2024-09-24 00:00:00-04:00,97.5500030517578,98.87999725341795,96.9800033569336,97.05999755859376,1871400,0.0,0.0,BG
2024-09-25 00:00:00-04:00,97.06999969482422,97.2300033569336,94.69000244140624,94.72000122070312,1569100,0.0,0.0,BG
2024-09-26 00:00:00-04:00,94.16999816894533,96.3000030517578,94.16999816894533,95.87000274658205,3155900,0.0,0.0,BG
2024-09-27 00:00:00-04:00,96.87000274658205,98.33000183105467,96.75,97.7300033569336,1380700,0.0,0.0,BG
2024-09-30 00:00:00-04:00,97.62000274658205,97.79000091552734,96.08000183105467,96.63999938964844,1240200,0.0,0.0,BG
2024-10-01 00:00:00-04:00,96.25,98.29000091552734,95.5999984741211,97.68000030517578,846300,0.0,0.0,BG
2024-10-02 00:00:00-04:00,97.98999786376952,98.7699966430664,96.31999969482422,96.9499969482422,1486300,0.0,0.0,BG
2024-10-03 00:00:00-04:00,96.5,96.80999755859376,95.27999877929688,96.66999816894533,1021300,0.0,0.0,BG
2024-10-04 00:00:00-04:00,97.33000183105467,98.23999786376952,97.04000091552734,98.16999816894533,833200,0.0,0.0,BG
2024-10-07 00:00:00-04:00,98.37000274658205,99.38999938964844,98.12999725341795,98.94000244140624,1247600,0.0,0.0,BG
2024-10-08 00:00:00-04:00,97.9800033569336,98.58000183105467,96.86000061035156,98.23999786376952,1062500,0.0,0.0,BG
2024-10-09 00:00:00-04:00,98.05999755859376,98.31999969482422,96.22000122070312,96.37000274658205,1216800,0.0,0.0,BG
2024-10-10 00:00:00-04:00,96.8499984741211,96.9800033569336,95.4000015258789,96.05999755859376,1107400,0.0,0.0,BG
2024-10-11 00:00:00-04:00,96.12999725341795,97.2699966430664,96.05999755859376,96.97000122070312,631900,0.0,0.0,BG
2024-10-14 00:00:00-04:00,96.44000244140624,96.73999786376952,95.80999755859376,96.22000122070312,826600,0.0,0.0,BG
2024-10-15 00:00:00-04:00,96.70999908447266,96.7300033569336,94.58999633789062,94.68000030517578,1119000,0.0,0.0,BG
2024-10-16 00:00:00-04:00,94.76000213623048,95.94000244140624,94.6999969482422,95.12000274658205,1318600,0.0,0.0,BG
2024-10-17 00:00:00-04:00,95.51000213623048,95.7699966430664,94.4499969482422,95.5999984741211,901700,0.0,0.0,BG
2024-10-18 00:00:00-04:00,91.70999908447266,91.87000274658205,88.26000213623047,89.55000305175781,5329600,0.0,0.0,BG
2024-10-21 00:00:00-04:00,90.0,90.44000244140624,88.72000122070312,88.8499984741211,2186300,0.0,0.0,BG
2024-10-22 00:00:00-04:00,89.0,89.7300033569336,88.51000213623047,89.37000274658203,1822100,0.0,0.0,BG
2024-10-23 00:00:00-04:00,89.79000091552734,90.29000091552734,88.62999725341797,88.98999786376953,2071700,0.0,0.0,BG
2024-10-24 00:00:00-04:00,89.18000030517578,90.27999877929688,88.66999816894531,90.20999908447266,1222800,0.0,0.0,BG
2024-10-25 00:00:00-04:00,90.69000244140624,91.43000030517578,89.56999969482422,89.77999877929688,1479800,0.0,0.0,BG
2024-10-28 00:00:00-04:00,90.0,90.47000122070312,89.4000015258789,89.87000274658203,1721800,0.0,0.0,BG
2024-10-29 00:00:00-04:00,89.72000122070312,89.77999877929688,87.7699966430664,87.83999633789062,2746300,0.0,0.0,BG
2024-10-30 00:00:00-04:00,88.25,90.02999877929688,85.08000183105469,85.86000061035156,3393800,0.0,0.0,BG
2024-10-31 00:00:00-04:00,85.94000244140625,86.68000030517578,83.83999633789062,84.0199966430664,2962200,0.0,0.0,BG
2024-11-01 00:00:00-04:00,84.26000213623047,84.7699966430664,82.44999694824219,82.62000274658203,3147900,0.0,0.0,BG
2024-11-04 00:00:00-05:00,83.36000061035156,84.72000122070312,83.25,84.0,2802500,0.0,0.0,BG
2024-11-05 00:00:00-05:00,82.45999908447266,85.1500015258789,82.18000030517578,84.80000305175781,3257100,0.0,0.0,BG
2024-11-06 00:00:00-05:00,86.06999969482422,86.4800033569336,84.43000030517578,85.76000213623047,2540300,0.0,0.0,BG
2024-11-07 00:00:00-05:00,86.0999984741211,87.33000183105469,85.25,86.80999755859375,3022400,0.0,0.0,BG
2024-11-08 00:00:00-05:00,86.23999786376953,87.51000213623047,85.87999725341797,87.12000274658203,2296000,0.0,0.0,BG
