Date,Open,High,Low,Close,Volume,Dividends,Stock Splits
2005-08-11 00:00:00-04:00,2.304394113268693,2.3469367332495032,2.2689419299513514,2.2973036766052246,76671500,0.0,0.0
2005-08-12 00:00:00-04:00,2.3043943915386267,2.552559873776887,2.3043943915386267,2.542633295059204,29113500,0.0,0.0
2005-08-15 00:00:00-04:00,2.5171070055192786,2.531287876723948,2.4476206351868073,2.4532930850982666,10596500,0.0,0.0
2005-08-16 00:00:00-04:00,2.396570851874506,2.453294366316703,2.396570851874506,2.432023048400879,5141000,0.0,0.0
2005-08-17 00:00:00-04:00,2.4320219459041788,2.43911238199518,2.3823887242178365,2.389479160308838,6423500,0.0,0.0
2005-08-18 00:00:00-04:00,2.4036605585945425,2.4079146856416123,2.30439426952557,2.318575143814087,12727000,0.0,0.0
2005-08-19 00:00:00-04:00,2.338429595562629,2.366791357800231,2.3043953794478442,2.3540284633636475,3029500,0.0,0.0
2005-08-22 00:00:00-04:00,2.361117873059476,2.4135872455304725,2.3270838408533803,2.4107511043548584,2909500,0.0,0.0
2005-08-23 00:00:00-04:00,2.4816547362338395,2.544050668669091,2.4532929948676285,2.4901633262634277,13466000,0.0,0.0
2005-08-24 00:00:00-04:00,2.4816548824310303,2.517107061227323,2.4575474346594155,2.4816548824310303,3083000,0.0,0.0
2005-08-25 00:00:00-04:00,2.510017174319527,2.5156896255968912,2.467474550461417,2.475983142852783,4667000,0.0,0.0
2005-08-26 00:00:00-04:00,2.488745272120214,2.497253862493548,2.467473965236199,2.477400541305542,2704000,0.0,0.0
2005-08-29 00:00:00-04:00,2.3965702294274247,2.4362767130341125,2.388061636851219,2.4107511043548584,5458000,0.0,0.0
2005-08-30 00:00:00-04:00,2.4263492220826226,2.466055693526039,2.40365993057875,2.4150044918060303,2581000,0.0,0.0
2005-08-31 00:00:00-04:00,2.4192597639627045,2.4192597639627045,2.3554458205620334,2.3809714317321777,3004500,0.0,0.0
2005-09-01 00:00:00-04:00,2.3894794899786995,2.3894794899786995,2.2022918161110283,2.304394245147705,12468500,0.0,0.0
2005-09-02 00:00:00-04:00,2.3270839929854454,2.3511914481282243,2.2703603205180616,2.2788689136505127,5748500,0.0,0.0
2005-09-06 00:00:00-04:00,2.2973032556440036,2.3327554324650364,2.293048960615617,2.32566499710083,2726500,0.0,0.0
2005-09-07 00:00:00-04:00,2.327084344991035,2.329920486781069,2.271778819363081,2.295886278152466,3643500,0.0,0.0
2005-09-08 00:00:00-04:00,2.304393987293692,2.342682309373433,2.304393987293692,2.3143205642700195,2558500,0.0,0.0
2005-09-09 00:00:00-04:00,2.3469372654837284,2.3540277037551536,2.328502092168146,2.349773406982422,2468500,0.0,0.0
2005-09-12 00:00:00-04:00,2.332755876182906,2.3426824537710855,2.2703599316798506,2.2817046642303467,3300500,0.0,0.0
2005-09-13 00:00:00-04:00,2.285958779096879,2.285958779096879,2.226399149233577,2.251924753189087,3798500,0.0,0.0
2005-09-14 00:00:00-04:00,2.2334899452952417,2.2505069609913018,2.219309070706965,2.2292356491088867,2055500,0.0,0.0
2005-09-15 00:00:00-04:00,2.233490129591212,2.241998553616633,2.1313876888911714,2.1413142681121826,6004000,0.0,0.0
2005-09-16 00:00:00-04:00,2.135641646336696,2.1753481259656184,2.063319123832253,2.1725118160247803,9555000,0.0,0.0
2005-09-19 00:00:00-04:00,2.1625844990381475,2.261850748698104,2.154076079272521,2.1980366706848145,5559000,0.0,0.0
2005-09-20 00:00:00-04:00,2.198037762617324,2.273196606704518,2.1909473247656313,2.2405805587768555,4178000,0.0,0.0
2005-09-21 00:00:00-04:00,2.2263989191006317,2.2263989191006317,2.084590041678098,2.1271326541900635,8313500,0.0,0.0
2005-09-22 00:00:00-04:00,2.1271331356644456,2.1370597136875786,2.0562287654287057,2.0576467514038086,7184000,0.0,0.0
2005-09-23 00:00:00-04:00,2.056228114453142,2.2263987181944316,2.053391805302169,2.2107996940612793,4830500,0.0,0.0
2005-09-26 00:00:00-04:00,2.2122175393434813,2.240579445710104,2.1625844990381475,2.1980366706848145,7826500,0.0,0.0
2005-09-27 00:00:00-04:00,2.190947014535864,2.2065460432205746,2.1753481549005023,2.1923651695251465,4505000,0.0,0.0
2005-09-28 00:00:00-04:00,2.1810199185400028,2.1810199185400028,2.1242964372360125,2.1484038829803467,3055000,0.0,0.0
2005-09-29 00:00:00-04:00,2.154076410210564,2.198037008376673,2.101607052873021,2.1271326541900635,6141000,0.0,0.0
2005-09-30 00:00:00-04:00,2.134224132307055,2.141314571189827,2.078918607591797,2.1001899242401123,12109000,0.0,0.0
2005-10-03 00:00:00-04:00,2.105860717083095,2.105860717083095,2.0349562150879748,2.056227684020996,4279000,0.0,0.0
2005-10-04 00:00:00-04:00,2.0491381009519083,2.056228537188448,1.9895783013255097,1.9952505826950073,2002000,0.0,0.0
2005-10-05 00:00:00-04:00,1.9853240432020498,1.9853240432020498,1.819407696899621,1.8647866249084473,10826000,0.0,0.0
2005-10-06 00:00:00-04:00,1.8718774856252507,1.913001958275486,1.857696440620707,1.901657223701477,4121000,0.0,0.0
2005-10-07 00:00:00-04:00,1.9569623904785165,1.9569623904785165,1.908747319446145,1.9144197702407837,2174500,0.0,0.0
2005-10-10 00:00:00-04:00,1.9243457556065893,1.9342723301306433,1.764101732499989,1.779700756072998,2443000,0.0,0.0
2005-10-11 00:00:00-04:00,1.793882742924497,1.793882742924497,1.7031250230319703,1.7229783535003662,3256500,0.0,0.0
2005-10-12 00:00:00-04:00,1.7187236934444876,1.7272322859986922,1.673344758554549,1.6931980848312378,2545500,0.0,0.0
2005-10-13 00:00:00-04:00,1.6917799013306305,1.6917799013306305,1.586841327470451,1.602440357208252,3555000,0.0,0.0
2005-10-14 00:00:00-04:00,1.6081119578495529,1.7726102707680966,1.6052758179309703,1.752756953239441,7229500,0.0,0.0
2005-10-17 00:00:00-04:00,1.7527581061559112,1.75701240335679,1.7158879248635606,1.7300688028335571,3007000,0.0,0.0
2005-10-18 00:00:00-04:00,1.7300676699859256,1.7300676699859256,1.6931973437868502,1.7017059326171875,2575000,0.0,0.0
2005-10-19 00:00:00-04:00,1.7158875667948705,1.7385768653824578,1.6931980991579183,1.724395990371704,5052000,0.0,0.0
2005-10-20 00:00:00-04:00,1.7300679815009345,1.8562778369466646,1.7286498267574297,1.8179893493652344,7568500,0.0,0.0
2005-10-21 00:00:00-04:00,1.8194071820817115,1.8534413684580466,1.810898593225305,1.837842345237732,4029500,0.0,0.0
2005-10-24 00:00:00-04:00,1.837843534905301,1.871877743312562,1.837843534905301,1.8619509935379028,2160000,0.0,0.0
2005-10-25 00:00:00-04:00,1.8761304839724904,1.9016560791383983,1.8548591828424463,1.8718763589859009,2629500,0.0,0.0
2005-10-26 00:00:00-04:00,1.8647861742372829,1.8931479128638231,1.8364242665614459,1.856277585029602,2839500,0.0,0.0
2005-10-27 00:00:00-04:00,1.8506060727830622,1.8690412460333679,1.8364251962904243,1.8435156345367432,810000,0.0,0.0
2005-10-28 00:00:00-04:00,1.8718769946781093,1.9087471610617845,1.8718769946781093,1.8931483030319214,1664500,0.0,0.0
2005-10-31 00:00:00-05:00,1.9144196958903408,1.9839060743429318,1.9144196958903408,1.9597984552383423,3915000,0.0,0.0
2005-11-01 00:00:00-05:00,2.006595845788382,2.020776722016263,1.9215105884210937,1.9286010265350342,2830000,0.0,0.0
2005-11-02 00:00:00-05:00,1.9314361192419756,1.9498712821381956,1.87896693949834,1.9200913906097412,3455000,0.0,0.0
2005-11-03 00:00:00-05:00,1.9002387258352427,1.9144195979717546,1.8732949673462715,1.8860578536987305,1815000,0.0,0.0
2005-11-04 00:00:00-05:00,1.8860576433912786,1.9541258558663628,1.8747129131372127,1.9002385139465332,2600500,0.0,0.0
2005-11-07 00:00:00-05:00,1.900238941684875,1.958380591668662,1.8945664907563338,1.918674111366272,1783500,0.0,0.0
2005-11-08 00:00:00-05:00,1.9044936338773137,1.921510652104883,1.8888946018899007,1.9172563552856445,1599500,0.0,0.0
2005-11-09 00:00:00-05:00,1.9215162992477417,1.9570209999700319,1.9115748476056864,1.9215162992477417,2294000,0.004,0.0
2005-11-10 00:00:00-05:00,1.9314578727662592,2.043652845542469,1.8902723121396279,1.9527606964111328,4019000,0.0,0.0
2005-11-11 00:00:00-05:00,1.9584406178654263,2.009567442393424,1.9584406178654263,1.9939454793930054,1347500,0.0,0.0
2005-11-14 00:00:00-05:00,1.9854260554552252,2.016670178608501,1.9769048540043874,1.998207688331604,1282500,0.0,0.0
2005-11-15 00:00:00-05:00,2.0095679728577687,2.1373850679175583,1.9967863480016754,2.0961995124816895,7032000,0.0,0.0
2005-11-16 00:00:00-05:00,2.1444860073787027,2.2012935299159597,2.130284126744389,2.1544272899627686,4794000,0.0,0.0
2005-11-17 00:00:00-05:00,2.165789292698864,2.2552613630385507,2.1473268100557448,2.2438998222351074,8077500,0.0,0.0
2005-11-18 00:00:00-05:00,2.24389952284131,2.24389952284131,2.1515871219425584,2.2169158458709717,3764000,0.0,0.0
2005-11-21 00:00:00-05:00,2.2581016432561247,2.2652025848987623,2.2240170217915836,2.2467401027679443,4266000,0.0,0.0
2005-11-22 00:00:00-05:00,2.246739800723437,2.2581013396842087,2.2027139007378653,2.2339580059051514,1920000,0.0,0.0
2005-11-23 00:00:00-05:00,2.2367993074261365,2.2367993074261365,2.197033991672334,2.201294422149658,1068000,0.0,0.0
2005-11-25 00:00:00-05:00,2.2083944152915915,2.225436807068597,2.2083944152915915,2.2183358669281006,154000,0.0,0.0
2005-11-28 00:00:00-05:00,2.2240166106803363,2.2282772087383043,2.1799907129142855,2.199873447418213,1477000,0.0,0.0
2005-11-29 00:00:00-05:00,2.2126559651221505,2.2126559651221505,2.1941934789543307,2.201294422149658,792000,0.0,0.0
2005-11-30 00:00:00-05:00,2.1984530072159507,2.2126548866846774,2.1856713834139994,2.194192409515381,1513500,0.0,0.0
2005-12-01 00:00:00-05:00,2.1899328819860995,2.2012942547949965,2.143066457300175,2.1686298847198486,3586000,0.0,0.0
2005-12-02 00:00:00-05:00,2.1672089667084733,2.208394350596924,2.151586831137123,2.2055540084838867,3127500,0.0,0.0
2005-12-05 00:00:00-05:00,2.1941917675297558,2.2438985004266576,2.17288895455953,2.2211754322052,3232000,0.0,0.0
2005-12-06 00:00:00-05:00,2.2339583062313153,2.251000701613487,2.225437277840032,2.2467401027679443,1503000,0.0,0.0
2005-12-07 00:00:00-05:00,2.2510002254343373,2.2708827901078203,2.2183358669281006,2.2183358669281006,1762000,0.0,0.0
2005-12-08 00:00:00-05:00,2.218336045853574,2.218336045853574,2.1416457845707066,2.1473264694213867,5745000,0.0,0.0
2005-12-09 00:00:00-05:00,2.1572678015294486,2.172889768647331,2.118922588376983,2.1544272899627686,5531500,0.0,0.0
2005-12-12 00:00:00-05:00,2.1615286569846335,2.182831482141469,2.1373854890001804,2.145906686782837,2333500,0.0,0.0
2005-12-13 00:00:00-05:00,2.1459062039649797,2.1657887685846298,2.0919390251833723,2.114661931991577,3260500,0.0,0.0
2005-12-14 00:00:00-05:00,2.108981252102323,2.1231831323750847,2.0862581759459977,2.1018803119659424,1973500,0.0,0.0
2005-12-15 00:00:00-05:00,2.094780132135564,2.127444502478489,2.0748973909573434,2.1260242462158203,1495500,0.0,0.0
2005-12-16 00:00:00-05:00,2.14164537017564,2.1586875907298975,2.133124175248637,2.1444857120513916,3498000,0.0,0.0
2005-12-19 00:00:00-05:00,2.1444855952367665,2.1728893510465666,2.1018799615220662,2.165788412094116,2893500,0.0,0.0
2005-12-20 00:00:00-05:00,2.101881074849251,2.137385788417685,2.077737903482681,2.1260242462158203,3497000,0.0,0.0
2005-12-21 00:00:00-05:00,2.127443785329511,2.130284127597557,2.076316947305595,2.0961995124816895,1900500,0.0,0.0
2005-12-22 00:00:00-05:00,2.0961996318145135,2.18283117637021,2.0961996318145135,2.1785707473754883,2252000,0.0,0.0
2005-12-23 00:00:00-05:00,2.1515863578897885,2.1870910497428095,2.1515863578897885,2.1629478931427,1622000,0.0,0.0
2005-12-27 00:00:00-05:00,2.1700491291761743,2.1998731421435243,2.1657885317094463,2.172889471054077,2007500,0.0,0.0
2005-12-28 00:00:00-05:00,2.1700490093255342,2.17146926483592,2.120342436658384,2.165788412094116,4846500,0.0,0.0
2005-12-29 00:00:00-05:00,2.172889175756334,2.1927719047990677,2.165788237376727,2.177149772644043,1294000,0.0,0.0
2005-12-30 00:00:00-05:00,2.177149948277984,2.191351826182884,2.1572673869310197,2.165788412094116,741000,0.0,0.0
2006-01-03 00:00:00-05:00,2.1657885317094463,2.1870913497433393,2.144485713675553,2.172889471054077,2272500,0.0,0.0
2006-01-04 00:00:00-05:00,2.1728900629590835,2.2296977624905527,2.1728900629590835,2.20981502532959,2567500,0.0,0.0
2006-01-05 00:00:00-05:00,2.2154962169001386,2.3063883876206392,2.2112357865990395,2.293606758117676,5217500,0.0,0.0
2006-01-06 00:00:00-05:00,2.286505162611832,2.286505162611832,2.243899517362491,2.275143623352051,5087000,0.0,0.0
2006-01-09 00:00:00-05:00,2.275143442194014,2.3575143836439203,2.275143442194014,2.329110622406006,3454500,0.0,0.0
2006-01-10 00:00:00-05:00,2.304968046737421,2.3404727573347697,2.289345906354662,2.336212158203125,2359500,0.0,0.0
2006-01-11 00:00:00-05:00,2.336212041634542,2.336212041634542,2.300707332808751,2.3134889602661133,2560500,0.0,0.0
2006-01-12 00:00:00-05:00,2.307808040278991,2.3546742850310083,2.293606158190488,2.314908981323242,2819000,0.0,0.0
2006-01-13 00:00:00-05:00,2.3163290553932323,2.3319510228842057,2.310648201423971,2.324850082397461,1849000,0.0,0.0
2006-01-17 00:00:00-05:00,2.3035465534292716,2.3205887715031825,2.2524197299078157,2.312067747116089,2442500,0.0,0.0
2006-01-18 00:00:00-05:00,2.3007071522544917,2.356094595255929,2.279404328630814,2.3546743392944336,1538500,0.0,0.0
2006-01-19 00:00:00-05:00,2.357515042523342,2.3589352987020797,2.320590074874337,2.347573757171631,1172500,0.0,0.0
2006-01-20 00:00:00-05:00,2.3518335805694623,2.3560941784003435,2.256680849778911,2.265202045440674,1943500,0.0,0.0
2006-01-23 00:00:00-05:00,2.2680419777782435,2.326269742580421,2.2666217223246363,2.304966926574707,1171000,0.0,0.0
2006-01-24 00:00:00-05:00,2.3078080997974744,2.3603550310201658,2.300707158570089,2.341892719268799,3657000,0.0,0.0
2006-01-25 00:00:00-05:00,2.3433127455002483,2.3489935999155227,2.286505217146236,2.314908981323242,11327500,0.0,0.0
2006-01-26 00:00:00-05:00,2.3191694557713487,2.3901788624159983,2.3191694557713487,2.380237579345703,2149500,0.0,0.0
2006-01-27 00:00:00-05:00,2.378816266698172,2.4285229985668737,2.3731355844101683,2.417161464691162,1289500,0.0,0.0
2006-01-30 00:00:00-05:00,2.414322139326177,2.449826841813373,2.381657779178002,2.400120258331299,1613500,0.0,0.0
2006-01-31 00:00:00-05:00,2.400120902438624,2.431365015152213,2.3930197907357225,2.415742874145508,2094500,0.0,0.0
2006-02-01 00:00:00-05:00,2.4029605948026846,2.4029605948026846,2.378817261730525,2.38307785987854,2454500,0.0,0.0
2006-02-02 00:00:00-05:00,2.3745574994864826,2.3830785288748264,2.3191700466130434,2.343313217163086,7376500,0.0,0.0
2006-02-03 00:00:00-05:00,2.340471982804799,2.4001200123089355,2.326270103265673,2.3972795009613037,2558000,0.0,0.0
2006-02-06 00:00:00-05:00,2.397280443393802,2.427104469870461,2.3930198439971617,2.4256842136383057,2713000,0.0,0.0
2006-02-07 00:00:00-05:00,2.427104361383895,2.427104361383895,2.397280336240309,2.40580153465271,2793000,0.0,0.0
2006-02-08 00:00:00-05:00,2.40438009313733,2.4583472614441,2.3930185572885785,2.4484059810638428,2350000,0.0,0.0
2006-02-09 00:00:00-05:00,2.446986021171142,2.526516606916825,2.4427254238455265,2.4853310585021973,1597500,0.0,0.0
2006-02-10 00:00:00-05:00,2.485331176801804,2.4966927137776636,2.4640283584594727,2.4640283584594727,2953000,0.0,0.0
2006-02-13 00:00:00-05:00,2.462608582296469,2.462608582296469,2.4200029373168945,2.4200029373168945,1087500,0.0,0.0
2006-02-14 00:00:00-05:00,2.414322192476615,2.473970060108275,2.388758772263109,2.468289375305176,1291000,0.0,0.0
2006-02-15 00:00:00-05:00,2.466870302250834,2.4995346787797716,2.4285252381950637,2.482492446899414,955000,0.0,0.0
2006-02-16 00:00:00-05:00,2.4810705792733874,2.499533055696691,2.446986137645558,2.4640283584594727,1903500,0.0,0.0
2006-02-17 00:00:00-05:00,2.481071118258216,2.492432657702243,2.4441461573900756,2.459768295288086,1560000,0.0,0.0
2006-02-21 00:00:00-05:00,2.4540884581151174,2.4540884581151174,2.391600054232825,2.422844171524048,2890000,0.0,0.0
2006-02-22 00:00:00-05:00,2.427103296356163,2.5194156743172154,2.418582101682914,2.515155076980591,2073500,0.0,0.0
2006-02-23 00:00:00-05:00,2.5066347669472564,2.54213947511652,2.4839116859990065,2.532198190689087,904500,0.0,0.0
2006-02-24 00:00:00-05:00,2.4001197544663126,2.7253430318534817,2.3972792434238337,2.620249032974243,4643000,0.0,0.0
2006-02-27 00:00:00-05:00,2.6117282561742545,2.6117282561742545,2.4768102241677026,2.5520803928375244,3970000,0.0,0.0
2006-02-28 00:00:00-05:00,2.5421385104562564,2.5492394493955297,2.4853309989420684,2.502373218536377,1863500,0.0,0.0
2006-03-01 00:00:00-05:00,2.506635186106716,2.550661099318536,2.47681115853744,2.5222573280334473,2538500,0.0,0.0
2006-03-02 00:00:00-05:00,2.5307873887438346,2.5563796306676645,2.469650413450979,2.4739158153533936,4221000,0.004,0.0
2006-03-03 00:00:00-05:00,2.4668061912731405,2.4739151359947678,2.4440575003676894,2.4596972465515137,5297000,0.0,0.0
2006-03-06 00:00:00-05:00,2.4454791522142063,2.452588096340212,2.3814984855895607,2.415621519088745,2579500,0.0,0.0
2006-03-07 00:00:00-05:00,2.4028258167014536,2.419887251043562,2.397138558927004,2.4113564491271973,1487000,0.0,0.0
2006-03-08 00:00:00-05:00,2.4042480928139125,2.4113570396549506,2.3786558502880433,2.3999826908111572,1638000,0.0,0.0
2006-03-09 00:00:00-05:00,2.399982361783659,2.4099350215891744,2.371546578317934,2.3729684352874756,563500,0.0,0.0
2006-03-10 00:00:00-05:00,2.3772340896703428,2.4085134209129913,2.367281428805751,2.397139072418213,2066000,0.0,0.0
2006-03-13 00:00:00-05:00,2.4028257999941753,2.4028257999941753,2.375811707107269,2.3886077404022217,1571000,0.0,0.0
2006-03-14 00:00:00-05:00,2.381499725196964,2.3999830234435398,2.3743907773706416,2.3957176208496094,1968000,0.0,0.0
2006-03-15 00:00:00-05:00,2.3957169603656725,2.4198875119040504,2.365859489421044,2.3729684352874756,2505000,0.0,0.0
2006-03-16 00:00:00-05:00,2.3800771817627724,2.3871861270336514,2.3487976869784055,2.3601720333099365,1293000,0.0,0.0
2006-03-17 00:00:00-05:00,2.367281829544319,2.4028267381666173,2.365860141673466,2.3957176208496094,3242500,0.0,0.0
2006-03-20 00:00:00-05:00,2.395716481776359,2.3985601951473576,2.3630153034253207,2.3743896484375,1892500,0.0,0.0
2006-03-21 00:00:00-05:00,2.3729690074918453,2.3729690074918453,2.296192271926494,2.3146755695343018,1888000,0.0,0.0
2006-03-22 00:00:00-05:00,2.3089883168910768,2.3928740002955844,2.300457681462424,2.3914523124694824,1547000,0.0,0.0
2006-03-23 00:00:00-05:00,2.3900299592560805,2.4255746898938177,2.3729685224480956,2.3985607624053955,806000,0.0,0.0
2006-03-24 00:00:00-05:00,2.4042472459933015,2.424152391831642,2.378655012481493,2.417043447494507,977500,0.0,0.0
2006-03-27 00:00:00-05:00,2.415622367535896,2.4241531712796442,2.395717215297369,2.397139072418213,414500,0.0,0.0
2006-03-28 00:00:00-05:00,2.3886079057517104,2.3900297626565186,2.3459542324950404,2.354485034942627,2245000,0.0,0.0
2006-03-29 00:00:00-05:00,2.360171759544927,2.401403739027751,2.353062815098641,2.3743896484375,960000,0.0,0.0
2006-03-30 00:00:00-05:00,2.367280921710348,2.426996196143659,2.367280921710348,2.4113564491271973,958000,0.0,0.0
2006-03-31 00:00:00-05:00,2.4028254874581743,2.418465062841028,2.357328109459262,2.415621519088745,1156500,0.0,0.0
2006-04-03 00:00:00-04:00,2.418465666620487,2.4483233072000257,2.4170439791347147,2.4269964694976807,1725000,0.0,0.0
2006-04-04 00:00:00-04:00,2.4269964940813264,2.4369489845451042,2.3871863627355747,2.3900299072265625,1048500,0.0,0.0
2006-04-05 00:00:00-04:00,2.395717597734901,2.4269971034614732,2.3189410297476587,2.401404857635498,1519000,0.0,0.0
2006-04-06 00:00:00-04:00,2.3971382304630118,2.4213086065933105,2.358749966080702,2.415621519088745,1093500,0.0,0.0
2006-04-07 00:00:00-04:00,2.4170433557854167,2.4170433557854167,2.331735857485983,2.3928728103637695,765000,0.0,0.0
2006-04-10 00:00:00-04:00,2.3942954262092466,2.4170441222348313,2.3473763465881348,2.3473763465881348,661000,0.0,0.0
2006-04-11 00:00:00-04:00,2.3544852869073734,2.365859634891168,2.2933483147987936,2.2947700023651123,940000,0.0,0.0
2006-04-12 00:00:00-04:00,2.289083990211422,2.3800786474072537,2.289083990211422,2.35306453704834,1701000,0.0,0.0
2006-04-13 00:00:00-04:00,2.340266342089976,2.3800764573888538,2.3317355425650117,2.3587496280670166,892500,0.0,0.0
2006-04-17 00:00:00-04:00,2.3601712189794757,2.3971377894297112,2.3331573040670035,2.3345789909362793,1075500,0.0,0.0
2006-04-18 00:00:00-04:00,2.3303141895766806,2.4170433757101852,2.324626932581518,2.415621519088745,2204000,0.0,0.0
2006-04-19 00:00:00-04:00,2.417044497223579,2.492399373822166,2.3942957976686814,2.468228816986084,1862000,0.0,0.0
2006-04-20 00:00:00-04:00,2.4767589344287186,2.5592227355694197,2.4710718458634133,2.5450048446655273,1691000,0.0,0.0
2006-04-21 00:00:00-04:00,2.569175524576874,2.5833934161989847,2.44974513325676,2.525099992752075,7823500,0.0,0.0
2006-04-24 00:00:00-04:00,2.523678271662042,2.529365530311457,2.4625413004973784,2.475337505340576,1505000,0.0,0.0
2006-04-25 00:00:00-04:00,2.4739161258469062,2.530787706375122,2.452589283148825,2.530787706375122,1388500,0.0,0.0
2006-04-26 00:00:00-04:00,2.5421608941718414,2.607563249675377,2.505194315932347,2.516568660736084,1692500,0.0,0.0
2006-04-27 00:00:00-04:00,2.5023511725563194,2.552113790731924,2.483867880478684,2.513725519180298,1275500,0.0,0.0
2006-04-28 00:00:00-04:00,2.488133025438022,2.488133025438022,2.3615937076986935,2.4596972465515137,3939500,0.0,0.0
2006-05-01 00:00:00-04:00,2.417043440311939,2.5364738065152737,2.3957164378733062,2.516568660736084,2382500,0.0,0.0
2006-05-02 00:00:00-04:00,2.5521140086041365,2.6658573150634766,2.5450050625435927,2.6658573150634766,4408000,0.0,0.0
2006-05-03 00:00:00-04:00,2.6587478942777887,2.6587478942777887,2.5890801336294045,2.6061415672302246,3149000,0.0,0.0
2006-05-04 00:00:00-04:00,2.6061418094503903,2.6061418094503903,2.540739443496234,2.5450048446655273,2255500,0.0,0.0
2006-05-05 00:00:00-04:00,2.545005063793144,2.5663319019852455,2.512303878000459,2.5521140098571777,1963000,0.0,0.0
2006-05-08 00:00:00-04:00,2.5535358367803043,2.5535358367803043,2.4781809754912523,2.505194902420044,1486000,0.0,0.0
2006-05-09 00:00:00-04:00,2.505194941053713,2.515147601172097,2.488133504336068,2.4909770488739014,1416500,0.0,0.0
2006-05-10 00:00:00-04:00,2.485289719328775,2.5592227176121236,2.4596974819832162,2.4895551204681396,2660000,0.0,0.0
2006-05-11 00:00:00-04:00,2.4867090726979537,2.5365286122439263,2.425502175890287,2.4269256591796875,1813000,0.004,0.0
2006-05-12 00:00:00-04:00,2.4269262049859206,2.4383135648085874,2.3856470468393205,2.3970344066619873,1243000,0.0,0.0
2006-05-15 00:00:00-04:00,2.379952201777262,2.412690780440846,2.3628710861722952,2.377105236053467,1124500,0.0,0.0
2006-05-16 00:00:00-04:00,2.3742580654069654,2.4952484899916705,2.3685644742266043,2.463933229446411,2123000,0.0,0.0
2006-05-17 00:00:00-04:00,2.4639349123039125,2.496673508162377,2.377106484551185,2.3970344066619873,3117500,0.0,0.0
2006-05-18 00:00:00-04:00,2.411267316813596,2.466780603603663,2.379952220762109,2.4155375957489014,1314500,0.0,0.0
2006-05-19 00:00:00-04:00,2.41553743966165,2.4682037573020184,2.391339250486708,2.4212310314178467,3127000,0.0,0.0
2006-05-22 00:00:00-04:00,2.401303960533796,2.4738982089430275,2.2973944396754127,2.3586013317108154,7404500,0.0,0.0
2006-05-23 00:00:00-04:00,2.3842217112344057,2.442581778940301,2.3144744622356215,2.3358256816864014,2404500,0.0,0.0
2006-05-24 00:00:00-04:00,2.328709124255652,2.3628710150686816,2.291700267804498,2.3486368656158447,3430500,0.0,0.0
2006-05-25 00:00:00-04:00,2.3813749506699944,2.466779999404104,2.3657173216371183,2.4141135215759277,2158500,0.0,0.0
2006-05-26 00:00:00-04:00,2.4340416974742722,2.4625099936367545,2.3856454921873937,2.4411587715148926,2737500,0.0,0.0
2006-05-30 00:00:00-04:00,2.4411590372659093,2.468203853690666,2.354330656644199,2.3842222690582275,1524500,0.0,0.0
2006-05-31 00:00:00-04:00,2.3984576183062076,2.4468538530675787,2.351484867093669,2.4311962127685547,3197000,0.0,0.0
2006-06-01 00:00:00-04:00,2.431195317084856,2.431195317084856,2.345790408047976,2.372835397720337,1906500,0.0,0.0
2006-06-02 00:00:00-04:00,2.391340132153853,2.399880692621424,2.3173225636114236,2.3344035148620605,2036000,0.0,0.0
2006-06-05 00:00:00-04:00,2.323015788224742,2.323015788224742,2.2774665355682373,2.2774665355682373,1736500,0.0,0.0
2006-06-06 00:00:00-04:00,2.2774664756124614,2.313051854826748,2.214836106384634,2.2376108169555664,1874000,0.0,0.0
2006-06-07 00:00:00-04:00,2.233340377761976,2.2731960335679933,2.176403775091797,2.2347638607025146,2106000,0.0,0.0
2006-06-08 00:00:00-04:00,2.2205292498347973,2.2205292498347973,2.1365478397575015,2.180673599243164,2603500,0.0,0.0
2006-06-09 00:00:00-04:00,2.180674184115527,2.1820976672516172,2.1080799378645994,2.1237375736236572,2787500,0.0,0.0
2006-06-12 00:00:00-04:00,2.1180434588859645,2.1180434588859645,2.0127106536032247,2.018404245376587,2687000,0.0,0.0
2006-06-13 00:00:00-04:00,1.9998998455500732,2.01413399486695,1.8817563722831072,1.921612024307251,7447500,0.0,0.0
2006-06-14 00:00:00-04:00,1.905953844127881,2.01840369320692,1.905953844127881,2.0098631381988525,4066500,0.0,0.0
2006-06-15 00:00:00-04:00,2.029791433778162,2.0838812299705007,2.0169807684861683,2.04687237739563,4515000,0.0,0.0
2006-06-16 00:00:00-04:00,2.048297224256145,2.0554143029771854,2.0141351445844253,2.0297927856445312,4184500,0.0,0.0
2006-06-19 00:00:00-04:00,2.0326382024857303,2.0326382024857303,1.9586206680017135,1.9685845375061035,1349000,0.0,0.0
2006-06-20 00:00:00-04:00,1.957199057977476,1.9600458563190268,1.9173433721420012,1.9543522596359253,3152500,0.0,0.0
2006-06-21 00:00:00-04:00,1.948657920839928,2.0013244382682025,1.9429643258293496,1.9785497188568115,1470500,0.0,0.0
2006-06-22 00:00:00-04:00,1.9785483721998418,1.9785483721998418,1.9187649865409064,1.9329991340637207,2478500,0.0,0.0
2006-06-23 00:00:00-04:00,1.9315763657303822,2.018404765602271,1.904531543309688,2.0112876892089844,1949000,0.0,0.0
2006-06-26 00:00:00-04:00,2.0255211672129154,2.0255211672129154,1.9913592797796347,1.9927825927734375,1194000,0.0,0.0
2006-06-27 00:00:00-04:00,2.0027468133216706,2.0027468133216706,1.921612189190629,1.9230355024337769,1904000,0.0,0.0
2006-06-28 00:00:00-04:00,1.9330001464655069,1.9515045818736807,1.8917209952188865,1.9045318365097046,2147500,0.0,0.0
2006-06-29 00:00:00-04:00,1.9287295798597244,2.055413642176987,1.9287295798597244,2.049720048904419,1919500,0.0,0.0
2006-06-30 00:00:00-04:00,2.071071944037291,2.093846494133896,2.01555862820245,2.0297927856445312,6341500,0.0,0.0
2006-07-03 00:00:00-04:00,1.9998996990870357,2.0297914783371245,1.9742781982561641,1.9984763860702515,737000,0.0,0.0
2006-07-05 00:00:00-04:00,1.9984754362941155,2.011286095779065,1.9557728420807974,1.9970519542694092,1311000,0.0,0.0
2006-07-06 00:00:00-04:00,2.0041699866947904,2.0283680049353863,1.9685846158455511,1.9956294298171997,1026000,0.0,0.0
2006-07-07 00:00:00-04:00,1.9885124016756415,1.9885124016756415,1.9401163640742216,1.9571973085403442,1393500,0.0,0.0
2006-07-10 00:00:00-04:00,1.9571975530788743,1.9728551864450563,1.9401166064786037,1.9458101987838745,1174500,0.0,0.0
2006-07-11 00:00:00-04:00,1.9372697105360388,1.9813956463895055,1.90026101984763,1.9643146991729736,1635000,0.0,0.0
2006-07-12 00:00:00-04:00,1.9600442284311066,2.0326384591137403,1.955773949623108,1.955773949623108,1696000,0.0,0.0
2006-07-13 00:00:00-04:00,1.9358464273235296,1.9657382126801708,1.8974140833837145,1.8988375663757324,1275000,0.0,0.0
2006-07-14 00:00:00-04:00,1.9073788949869037,1.9144959734512956,1.858982659618318,1.881757378578186,1323000,0.0,0.0
2006-07-17 00:00:00-04:00,1.8774862363181957,1.89172038671746,1.8376305812633644,1.8561350107192993,1248500,0.0,0.0
2006-07-18 00:00:00-04:00,1.8646754616562655,1.8988375255703627,1.8504413107798408,1.8959907293319702,1095000,0.0,0.0
2006-07-19 00:00:00-04:00,1.9016839355565613,2.0184040847837132,1.9016839355565613,2.015557289123535,1850000,0.0,0.0
2006-07-20 00:00:00-04:00,2.0226746268077127,2.0283682188703294,1.9486569118869934,1.950080394744873,1747000,0.0,0.0
2006-07-21 00:00:00-04:00,1.9500807469668462,2.0013237635236694,1.927306035233929,1.9700084924697876,3119000,0.0,0.0
2006-07-24 00:00:00-04:00,1.9714309014299394,2.035484552383423,1.9472328894510567,2.035484552383423,1791500,0.0,0.0
2006-07-25 00:00:00-04:00,2.0426022701334943,2.1151964986928715,2.0212510464024356,2.110926389694214,2108500,0.0,0.0
2006-07-26 00:00:00-04:00,2.1080798672101335,2.126584298936693,2.045449665641986,2.115196943283081,1541500,0.0,0.0
2006-07-27 00:00:00-04:00,2.1280071741968043,2.1707096184372787,2.0724938948735296,2.147934913635254,1927500,0.0,0.0
2006-07-28 00:00:00-04:00,2.2632326377060177,2.2788901049204036,2.2248002870786694,2.2546920776367188,3937000,0.0,0.0
2006-07-31 00:00:00-04:00,2.2433044125724892,2.330132805838148,2.203448753865556,2.3073582649230957,3384000,0.0,0.0
2006-08-01 00:00:00-04:00,2.3073577749908054,2.3073577749908054,2.221952713219286,2.2461507320404053,1699000,0.0,0.0
2006-08-02 00:00:00-04:00,2.260385070110869,2.260385070110869,2.1650161373680343,2.180673599243164,2219000,0.0,0.0
2006-08-03 00:00:00-04:00,2.165016696633268,2.204872357520381,2.149359061029033,2.166440010070801,1364500,0.0,0.0
2006-08-04 00:00:00-04:00,2.2134128928018075,2.257538836273177,2.165016839052462,2.19206166267395,1243000,0.0,0.0
2006-08-07 00:00:00-04:00,2.1707096879417027,2.1920609107455893,2.1522052609081137,2.187790632247925,2593500,0.0,0.0
2006-08-08 00:00:00-04:00,2.2006020995983717,2.2162597353574296,2.1180439804482636,2.1237375736236572,1819500,0.0,0.0
2006-08-09 00:00:00-04:00,2.1507821137758794,2.1721333382267933,2.1351244813047634,2.139394760131836,1462000,0.0,0.0
2006-08-10 00:00:00-04:00,2.130842957926402,2.1636251598931246,2.110888492859003,2.113739252090454,1754500,0.004,0.0
2006-08-11 00:00:00-04:00,2.102337746940888,2.167902182748268,2.068130148728529,2.0766820907592773,1429500,0.0,0.0
2006-08-14 00:00:00-04:00,2.090934632433425,2.1650509896498304,2.0823826927821205,2.1308434009552,1387500,0.0,0.0
2006-08-15 00:00:00-04:00,2.163624913581466,2.207809637712255,2.1294173358932817,2.183579206466675,993000,0.0,0.0
2006-08-16 00:00:00-04:00,2.2063841251674043,2.224913207391994,2.194981599959155,2.204958915710449,812000,0.0,0.0
2006-08-17 00:00:00-04:00,2.2092349529266357,2.216361510713733,2.1864300699542487,2.2092349529266357,857000,0.0,0.0
2006-08-18 00:00:00-04:00,2.2149370960402486,2.2234888665076586,2.1465220827479605,2.1750283241271973,842000,0.0,0.0
2006-08-21 00:00:00-04:00,2.1664764207290967,2.2092357835278174,2.157924650115715,2.2035346031188965,590500,0.0,0.0
2006-08-22 00:00:00-04:00,2.193557348813199,2.2234887994118275,2.170752288433733,2.2120864391326904,1062000,0.0,0.0
2006-08-23 00:00:00-04:00,2.220638209342043,2.2291901494619917,2.193557348813199,2.2120864391326904,1155500,0.0,0.0
2006-08-24 00:00:00-04:00,2.216361510713733,2.2306147961984677,2.1978325963957124,2.2092349529266357,1384500,0.0,0.0
2006-08-25 00:00:00-04:00,2.2078100042543403,2.2377416184619516,2.187855538145746,2.219212532043457,532000,0.0,0.0
2006-08-28 00:00:00-04:00,2.223488540147846,2.2947543030462727,2.220637950410447,2.2776505947113037,1245500,0.0,0.0
2006-08-29 00:00:00-04:00,2.287627447199423,2.3090071223243034,2.227764220921314,2.280500888824463,844500,0.0,0.0
2006-08-30 00:00:00-04:00,2.2919034620977703,2.309007168558035,2.2591212589344374,2.2705237865448,1064000,0.0,0.0
2006-08-31 00:00:00-04:00,2.269098383945543,2.313283114272707,2.2491439183514292,2.2605464458465576,1434500,0.0,0.0
2006-09-01 00:00:00-04:00,2.280500203505057,2.3075810492275446,2.2519939785717007,2.267672300338745,1119500,0.0,0.0
2006-09-05 00:00:00-04:00,2.2776503652923386,2.3631690682637885,2.2776503652923386,2.361743688583374,1521500,0.0,0.0
2006-09-06 00:00:00-04:00,2.3574679572026622,2.4030778994511466,2.350341398416631,2.3660197257995605,2025000,0.0,0.0
2006-09-07 00:00:00-04:00,2.3474906170898415,2.3802728211820914,2.3460654072922598,2.351766586303711,1298500,0.0,0.0
2006-09-08 00:00:00-04:00,2.3531926905405753,2.3745723732819894,2.3417901590963646,2.358893871307373,1306500,0.0,0.0
2006-09-11 00:00:00-04:00,2.351767101807303,2.371721572542495,2.3332380110926962,2.3346633911132812,2082500,0.0,0.0
2006-09-12 00:00:00-04:00,2.334662688776743,2.3873991850146745,2.334662688776743,2.380272626876831,2311000,0.0,0.0
2006-09-13 00:00:00-04:00,2.3788474516951053,2.423032180754748,2.3617435759877914,2.4016523361206055,2280500,0.0,0.0
2006-09-14 00:00:00-04:00,2.3945257778794087,2.4087790642723537,2.3688701342289886,2.4016523361206055,2770500,0.0,0.0
2006-09-15 00:00:00-04:00,2.4159051160086795,2.417330325411787,2.3660190488685764,2.3831229209899902,3328500,0.0,0.0
2006-09-18 00:00:00-04:00,2.370295514057648,2.4159056227339106,2.3588929868885824,2.397376537322998,1172500,0.0,0.0
2006-09-19 00:00:00-04:00,2.3945254084682355,2.434434162444197,2.370295148168356,2.423031806945801,3310500,0.0,0.0
2006-09-20 00:00:00-04:00,2.4301588310573776,2.445837157835621,2.391675279168604,2.415905714035034,2954500,0.0,0.0
2006-09-21 00:00:00-04:00,2.4330094661813204,2.4330094661813204,2.388824734617868,2.4102044105529785,1711000,0.0,0.0
2006-09-22 00:00:00-04:00,2.4087790868284316,2.4087790868284316,2.3560424194212994,2.3774220943450928,1407500,0.0,0.0
2006-09-25 00:00:00-04:00,2.3759967477205484,2.4016522202223425,2.3432145474109256,2.3688700199127197,1187000,0.0,0.0
2006-09-26 00:00:00-04:00,2.374571918727878,2.430159185161093,2.374571918727878,2.414480686187744,1819500,0.0,0.0
2006-09-27 00:00:00-04:00,2.4002267561279584,2.4515380355128413,2.3873988513264752,2.423031806945801,1265000,0.0,0.0
2006-09-28 00:00:00-04:00,2.430158550231048,2.4686419277621687,2.40165214956997,2.4643659591674805,1758500,0.0,0.0
2006-09-29 00:00:00-04:00,2.4543883397527715,2.461514896068067,2.424456735264328,2.4330086708068848,2042500,0.0,0.0
2006-10-02 00:00:00-04:00,2.462941099990661,2.498573893498483,2.451538572086045,2.4971485137939453,4113500,0.0,0.0
2006-10-03 00:00:00-04:00,2.4828953963908162,2.54133324570787,2.4714928684862008,2.4971485137939453,2504500,0.0,0.0
2006-10-04 00:00:00-04:00,2.4985747594633656,2.5228050334643863,2.475769695750275,2.5199544429779053,3663000,0.0,0.0
2006-10-05 00:00:00-04:00,2.5213780638722785,2.6083221174633393,2.5213780638722785,2.5983448028564453,5614000,0.0,0.0
2006-10-06 00:00:00-04:00,2.5983448018481305,2.6040461487513578,2.5627120208673433,2.594069004058838,3330500,0.0,0.0
2006-10-09 00:00:00-04:00,2.595494614945355,2.6311274014395027,2.5641377968126102,2.621150255203247,2013000,0.0,0.0
2006-10-10 00:00:00-04:00,2.6211502486720724,2.6696109401296804,2.616874280321323,2.6525070667266846,4898000,0.0,0.0
2006-10-11 00:00:00-04:00,2.6510814536280973,2.6510814536280973,2.547033529271596,2.594069004058838,1732500,0.0,0.0
2006-10-12 00:00:00-04:00,2.6011955525540373,2.7351749105914465,2.6011955525540373,2.7152204513549805,3880500,0.0,0.0
2006-10-13 00:00:00-04:00,2.728048758040677,2.7323247263604573,2.6696109207949124,2.67246150970459,1977500,0.0,0.0
2006-10-16 00:00:00-04:00,2.6681852991209327,2.708094049964397,2.6510815973053083,2.699542284011841,2952000,0.0,0.0
2006-10-17 00:00:00-04:00,2.700967860844093,2.706669208831967,2.586942940013018,2.639679431915283,2820000,0.0,0.0
2006-10-18 00:00:00-04:00,2.6582082397428013,2.6966916125485243,2.649656303603522,2.683863878250122,2322000,0.0,0.0
2006-10-19 00:00:00-04:00,2.6838640410307817,2.7237727955837534,2.6838640410307817,2.7066690921783447,4306500,0.0,0.0
2006-10-20 00:00:00-04:00,2.7080943154653645,2.7080943154653645,2.631127394883468,2.6525070667266846,3648000,0.0,0.0
2006-10-23 00:00:00-04:00,2.636829786236152,2.6966928571071374,2.6254272560915366,2.678163766860962,2144500,0.0,0.0
2006-10-24 00:00:00-04:00,2.672460934083665,2.700967156861546,2.6525064761928547,2.6810128688812256,1744000,0.0,0.0
2006-10-25 00:00:00-04:00,2.69384177246895,2.765107530311009,2.69384177246895,2.743727684020996,6620000,0.0,0.0
2006-10-26 00:00:00-04:00,2.762257109233405,2.789338137911055,2.742302810132471,2.769383668899536,3232500,0.0,0.0
2006-10-27 00:00:00-04:00,2.7693838420645522,2.974628875229121,2.70809539112144,2.8520519733428955,5276000,0.0,0.0
2006-10-30 00:00:00-05:00,2.8506270229904467,2.8876852069121597,2.836373901468343,2.8577537536621094,4697500,0.0,0.0
2006-10-31 00:00:00-05:00,2.8862590909850403,2.8976614486961223,2.8135679561582676,2.8249704837799072,1803500,0.0,0.0
2006-11-01 00:00:00-05:00,2.9190410261183333,3.0002837518571472,2.8434993088009652,2.8449246883392334,7737500,0.0,0.0
2006-11-02 00:00:00-05:00,2.837797348190058,2.9446956867758667,2.8021643987509597,2.8762805461883545,6495500,0.0,0.0
2006-11-03 00:00:00-05:00,2.8805586837264534,2.8948118062752055,2.8520524386289483,2.881984233856201,2933000,0.0,0.0
2006-11-06 00:00:00-05:00,2.893384896780408,2.9518229027865166,2.8805569920735477,2.941845417022705,3994000,0.0,0.0
2006-11-07 00:00:00-05:00,2.956098543434498,2.983179562431814,2.929017864258231,2.9446961879730225,3996500,0.0,0.0
2006-11-08 00:00:00-05:00,2.9361441715511014,3.0245136133459893,2.9218910577016706,2.994582176208496,2548500,0.0,0.0
2006-11-09 00:00:00-05:00,3.003142774063229,3.0174094718439015,2.9446490750610383,2.953209161758423,1729000,0.004,0.0
2006-11-10 00:00:00-05:00,2.9689019883299093,3.1115689286984822,2.927528473579578,3.0459420680999756,4266000,0.0,0.0
2006-11-13 00:00:00-05:00,3.033103852050321,3.045943986815255,2.9917303112377756,3.0245437622070312,1932500,0.0,0.0
2006-11-14 00:00:00-05:00,3.0402352482904216,3.1172753227333816,3.0245416478336753,3.091595411300659,4025500,0.0,0.0
2006-11-15 00:00:00-05:00,3.025970666555282,3.1030107947515706,2.9674769461345556,3.070197343826294,4592000,0.0,0.0
2006-11-16 00:00:00-05:00,3.0801829314668923,3.1215564578455486,3.071623184754853,3.0930230617523193,1247500,0.0,0.0
2006-11-17 00:00:00-05:00,3.0930231907089976,3.105863321529765,3.073049880639977,3.094449758529663,1823000,0.0,0.0
2006-11-20 00:00:00-05:00,3.1600763901987765,3.2456769154172775,3.1458096926865093,3.227130174636841,3699500,0.0,0.0
2006-11-21 00:00:00-05:00,3.227130596004793,3.2799173496780822,3.2100104206967237,3.2784907817840576,2319000,0.0,0.0
2006-11-22 00:00:00-05:00,3.2742103271798255,3.288477024765025,3.235689937569376,3.2513835430145264,1246500,0.0,0.0
2006-11-24 00:00:00-05:00,3.229983183556158,3.2599434852600098,3.2114364435020692,3.2599434852600098,615000,0.0,0.0
2006-11-27 00:00:00-05:00,3.248529171762605,3.248529171762605,3.14580884141302,3.15864896774292,1609500,0.0,0.0
2006-11-28 00:00:00-05:00,3.144383270112776,3.177196709920037,3.0987296999083487,3.1629300117492676,1549000,0.0,0.0
2006-11-29 00:00:00-05:00,3.2043027744796793,3.238542773896631,3.180049427386637,3.214289426803589,1901500,0.0,0.0
2006-11-30 00:00:00-05:00,3.222850919945533,3.264224454897978,3.2199974436869225,3.2456777095794678,5455500,0.0,0.0
2006-12-01 00:00:00-05:00,3.245676181262685,3.245676181262685,3.117275592550909,3.2157158851623535,3873500,0.0,0.0
2006-12-04 00:00:00-05:00,3.2100105702046924,3.2599441904156174,3.2100105702046924,3.248530626296997,3113000,0.0,0.0
2006-12-05 00:00:00-05:00,3.2599433458753833,3.308450045414448,3.2485297847136274,3.302743434906006,2876500,0.0,0.0
2006-12-06 00:00:00-05:00,3.307024207281764,3.3398376501243328,3.307024207281764,3.3269975185394287,1482500,0.0,0.0
2006-12-07 00:00:00-05:00,3.3312773753176486,3.3498241176281716,3.3055971135900344,3.3098771572113037,2998000,0.0,0.0
2006-12-08 00:00:00-05:00,3.309877408409656,3.335557672086236,3.287050620745458,3.3341307640075684,2918000,0.0,0.0
2006-12-11 00:00:00-05:00,3.3441168225926377,3.424010386949975,3.342689914913945,3.3797833919525146,2453500,0.0,0.0
2006-12-12 00:00:00-05:00,3.371223828622736,3.4054641758970634,3.342690432657403,3.3498239517211914,1949000,0.0,0.0
2006-12-13 00:00:00-05:00,3.381209604479895,3.3940497313708473,3.338409521654876,3.3683698177337646,1773500,0.0,0.0
2006-12-14 00:00:00-05:00,3.3812104211509957,3.418303903254246,3.3755038100916273,3.3897705078125,2886000,0.0,0.0
2006-12-15 00:00:00-05:00,3.3940511601957737,3.439704737152929,3.378357891930174,3.424011468887329,3204500,0.0,0.0
2006-12-18 00:00:00-05:00,3.4168762402080004,3.4282897988128984,3.325569472092794,3.3669426441192627,3313500,0.0,0.0
2006-12-19 00:00:00-05:00,3.3455434560533392,3.415450368761694,3.319863199069112,3.4083168506622314,2302000,0.0,0.0
2006-12-20 00:00:00-05:00,3.424009577239706,3.5181698151029397,3.421156102701968,3.502476215362549,4663000,0.0,0.0
2006-12-21 00:00:00-05:00,3.5024782960262986,3.515318428856693,3.4511181048497,3.495345115661621,1396500,0.0,0.0
2006-12-22 00:00:00-05:00,3.4953427436259967,3.560969591140747,3.4553958041999646,3.560969591140747,2583000,0.0,0.0
2006-12-26 00:00:00-05:00,3.560971254557274,3.709344844239926,3.531010950956374,3.706491708755493,3512500,0.0,0.0
2006-12-27 00:00:00-05:00,3.730744605054454,3.7949449076351094,3.722184519357718,3.764984607696533,3396000,0.0,0.0
2006-12-28 00:00:00-05:00,3.78210524141149,3.794945371526161,3.702211665383936,3.706491708755493,2118500,0.0,0.0
2006-12-29 00:00:00-05:00,3.6950782167447676,3.7393052190447267,3.6465715111366652,3.657984733581543,1887000,0.0,0.0
2007-01-03 00:00:00-05:00,3.6936499467839687,3.814916995064112,3.666543130788218,3.774970054626465,3847500,0.0,0.0
2007-01-04 00:00:00-05:00,3.773544885902884,3.8363182839732612,3.7521450107141825,3.816344976425171,2146500,0.0,0.0
2007-01-05 00:00:00-05:00,3.68794527669943,3.8035054369845316,3.68794527669943,3.7935187816619873,2165500,0.0,0.0
2007-01-08 00:00:00-05:00,3.7935163680428157,3.814916573078802,3.7221829181640604,3.7692630290985107,2544500,0.0,0.0
2007-01-09 00:00:00-05:00,3.777825679203019,3.8662793532395967,3.7735456352863337,3.854865789413452,3017500,0.0,0.0
2007-01-10 00:00:00-05:00,3.8548656278683446,3.8905325456310518,3.8448789725295716,3.8734123706817627,3484500,0.0,0.0
2007-01-11 00:00:00-05:00,3.879117095679175,3.968997282278698,3.866276971837889,3.9518771171569824,2695000,0.0,0.0
2007-01-12 00:00:00-05:00,4.024639767027916,4.177293412291886,4.0160796796001375,4.141626834869385,5354500,0.0,0.0
2007-01-16 00:00:00-05:00,4.167304462555923,4.247198000985521,4.164450988269429,4.194411277770996,4929500,0.0,0.0
2007-01-17 00:00:00-05:00,4.192984370555376,4.222944660056942,4.167304462555923,4.194411277770996,3700500,0.0,0.0
2007-01-18 00:00:00-05:00,4.197264846731935,4.210104972134218,4.113091258224936,4.114518165588379,2779000,0.0,0.0
2007-01-19 00:00:00-05:00,4.108813878988674,4.187280562683094,4.097400314353775,4.178720474243164,3209500,0.0,0.0
2007-01-22 00:00:00-05:00,4.18014450687389,4.184424548149597,4.080277330633726,4.090264320373535,2494500,0.0,0.0
2007-01-23 00:00:00-05:00,4.080279516807266,4.177293270794392,4.0446129405929,4.128786563873291,4710500,0.0,0.0
2007-01-24 00:00:00-05:00,4.127359468153958,4.151613160656056,3.9661457482571167,4.111666202545166,2611000,0.0,0.0
2007-01-25 00:00:00-05:00,4.108811694646675,4.130211564224846,4.024638103311,4.0403313636779785,1836000,0.0,0.0
2007-01-26 00:00:00-05:00,4.040332998395977,4.121653147955776,4.023212823690785,4.094546318054199,3197500,0.0,0.0
2007-01-29 00:00:00-05:00,4.1187993719691445,4.591027269344935,4.0874125032706,4.4911603927612305,10060000,0.0,0.0
2007-01-30 00:00:00-05:00,4.504001237269567,4.529681159269623,4.3784540826766865,4.389867305755615,6355500,0.0,0.0
2007-01-31 00:00:00-05:00,4.391292965642448,4.462626439973467,4.334226186177633,4.351346015930176,5907000,0.0,0.0
2007-02-01 00:00:00-05:00,4.479749089349228,4.695176199021342,4.479749089349228,4.539669036865234,5335000,0.0,0.0
2007-02-02 00:00:00-05:00,4.565347225812748,4.568200360978282,4.478320140511435,4.502573490142822,1697500,0.0,0.0
2007-02-05 00:00:00-05:00,4.509706415811587,4.5767598454195975,4.4997197637546344,4.51255989074707,1866000,0.0,0.0
2007-02-06 00:00:00-05:00,4.5168421454686865,4.569629250664546,4.4241087496155895,4.494015693664551,3465000,0.0,0.0
2007-02-07 00:00:00-05:00,4.494013592587094,4.591026987833235,4.471186811310102,4.576760292053223,1914500,0.0,0.0
2007-02-08 00:00:00-05:00,4.605296315498867,4.633829723365479,4.4997227744214126,4.6224164962768555,3057000,0.0,0.0
2007-02-09 00:00:00-05:00,4.815014917848982,4.850681831076192,4.625267810251158,4.6880412101745605,5475500,0.0,0.0
2007-02-12 00:00:00-05:00,4.715146494479717,4.872080113020645,4.702306369101115,4.755093097686768,6463000,0.0,0.0
2007-02-13 00:00:00-05:00,4.766508797049883,5.064682908266196,4.692321826173788,4.844975471496582,4262000,0.0,0.0
2007-02-14 00:00:00-05:00,4.866376584112947,4.932003479614775,4.839269748982845,4.896336555480957,3989500,0.0,0.0
2007-02-15 00:00:00-05:00,4.9034724760146835,4.967710216684737,4.856364890281503,4.936305046081543,3975000,0.004,0.0
2007-02-16 00:00:00-05:00,4.936305473299012,4.981985663521964,4.854937910993269,4.903472900390625,3365000,0.0,0.0
2007-02-20 00:00:00-05:00,4.981984546288295,5.373120193957269,4.9320218281648645,5.307455062866211,8702000,0.0,0.0
2007-02-21 00:00:00-05:00,5.318874225780101,5.53014459095741,5.304599214903652,5.485891819000244,9029000,0.0,0.0
2007-02-22 00:00:00-05:00,5.48446690878349,5.650057178161274,5.337434196000538,5.533001899719238,13221500,0.0,0.0
2007-02-23 00:00:00-05:00,5.5330020345322986,5.775677675810418,5.510161938140365,5.650057315826416,10372000,0.0,0.0
2007-02-26 00:00:00-05:00,5.724287859288347,5.759974892872279,5.584392141871694,5.647202491760254,5270500,0.0,0.0
2007-02-27 00:00:00-05:00,5.338861789846912,5.478757169213407,5.243219204128631,5.31744909286499,8891500,0.0,0.0
2007-02-28 00:00:00-05:00,5.3417157573215555,5.567261194433336,5.177552917629867,5.518725872039795,6337500,0.0,0.0
2007-03-01 00:00:00-05:00,5.445924127796297,5.562979400474363,5.176125870640259,5.424511432647705,8316500,0.0,0.0
2007-03-02 00:00:00-05:00,5.367413150600653,5.485895862234025,5.167562510692657,5.218952655792236,8337000,0.0,0.0
2007-03-05 00:00:00-05:00,5.137583377136987,5.468764241050992,4.999115749184044,5.310311317443848,7933500,0.0,0.0
2007-03-06 00:00:00-05:00,5.4002424663557544,5.5929553087896915,5.327440003381807,5.524435043334961,7748000,0.0,0.0
2007-03-07 00:00:00-05:00,5.545849855889588,5.674325019918207,5.510162140154442,5.56012487411499,6386000,0.0,0.0
2007-03-08 00:00:00-05:00,5.652910249416946,5.898440594209606,5.652910249416946,5.785667896270752,6083000,0.0,0.0
2007-03-09 00:00:00-05:00,5.857043067924554,5.988373310525673,5.741414895606752,5.824210166931152,3704500,0.0,0.0
2007-03-12 00:00:00-04:00,5.824211358653793,6.036909517046326,5.824211358653793,5.881311416625977,5137500,0.0,0.0
2007-03-13 00:00:00-04:00,5.88131115405128,6.092581903665156,5.732850737677155,5.802798748016357,8033500,0.0,0.0
2007-03-14 00:00:00-04:00,5.812792455235163,5.901297355686278,5.575826766612416,5.807082176208496,8086500,0.0,0.0
2007-03-15 00:00:00-04:00,5.817071912089698,5.919852121318362,5.724284856619013,5.779956817626953,4299000,0.0,0.0
2007-03-16 00:00:00-04:00,5.778530903134245,5.832776159850938,5.7171486500230015,5.744271278381348,6652000,0.0,0.0
2007-03-19 00:00:00-04:00,5.80279921011413,5.995511742341279,5.80279921011413,5.9541144371032715,4152000,0.0,0.0
2007-03-20 00:00:00-04:00,5.9598248419408515,6.092582518224735,5.916999455710685,6.041192054748535,3929000,0.0,0.0
2007-03-21 00:00:00-04:00,6.075452230304651,6.241042812509395,6.06974195203723,6.163957118988037,5575500,0.0,0.0
2007-03-22 00:00:00-04:00,6.216776260571614,6.2281961387710485,6.0840185598726535,6.129698753356934,3688500,0.0,0.0
2007-03-23 00:00:00-04:00,6.13540533372807,6.152535482943113,5.935555181153721,5.968388080596924,4663000,0.0,0.0
2007-03-26 00:00:00-04:00,5.976954319354464,6.006932430076888,5.608658720298399,5.849906921386719,8827500,0.0,0.0
2007-03-27 00:00:00-04:00,5.835631689545669,5.835631689545669,5.404526082073298,5.487321376800537,16275000,0.0,0.0
2007-03-28 00:00:00-04:00,5.420230322914423,5.510162985566961,5.237509857388897,5.384542942047119,12561500,0.0,0.0
2007-03-29 00:00:00-04:00,5.538711386147721,5.567261416769661,5.377403338756228,5.535856246948242,7187500,0.0,0.0
2007-03-30 00:00:00-04:00,5.667187451202301,5.667187451202301,5.307456530026783,5.503024578094482,11734500,0.0,0.0
2007-04-02 00:00:00-04:00,5.475902036679464,5.574399762238874,5.418801965110521,5.568689823150635,7573500,0.0,0.0
2007-04-03 00:00:00-04:00,5.612942081184742,5.722859681095529,5.545849533460362,5.640064716339111,7176500,0.0,0.0
2007-04-04 00:00:00-04:00,5.710012702201643,5.749982616861296,5.602949895966707,5.732852458953857,4082500,0.0,0.0
2007-04-05 00:00:00-04:00,5.785670587344353,5.92128309549559,5.749982870245632,5.868465900421143,4823000,0.0,0.0
2007-04-09 00:00:00-04:00,5.909863100701257,6.044048887133091,5.881313063719572,5.898443222045898,6567500,0.0,0.0
2007-04-10 00:00:00-04:00,5.7242882477417805,5.882740511847012,5.591530200307492,5.805655479431152,7651500,0.0,0.0
2007-04-11 00:00:00-04:00,5.824212225475634,5.995512424886921,5.824212225475634,5.949832916259766,7783500,0.0,0.0
2007-04-12 00:00:00-04:00,5.955541996360958,6.186797721927417,5.889876857564203,6.17537784576416,10068000,0.0,0.0
2007-04-13 00:00:00-04:00,6.323837757110596,6.469443394103552,6.295287725637567,6.323837757110596,18154000,0.0,0.0
2007-04-16 00:00:00-04:00,6.423763641329262,6.473726029608813,6.29243335154888,6.31812858581543,5927000,0.0,0.0
2007-04-17 00:00:00-04:00,6.309564001240453,6.399496307177862,6.266738607446538,6.2810139656066895,5856000,0.0,0.0
2007-04-18 00:00:00-04:00,6.281012294467338,6.418052156773668,6.0126414863640365,6.356669902801514,6286500,0.0,0.0
2007-04-19 00:00:00-04:00,6.273876599838302,6.299571837397848,6.166814131036725,6.211066246032715,4388500,0.0,0.0
2007-04-20 00:00:00-04:00,6.323838678714063,6.409488785615351,6.223913894339164,6.2810139656066895,2951000,0.0,0.0
2007-04-23 00:00:00-04:00,6.2824414526157994,6.350961402951997,6.236761258829483,6.306709289550781,2278500,0.0,0.0
2007-04-24 00:00:00-04:00,6.338111175776847,6.370943395625883,6.181085710331009,6.302423477172852,3060000,0.0,0.0
2007-04-25 00:00:00-04:00,6.3381123542785645,6.418052160556648,6.256744468014347,6.3381123542785645,3623000,0.0,0.0
2007-04-26 00:00:00-04:00,6.509411308706343,6.669291572133806,6.338111172323968,6.525114059448242,7928500,0.0,0.0
2007-04-27 00:00:00-04:00,6.076878763869467,6.660727235899005,5.867036107564503,6.149681568145752,12396000,0.0,0.0
2007-04-30 00:00:00-04:00,5.971243176852627,5.971243176852627,5.640062430991291,5.665757656097412,17924000,0.0,0.0
2007-05-01 00:00:00-04:00,5.665758968982399,5.721431288926622,5.451633404852794,5.495885848999023,10794500,0.0,0.0
2007-05-02 00:00:00-04:00,5.541566586984481,5.781387406154312,5.541566586984481,5.71286678314209,10193000,0.0,0.0
2007-05-03 00:00:00-04:00,5.718575613506484,5.865608619010906,5.650055348192886,5.861325740814209,7269500,0.0,0.0
2007-05-04 00:00:00-04:00,5.847051951320197,5.899869132021884,5.620078772182306,5.7428436279296875,8302500,0.0,0.0
2007-05-07 00:00:00-04:00,5.764257341648931,5.921282183602526,5.744272386516164,5.87417459487915,5919500,0.0,0.0
2007-05-08 00:00:00-04:00,5.872747656636229,5.872747656636229,5.715722802348145,5.7942352294921875,4642000,0.0,0.0
2007-05-09 00:00:00-04:00,5.789951231335776,5.791378630558624,5.6786055833745355,5.74569845199585,5352000,0.0,0.0
2007-05-10 00:00:00-04:00,5.734274624037173,5.845675328717095,5.578599463670674,5.704282283782959,5872500,0.004,0.0
2007-05-11 00:00:00-04:00,5.712849902842794,5.791401343837962,5.688570347961793,5.74569845199585,5840000,0.0,0.0
2007-05-14 00:00:00-04:00,5.765696573625444,5.9227995251827545,5.762839673415709,5.829965591430664,5044000,0.0,0.0
2007-05-15 00:00:00-04:00,5.8299642177311375,5.997065259111311,5.784261997445033,5.861385345458984,4546000,0.0,0.0
2007-05-16 00:00:00-04:00,5.897090165390533,6.002777730205194,5.838532925038293,5.98278284072876,3903500,0.0,0.0
2007-05-17 00:00:00-04:00,5.9556449513859056,6.158450684992195,5.928508843455027,6.034196376800537,5666000,0.0,0.0
2007-05-18 00:00:00-04:00,6.058476915214019,6.0870411348759665,5.922796361051233,6.01563024520874,3236000,0.0,0.0
2007-05-21 00:00:00-04:00,6.029914386965324,6.16273807970215,6.018488832100577,6.132745742797852,3024500,0.0,0.0
2007-05-22 00:00:00-04:00,6.1398858297421945,6.212724843222753,6.082757378666226,6.134173393249512,4742000,0.0,0.0
2007-05-23 00:00:00-04:00,6.145600453346969,6.15559790068407,5.929940259325176,5.932796478271484,2781000,0.0,0.0
2007-05-24 00:00:00-04:00,5.932794746663008,6.034197980935575,5.792830524795033,5.839961528778076,5335500,0.0,0.0
2007-05-25 00:00:00-04:00,5.868524956180489,6.079900050364166,5.868524956180489,6.052763938903809,3310500,0.0,0.0
2007-05-29 00:00:00-04:00,6.0270572295929865,6.141314816426281,6.014203566048247,6.058478355407715,2453000,0.0,0.0
2007-05-30 00:00:00-04:00,6.029914000064557,6.399820826866177,5.939936314100044,6.3426923751831055,7783500,0.0,0.0
2007-05-31 00:00:00-04:00,6.384112683570312,6.605486028500854,6.36983090574986,6.388397693634033,9265500,0.0,0.0
2007-06-01 00:00:00-04:00,6.441240703785899,6.641190325241947,6.398394015818532,6.614054203033447,7025000,0.0,0.0
2007-06-04 00:00:00-04:00,6.641188969227397,6.948254226367011,6.6340477425201145,6.925403118133545,7459500,0.0,0.0
2007-06-05 00:00:00-04:00,6.876844378926545,7.052514751805682,6.876844378926545,6.9768195152282715,7505000,0.0,0.0
2007-06-06 00:00:00-04:00,6.97538868372869,7.019663461551912,6.696887718643174,6.782580375671387,6413500,0.0,0.0
2007-06-07 00:00:00-04:00,6.748302769565424,6.8040030965515905,6.546925135786363,6.609766006469727,5746500,0.0,0.0
2007-06-08 00:00:00-04:00,6.645473988943906,6.906837056844669,6.6169097601639,6.836854934692383,3823000,0.0,0.0
2007-06-11 00:00:00-04:00,6.836855288570521,7.052515465380939,6.78401115613106,6.96253776550293,4917500,0.0,0.0
2007-06-12 00:00:00-04:00,6.949682487616153,7.213901726453146,6.865417925752881,7.081078052520752,10469000,0.0,0.0
2007-06-13 00:00:00-04:00,7.196765425134414,7.509543879002386,7.041089912436865,7.448131084442139,9662000,0.0,0.0
2007-06-14 00:00:00-04:00,7.55953050423705,7.715205309275528,7.4109962454664515,7.546676158905029,8322000,0.0,0.0
2007-06-15 00:00:00-04:00,7.703780369902731,7.866596415246151,7.695211032671501,7.849457740783691,7434000,0.0,0.0
2007-06-18 00:00:00-04:00,7.90658264099498,8.11367406962577,7.890872763999981,7.965139865875244,5017000,0.0,0.0
2007-06-19 00:00:00-04:00,7.933720521529305,8.212222215754254,7.798040628050372,8.189371109008789,5739500,0.0,0.0
2007-06-20 00:00:00-04:00,8.236503737617317,8.445022681653208,8.083684462391055,8.085112571716309,8009500,0.0,0.0
2007-06-21 00:00:00-04:00,8.126536431797247,8.762091804520521,8.016563769940317,8.650691032409668,12492000,0.0,0.0
2007-06-22 00:00:00-04:00,8.624978499662381,8.783510232473555,8.533572680901425,8.577847480773926,7779500,0.0,0.0
2007-06-25 00:00:00-04:00,8.58498848984251,8.770655660608297,8.323625387863911,8.402176856994629,7146000,0.0,0.0
2007-06-26 00:00:00-04:00,8.510717399839201,8.669249055032584,8.235071969005569,8.35361385345459,8268000,0.0,0.0
2007-06-27 00:00:00-04:00,8.319339829770595,8.319339829770595,7.879450814418886,8.146526336669922,11004500,0.0,0.0
2007-06-28 00:00:00-04:00,8.182231231015114,8.662110680966622,8.182231231015114,8.582130432128906,7777000,0.0,0.0
2007-06-29 00:00:00-04:00,8.697815908776974,8.853490712480692,8.47358641329005,8.553565979003906,7619000,0.0,0.0
2007-07-02 00:00:00-04:00,8.733520762706718,8.940612268165506,8.649256868498721,8.850634574890137,7135500,0.0,0.0
2007-07-03 00:00:00-04:00,8.883486857537212,9.024879948410968,8.862063847684427,8.964895248413086,4144000,0.0,0.0
2007-07-05 00:00:00-04:00,8.962031697498267,9.067719231478371,8.87633904716105,8.924898147583008,8020000,0.0,0.0
2007-07-06 00:00:00-04:00,8.942037247230749,9.027729901721058,8.792074931616542,8.994880676269531,4325500,0.0,0.0
2007-07-09 00:00:00-04:00,9.046298984022147,9.179122666398074,8.856346850753885,8.98774242401123,5255500,0.0,0.0
2007-07-10 00:00:00-04:00,8.726382349486597,8.927760105102212,8.597842950823388,8.673538208007812,7768500,0.0,0.0
2007-07-11 00:00:00-04:00,8.640685776792923,8.914902447656518,8.590697876893856,8.784934997558594,8692500,0.0,0.0
2007-07-12 00:00:00-04:00,8.836348955453916,8.853487622417944,8.592124653778205,8.67496109008789,7256000,0.0,0.0
2007-07-13 00:00:00-04:00,8.674964596906836,9.609016194810826,8.673536487586638,9.580451965332031,13660000,0.0,0.0
2007-07-16 00:00:00-04:00,9.718986041162013,9.718986041162013,9.359076689904738,9.400494575500488,9968500,0.0,0.0
2007-07-17 00:00:00-04:00,9.42620269763825,9.604729266461037,9.383356702494677,9.436200141906738,5394000,0.0,0.0
2007-07-18 00:00:00-04:00,9.419062848053159,9.426204075295729,9.253390598379982,9.389070510864258,6107000,0.0,0.0
2007-07-19 00:00:00-04:00,9.497613327280906,9.529033768226974,9.26195831762341,9.346222877502441,3863000,0.0,0.0
2007-07-20 00:00:00-04:00,9.32622789624188,9.32622789624188,8.940610549657517,9.094857215881348,5791000,0.0,0.0
2007-07-23 00:00:00-04:00,9.199121950592064,9.199121950592064,8.904910219847066,8.943471908569336,4425500,0.0,0.0
2007-07-24 00:00:00-04:00,8.674965507119317,8.954895393997852,8.179376107714234,8.297917366027832,7208500,0.0,0.0
2007-07-25 00:00:00-04:00,8.485010867570832,8.569275431102804,7.723773577670931,8.253640174865723,8401000,0.0,0.0
2007-07-26 00:00:00-04:00,8.220791357909249,8.220791357909249,7.2196140722883655,7.8023247718811035,10919500,0.0,0.0
2007-07-27 00:00:00-04:00,7.7966149860447835,8.413602554675135,7.608090912154254,7.670931816101074,8519000,0.0,0.0
2007-07-30 00:00:00-04:00,7.760908107132111,8.30220100647216,7.663789868933463,8.243643760681152,9441000,0.0,0.0
2007-07-31 00:00:00-04:00,8.56927220946988,9.042010180545969,8.107959787571776,8.209362983703613,13261000,0.0,0.0
2007-08-01 00:00:00-04:00,8.323623466615011,8.39074936345507,7.758051384958472,8.3407621383667,10017000,0.0,0.0
2007-08-02 00:00:00-04:00,8.357902651010175,8.460733342119822,7.983710732437519,8.307914733886719,8841500,0.0,0.0
2007-08-03 00:00:00-04:00,8.286489206072266,8.297914759268313,7.855168954466798,7.892302513122559,5745000,0.0,0.0
2007-08-06 00:00:00-04:00,7.905156464319563,8.012272817138358,7.422420865172676,7.850884914398193,6826000,0.0,0.0
2007-08-07 00:00:00-04:00,7.7751935572108035,8.257930120059651,7.64379859217455,8.172237396240234,10596500,0.0,0.0
2007-08-08 00:00:00-04:00,8.197943104129946,8.46216313457124,7.252466429553619,8.040840148925781,16147500,0.0,0.0
2007-08-09 00:00:00-04:00,7.640937027284756,7.705206701175276,6.71259873102964,6.983959197998047,16444500,0.0,0.0
2007-08-10 00:00:00-04:00,6.591202112274563,7.5252537386731815,6.306987918136439,7.4195661544799805,15983500,0.0,0.0
2007-08-13 00:00:00-04:00,7.67531436580535,8.158235954510449,7.67531436580535,7.969639301300049,11258000,0.004,0.0
2007-08-14 00:00:00-04:00,8.179669092425993,8.358264490432182,7.9253492838172725,8.20110034942627,10314500,0.0,0.0
2007-08-15 00:00:00-04:00,8.151090592840797,8.49399397400636,7.483858442104546,7.549581527709961,9011500,0.0,0.0
2007-08-16 00:00:00-04:00,7.366701858271027,7.581016433882443,6.606599887373897,7.576729774475098,11333000,0.0,0.0
2007-08-17 00:00:00-04:00,7.595300183292988,8.542569718139305,7.359554463935797,7.7953267097473145,13080500,0.0,0.0
2007-08-20 00:00:00-04:00,7.849622089024314,8.233959325516855,7.841049453007365,8.106799125671387,6434000,0.0,0.0
2007-08-21 00:00:00-04:00,8.106801041450845,8.478279752348474,8.02107534231,8.22967529296875,5458500,0.0,0.0
2007-08-22 00:00:00-04:00,8.343972110404144,8.796889637425487,8.343972110404144,8.745453834533691,6887000,0.0,0.0
2007-08-23 00:00:00-04:00,8.67401999114758,8.93119707629088,8.55257508617476,8.64830207824707,5370000,0.0,0.0
2007-08-24 00:00:00-04:00,8.701163001705225,9.025491714477539,8.601149391112102,9.025491714477539,3751000,0.0,0.0
2007-08-27 00:00:00-04:00,9.026922974191866,9.071214816381717,8.779747216033774,8.869759559631348,3369000,0.0,0.0
2007-08-28 00:00:00-04:00,8.74402888085181,8.841185211497217,8.145377687880188,8.279681205749512,6964500,0.0,0.0
2007-08-29 00:00:00-04:00,8.369689365050341,8.729737942915612,8.312538926904164,8.662586212158203,3642500,0.0,0.0
2007-08-30 00:00:00-04:00,8.518283762463696,8.858329193007862,8.483993896329329,8.636871337890625,5487000,0.0,0.0
2007-08-31 00:00:00-04:00,8.9011951138035,9.134083677183625,8.828328018774533,9.048357963562012,4749000,0.0,0.0
2007-09-04 00:00:00-04:00,9.071217153597633,9.45269719583219,8.99120676648468,9.312678337097168,5675500,0.0,0.0
2007-09-05 00:00:00-04:00,9.229809621904927,9.458411498441636,8.996921085475122,9.444124221801758,5485500,0.0,0.0
2007-09-06 00:00:00-04:00,9.445554618745602,9.515563717861827,9.162659540109706,9.354113578796387,4025500,0.0,0.0
2007-09-07 00:00:00-04:00,9.144081580647095,9.226949944093713,8.858328626737622,9.001205444335938,4702500,0.0,0.0
2007-09-10 00:00:00-04:00,9.075503200323196,9.144083624826418,8.592580865959865,8.875475883483887,5082000,0.0,0.0
2007-09-11 00:00:00-04:00,8.939768486046034,9.218377467649745,8.878332052946037,9.085502624511719,4019500,0.0,0.0
2007-09-12 00:00:00-04:00,9.068359727528572,9.132654177150643,8.702596307625944,8.746888160705566,5393500,0.0,0.0
2007-09-13 00:00:00-04:00,8.822610818771187,9.101219136839676,8.75545838203888,9.01406478881836,4236500,0.0,0.0
2007-09-14 00:00:00-04:00,8.914048825540316,9.208374363041965,8.822608523450898,9.149794578552246,4171500,0.0,0.0
2007-09-17 00:00:00-04:00,9.152654280936632,9.501272328487753,9.145510303749344,9.388400077819824,6849500,0.0,0.0
2007-09-18 00:00:00-04:00,9.484129658550804,9.848464419643525,9.192661985934098,9.809887886047363,7437500,0.0,0.0
2007-09-19 00:00:00-04:00,9.901325659914145,10.367102623873636,9.67558115522772,9.971335411071777,7257000,0.0,0.0
2007-09-20 00:00:00-04:00,9.972765264326013,10.135644014649824,9.855606339064337,9.929902076721191,12841500,0.0,0.0
2007-09-21 00:00:00-04:00,10.065633337406988,10.57284412350622,10.02991413362507,10.501405715942383,24809000,0.0,0.0
2007-09-24 00:00:00-04:00,10.501410407976646,10.850028602825136,9.841321897804603,10.031347274780273,8842000,0.0,0.0
2007-09-25 00:00:00-04:00,9.917040827811448,10.548553748921819,9.915612168818514,10.512834548950195,6874500,0.0,0.0
2007-09-26 00:00:00-04:00,10.670000842836721,10.754297872564267,10.378533227660302,10.491405487060547,6208000,0.0,0.0
2007-09-27 00:00:00-04:00,10.587131960720637,10.87431358414583,10.572844687218403,10.847167015075684,6093500,0.0,0.0
2007-09-28 00:00:00-04:00,10.865741002726756,11.014332463113044,10.651426448807085,10.845738410949707,5674500,0.0,0.0
2007-10-01 00:00:00-04:00,10.845734432010552,11.160061829499202,10.68857039262276,10.85716438293457,8703500,0.0,0.0
2007-10-02 00:00:00-04:00,10.951467672355964,11.027192068583986,10.505693932418104,10.545699119567871,6922500,0.0,0.0
2007-10-03 00:00:00-04:00,10.597133001405007,10.597133001405007,9.758449424015716,9.87846565246582,10312500,0.0,0.0
2007-10-04 00:00:00-04:00,9.925615545124083,10.402822494506836,9.925615545124083,10.402822494506836,7642000,0.0,0.0
2007-10-05 00:00:00-04:00,10.56569987111516,10.664284843732318,10.38281856082321,10.427109718322754,5085500,0.0,0.0
2007-10-08 00:00:00-04:00,10.464258514938226,10.474259810875344,10.098495180397604,10.229941368103027,3418500,0.0,0.0
2007-10-09 00:00:00-04:00,10.348528672558704,10.668571496806555,10.224226465548197,10.477117538452148,9131500,0.0,0.0
2007-10-10 00:00:00-04:00,10.319952777524968,10.579987810897382,10.277089597902597,10.544268608093262,8043500,0.0,0.0
2007-10-11 00:00:00-04:00,10.644280301506686,10.901457986298702,10.105637048697666,10.154214859008789,11395000,0.0,0.0
2007-10-12 00:00:00-04:00,10.30138160274167,11.04148103946527,10.239944475726402,10.830023765563965,10301500,0.0,0.0
2007-10-15 00:00:00-04:00,10.951466140468336,11.065767048500577,10.498548485811355,10.69714641571045,5038000,0.0,0.0
2007-10-16 00:00:00-04:00,10.637140316372966,10.8385955962713,10.48140486184855,10.710006713867188,3993000,0.0,0.0
2007-10-17 00:00:00-04:00,10.840021071488572,10.93003339898854,10.502833030034868,10.760010719299316,4348000,0.0,0.0
2007-10-18 00:00:00-04:00,10.688574593415172,11.12291834952787,10.652855386613288,11.117203712463379,5275000,0.0,0.0
2007-10-19 00:00:00-04:00,11.10720360346291,11.57012195694967,11.04433782002392,11.280083656311035,13781000,0.0,0.0
2007-10-22 00:00:00-04:00,11.111488945332695,11.127205560614126,10.58713281656986,10.944323539733887,8192000,0.0,0.0
2007-10-23 00:00:00-04:00,11.115777214387647,11.715857143923882,11.115777214387647,11.644418716430664,6676000,0.0,0.0
2007-10-24 00:00:00-04:00,11.930168606028134,12.044469508385054,11.537258061923763,11.875875473022461,14262500,0.0,0.0
2007-10-25 00:00:00-04:00,11.860160748814456,12.253071378046222,11.744431843584618,12.101622581481934,43111500,0.0,0.0
2007-10-26 00:00:00-04:00,12.191629407545632,12.698839399654311,12.087329818953334,12.205917358398438,10780500,0.0,0.0
2007-10-29 00:00:00-04:00,12.484527532803002,12.785997074939207,12.43309171926131,12.574539184570312,9971000,0.0,0.0
2007-10-30 00:00:00-04:00,13.676115835722463,13.730408970591187,12.297360983408815,12.395944595336914,28157000,0.0,0.0
2007-10-31 00:00:00-04:00,12.174487282482005,12.6545521995264,12.144483395488523,12.55882453918457,17991000,0.0,0.0
2007-11-01 00:00:00-04:00,12.2859296941254,12.461667702888004,11.844442024273322,11.895877838134766,14421000,0.0,0.0
2007-11-02 00:00:00-04:00,12.035897081392076,12.810286229030169,11.280081865824949,12.793142318725586,18241500,0.0,0.0
2007-11-05 00:00:00-05:00,12.434521499423509,12.823145388972078,12.370227070865768,12.548822402954102,9281500,0.0,0.0
2007-11-06 00:00:00-05:00,12.77456350116883,13.351783864593584,12.474523368394573,13.313206672668457,6367000,0.0,0.0
2007-11-07 00:00:00-05:00,13.258915681534582,14.001872839103426,13.004596674764244,13.718977928161621,16480500,0.0,0.0
2007-11-08 00:00:00-05:00,14.109034816033592,14.286200852700766,12.930305597588744,13.781847953796387,18335000,0.0,0.0
2007-11-09 00:00:00-05:00,13.637545056429625,13.879005572105637,13.126048106615462,13.321788787841797,10051000,0.0,0.0
2007-11-12 00:00:00-05:00,13.377508213119269,13.377508213119269,11.258652909876952,11.428675651550293,17940500,0.0,0.0
2007-11-13 00:00:00-05:00,11.763086438759212,12.526237072437485,11.61302949557248,12.42048168182373,10398500,0.004,0.0
2007-11-14 00:00:00-05:00,12.786340911865617,13.11360964850992,12.527670441337076,12.764904975891113,14403000,0.0,0.0
2007-11-15 00:00:00-05:00,12.576260477773706,12.584834579151416,11.790243942366194,11.9888916015625,10183500,0.0,0.0
2007-11-16 00:00:00-05:00,12.051767019387157,12.330446314153862,11.70163282316144,12.13179874420166,12134500,0.0,0.0
2007-11-19 00:00:00-05:00,12.067490293892556,12.067490293892556,11.10569200114599,11.175719261169434,10670500,0.0,0.0
2007-11-20 00:00:00-05:00,11.398659992719463,12.001748487637988,11.218590990319722,11.893135070800781,15646500,0.0,0.0
2007-11-21 00:00:00-05:00,11.484411832929778,11.64590231733152,11.099978371057821,11.418671607971191,9129000,0.0,0.0
2007-11-23 00:00:00-05:00,11.654476294699567,11.8616994035974,11.49298581200906,11.754515647888184,2113500,0.0,0.0
2007-11-26 00:00:00-05:00,11.718784063151272,12.171815672199621,11.653045217273764,11.717355728149414,8212500,0.0,0.0
2007-11-27 00:00:00-05:00,11.795955547986072,12.290432005777227,11.442963294190694,12.168956756591797,9626000,0.0,0.0
2007-11-28 00:00:00-05:00,12.286142069225543,12.857789396330089,12.244697195063173,12.762039184570312,9661500,0.0,0.0
2007-11-29 00:00:00-05:00,12.862080284064737,12.967835678856448,12.37475092027451,12.601980209350586,7290000,0.0,0.0
2007-11-30 00:00:00-05:00,13.145048809500084,13.147906843014253,12.576259252719645,13.00213623046875,9076500,0.0,0.0
2007-12-03 00:00:00-05:00,13.076449095447215,14.146860894783574,12.956403523745287,13.599507331848145,18370500,0.0,0.0
2007-12-04 00:00:00-05:00,13.509471241760126,13.865321538184796,13.230793282356286,13.28081226348877,9372000,0.0,0.0
2007-12-05 00:00:00-05:00,13.475170770242217,13.78386145026435,13.466596672729185,13.663814544677734,7944000,0.0,0.0
2007-12-06 00:00:00-05:00,13.842459101210048,14.244042103532749,13.689544089801256,13.903911590576172,12050500,0.0,0.0
2007-12-07 00:00:00-05:00,13.962498232760328,14.051102671768513,13.458018131085204,13.536620140075684,9913500,0.0,0.0
2007-12-10 00:00:00-05:00,13.648095991366203,13.773857611089358,13.273666439144739,13.685253143310547,9469500,0.0,0.0
2007-12-11 00:00:00-05:00,13.742416607956748,13.848170625471171,12.913527211253184,12.97212028503418,9206500,0.0,0.0
2007-12-12 00:00:00-05:00,13.270808784665237,13.62951712246041,12.979267626355846,13.209356307983398,9186500,0.0,0.0
2007-12-13 00:00:00-05:00,13.040725427377248,14.089700238336324,12.862085353029615,14.061117172241211,13159000,0.0,0.0
2007-12-14 00:00:00-05:00,13.862462728168525,14.65562470712781,13.56663522568896,13.861034393310547,13297000,0.0,0.0
2007-12-17 00:00:00-05:00,13.768142218125734,14.484131936225927,13.609509806418357,13.796725273132324,10616500,0.0,0.0
2007-12-18 00:00:00-05:00,13.952500200914486,14.148289793210381,12.840644831604317,13.752424240112305,11511000,0.0,0.0
2007-12-19 00:00:00-05:00,13.69668270514306,14.00537335681947,13.345120206923344,13.969644546508789,7762500,0.0,0.0
2007-12-20 00:00:00-05:00,14.248326667264497,15.403055061927745,14.069686668698195,15.40019702911377,15431500,0.0,0.0
2007-12-21 00:00:00-05:00,15.718897262787795,16.049024052651752,15.35018496816645,15.860380172729492,11257500,0.0,0.0
2007-12-24 00:00:00-05:00,15.820354894731343,16.420585287320343,15.820354894731343,16.3348388671875,3665000,0.0,0.0
2007-12-26 00:00:00-05:00,16.537782319217484,16.783592317977575,16.163353979049347,16.65782928466797,7507000,0.0,0.0
2007-12-27 00:00:00-05:00,16.583512759465936,16.98938214505815,15.958986770711423,16.273393630981445,8348000,0.0,0.0
2007-12-28 00:00:00-05:00,16.487760505087817,16.49204823670838,15.960415854879262,16.004718780517578,6390000,0.0,0.0
2007-12-31 00:00:00-05:00,16.01472029749683,16.13762389548264,15.470224798377156,15.72889518737793,5105500,0.0,0.0
2008-01-02 00:00:00-05:00,15.934687390539041,15.998997899312759,15.435924545261463,15.807496070861816,6755000,0.0,0.0
2008-01-03 00:00:00-05:00,16.123331603723283,17.069410002092834,16.00185634655088,16.5549259185791,10690500,0.0,0.0
2008-01-04 00:00:00-05:00,16.2933990799957,16.423448448406102,15.621712218928142,15.900391578674316,10300500,0.0,0.0
2008-01-07 00:00:00-05:00,15.94040414745455,16.549208726889994,14.654195389089773,15.691736221313477,13524500,0.0,0.0
2008-01-08 00:00:00-05:00,15.777491155181451,16.350568540707453,15.197268003202637,15.547402381896973,15862000,0.0,0.0
2008-01-09 00:00:00-05:00,16.006145282088518,16.28768266905329,14.811401576565922,16.080459594726562,16734500,0.0,0.0
2008-01-10 00:00:00-05:00,15.931827685598392,16.073310517468318,15.23441732154518,15.817498207092285,14349000,0.0,0.0
2008-01-11 00:00:00-05:00,15.717458939914541,16.75785765249325,15.510235925627345,16.091888427734375,13434000,0.0,0.0
2008-01-14 00:00:00-05:00,16.360565176289377,17.289492601695624,16.097607082813056,17.128002166748047,18214500,0.0,0.0
2008-01-15 00:00:00-05:00,16.865053678635455,17.070847145647427,15.864669413148595,16.43488883972168,17202500,0.0,0.0
2008-01-16 00:00:00-05:00,15.95040972843293,16.42344758545946,14.37408934892243,14.910009384155273,22965500,0.0,0.0
2008-01-17 00:00:00-05:00,14.502713336302973,14.839985834559931,12.764903514237933,12.897810935974121,31004500,0.0,0.0
2008-01-18 00:00:00-05:00,13.170771421795296,13.548059073830304,12.689158058793494,13.337979316711426,20935000,0.0,0.0
2008-01-22 00:00:00-05:00,12.017466836787115,13.573777663543023,11.747363057068146,13.302244186401367,17624500,0.0,0.0
2008-01-23 00:00:00-05:00,13.000705182676656,13.285099220272665,11.251462285842198,13.263663291931152,32751500,0.0,0.0
2008-01-24 00:00:00-05:00,13.942494961322266,14.564162799475916,13.515188360171972,14.301204681396484,16503500,0.0,0.0
2008-01-25 00:00:00-05:00,14.932870706511627,15.220122678749703,14.514138361713817,14.88142204284668,15727000,0.0,0.0
2008-01-28 00:00:00-05:00,14.855699550684667,15.361606679298161,14.322637709236961,15.20726203918457,13120500,0.0,0.0
2008-01-29 00:00:00-05:00,15.445928192110681,15.767480732867039,14.98575220171727,15.110085487365723,12885500,0.0,0.0
2008-01-30 00:00:00-05:00,15.051499859994452,15.48023637779526,14.405537730279569,14.497001647949219,15240000,0.0,0.0
2008-01-31 00:00:00-05:00,14.149721605201485,15.475946025820292,13.869613855316842,15.281584739685059,12522500,0.0,0.0
2008-02-01 00:00:00-05:00,15.337320794219218,15.923259946260202,15.281584367515592,15.51024341583252,12127500,0.0,0.0
2008-02-04 00:00:00-05:00,15.791771012788468,15.968981255888746,15.483080399662242,15.880376815795898,12126500,0.0,0.0
2008-02-05 00:00:00-05:00,15.731757371212284,16.06045439801748,14.648483609986549,14.822835922241211,14823000,0.0,0.0
2008-02-06 00:00:00-05:00,15.07721565617755,15.820357317079688,15.005759386515907,15.384476661682129,15759000,0.0,0.0
2008-02-07 00:00:00-05:00,14.90000809073973,15.555975163641737,14.505570845821621,15.235852241516113,17156000,0.0,0.0
2008-02-08 00:00:00-05:00,16.007574101053383,16.007574101053383,15.005760633468816,15.470224380493164,23442000,0.0,0.0
2008-02-11 00:00:00-05:00,15.778914601406036,16.006143887739654,15.092936285819238,15.934687614440918,16076000,0.0,0.0
2008-02-12 00:00:00-05:00,16.219081484092797,17.136576730464586,15.977560693235144,16.157629013061523,20449000,0.0,0.0
2008-02-13 00:00:00-05:00,16.672116111446112,16.703555838712827,15.911823421241191,16.580652236938477,14463000,0.0,0.0
2008-02-14 00:00:00-05:00,16.739288961116053,17.016537326084276,16.321984670904058,16.520633697509766,10613500,0.0,0.0
2008-02-15 00:00:00-05:00,16.356280929013472,16.91649635405838,16.22765988763002,16.887914657592773,11003500,0.0,0.0
2008-02-19 00:00:00-05:00,17.296643584997504,18.398495271781194,17.296643584997504,18.104097366333008,20305500,0.0,0.0
2008-02-20 00:00:00-05:00,17.97537641146013,18.357253331313355,17.8180494494048,18.164169311523438,13028500,0.02,0.0
2008-02-21 00:00:00-05:00,18.32721173693778,18.351526254796223,17.464771996601534,17.586341857910156,14990500,0.0,0.0
2008-02-22 00:00:00-05:00,17.450471417295947,18.04688509308711,17.13867649132786,18.001117706298828,11472500,0.0,0.0
2008-02-25 00:00:00-05:00,18.272860513583066,18.747702845825263,17.835204686564303,18.734830856323242,16413000,0.0,0.0
2008-02-26 00:00:00-05:00,18.64901425589815,18.83780706180332,18.199917292268626,18.358675003051758,11561000,0.0,0.0
2008-02-27 00:00:00-05:00,17.41328847740955,18.564638433238713,17.41328847740955,17.8609561920166,18213000,0.0,0.0
2008-02-28 00:00:00-05:00,17.805174333646697,18.285737375041457,17.783720102766054,18.0526065826416,8062500,0.0,0.0
2008-02-29 00:00:00-05:00,18.298608901792925,18.378703876644902,17.408994216618837,17.46048355102539,14988500,0.0,0.0
2008-03-03 00:00:00-05:00,17.235931523756108,17.800880577315752,16.7882639448439,17.23164176940918,18035500,0.0,0.0
2008-03-04 00:00:00-05:00,17.027116237734905,17.73508942363404,16.455017106904876,17.108640670776367,13705000,0.0,0.0
2008-03-05 00:00:00-05:00,17.10863941424561,17.802309729929934,16.94988167840153,17.660715103149414,11276500,0.0,0.0
2008-03-06 00:00:00-05:00,17.592063504468694,17.905287848520203,17.324606540555944,17.377525329589844,10059000,0.0,0.0
2008-03-07 00:00:00-05:00,16.889804582667242,17.35606589987331,16.161808346092368,16.390647888183594,15832500,0.0,0.0
2008-03-10 00:00:00-04:00,16.163246486883786,16.31914395193099,15.02476874454081,15.054803848266602,18552500,0.0,0.0
2008-03-11 00:00:00-04:00,15.375177365590266,16.849764340044487,15.375177365590266,16.83403205871582,15558500,0.0,0.0
2008-03-12 00:00:00-04:00,16.749653262569318,17.221635509166216,16.31199588154942,16.682430267333984,12415000,0.0,0.0
2008-03-13 00:00:00-04:00,16.163243984769064,17.42615442932087,15.85717104847383,17.193023681640625,15592000,0.0,0.0
2008-03-14 00:00:00-04:00,17.62210279698977,17.62210279698977,16.071712988958023,16.59804344177246,15104500,0.0,0.0
2008-03-17 00:00:00-04:00,16.06598541847027,16.590887587819932,15.420942866725568,15.704132080078125,13575500,0.0,0.0
2008-03-18 00:00:00-04:00,16.379214024834642,17.1772939183961,16.116048139501114,17.127235412597656,12940000,0.0,0.0
2008-03-19 00:00:00-04:00,17.02997318731224,17.039984886037555,15.182091856915848,15.209266662597656,19487000,0.0,0.0
2008-03-20 00:00:00-04:00,14.931804829201692,15.339427100181936,14.159470120173884,15.016189575195312,23027500,0.0,0.0
2008-03-24 00:00:00-04:00,15.419516150917087,15.818556064101786,15.076256685205797,15.21498966217041,14310500,0.0,0.0
2008-03-25 00:00:00-04:00,15.897219534068524,16.319143157278823,15.495319312367059,16.21473503112793,12814500,0.0,0.0
2008-03-26 00:00:00-04:00,16.161816125794417,16.447865691102155,15.789951008898393,16.25478172302246,8085500,0.0,0.0
2008-03-27 00:00:00-04:00,16.068857329576105,16.21760345191626,15.582573503455526,15.635492324829102,13148000,0.0,0.0
2008-03-28 00:00:00-04:00,15.881490799807517,16.123202499455687,15.416659978641547,15.526788711547852,7234500,0.0,0.0
2008-03-31 00:00:00-04:00,15.289360402186437,15.711283944017755,14.303920071730973,14.820240020751953,16714500,0.0,0.0
2008-04-01 00:00:00-04:00,14.89748118045516,15.286508176545972,13.923480134231566,15.240740776062012,18997500,0.0,0.0
2008-04-02 00:00:00-04:00,14.948961814298835,15.546806202603811,14.671494527815307,15.144906044006348,12297500,0.0,0.0
2008-04-03 00:00:00-04:00,15.143477553283205,16.676703909943132,14.876020584812915,16.383502960205078,18857000,0.0,0.0
2008-04-04 00:00:00-04:00,16.939863320070256,18.18703966186224,16.84260664959896,17.969642639160156,19927000,0.0,0.0
2008-04-07 00:00:00-04:00,18.524581845435833,19.022309177211476,17.823760265789108,18.159868240356445,17385500,0.0,0.0
2008-04-08 00:00:00-04:00,18.022565242212295,19.018018568391142,17.878110350641627,18.739120483398438,14462000,0.0,0.0
2008-04-09 00:00:00-04:00,19.012297551952756,19.555792257833843,18.80920193931436,19.12957763671875,19614500,0.0,0.0
2008-04-10 00:00:00-04:00,19.236848095837757,19.836123300390174,18.55604983601399,19.608713150024414,15193500,0.0,0.0
2008-04-11 00:00:00-04:00,19.26689066478824,20.032073931195278,19.033759842867344,19.7989444732666,14893500,0.0,0.0
2008-04-14 00:00:00-04:00,19.979155657617877,20.948865490987274,19.86187551160931,20.655664443969727,14939500,0.0,0.0
2008-04-15 00:00:00-04:00,20.96030319317616,20.96030319317616,20.03636227263453,20.433971405029297,11068500,0.0,0.0
2008-04-16 00:00:00-04:00,21.11047663923964,21.68829630432817,20.63849455439415,21.656831741333008,13925000,0.0,0.0
2008-04-17 00:00:00-04:00,21.77268555309444,22.16171382920698,20.960304139911504,21.525253295898438,13413000,0.0,0.0
2008-04-18 00:00:00-04:00,21.52525213010608,22.5121235420122,21.31357557303513,22.017257690429688,13815000,0.0,0.0
2008-04-21 00:00:00-04:00,22.16599804521688,22.740957360097834,21.84991343655851,22.32618522644043,13486000,0.0,0.0
2008-04-22 00:00:00-04:00,22.669446837770316,22.669446837770316,21.427990681718374,21.80557632446289,15719500,0.0,0.0
2008-04-23 00:00:00-04:00,22.050146364911726,22.050146364911726,20.595582993736098,21.18055534362793,17845000,0.0,0.0
2008-04-24 00:00:00-04:00,21.310709395333856,21.310709395333856,19.33267587240546,19.681655883789062,23566000,0.0,0.0
2008-04-25 00:00:00-04:00,18.885010789206287,20.73575275302777,18.664752012445096,20.614181518554688,23096500,0.0,0.0
2008-04-28 00:00:00-04:00,20.42109864408125,21.043257668815563,19.913360814371806,19.987733840942383,18476000,0.0,0.0
2008-04-29 00:00:00-04:00,19.56581141265334,19.56581141265334,18.667614455899074,18.76058006286621,16137500,0.0,0.0
2008-04-30 00:00:00-04:00,18.947946447485418,19.577255656029735,18.807781237169205,19.1224365234375,14191500,0.0,0.0
2008-05-01 00:00:00-04:00,18.94364913842122,19.272607140221172,18.091221079795737,18.885009765625,14733500,0.0,0.0
2008-05-02 00:00:00-04:00,19.146744599144355,19.427073561340592,18.7620075193335,19.274036407470703,9300500,0.0,0.0
2008-05-05 00:00:00-04:00,19.58726551061981,19.916223588850265,19.02231769495207,19.272611618041992,9693000,0.0,0.0
2008-05-06 00:00:00-04:00,19.461401491129386,19.97485988785185,19.09382748802036,19.853288650512695,10523000,0.0,0.0
2008-05-07 00:00:00-04:00,19.778918137080176,20.309539675113225,19.329819673855834,19.407052993774414,12376500,0.0,0.0
2008-05-08 00:00:00-04:00,19.665927471356817,19.73744020768742,18.92934860593797,19.661636352539062,13454000,0.0,0.0
2008-05-09 00:00:00-04:00,19.658767054540867,19.831827551653653,19.331239990678643,19.570091247558594,6989500,0.0,0.0
2008-05-12 00:00:00-04:00,19.615865688812853,20.00489387284059,19.26545483971092,19.944822311401367,7938000,0.0,0.0
2008-05-13 00:00:00-04:00,20.10369156064777,20.180981647454143,19.39807418101557,19.61419677734375,8003500,0.02,0.0
2008-05-14 00:00:00-04:00,19.466786497764257,20.276888769411045,19.41096736177177,19.503999710083008,10436000,0.0,0.0
2008-05-15 00:00:00-04:00,19.55694928785667,20.067915182574403,19.54406805853041,19.85608673095703,6816500,0.0,0.0
2008-05-16 00:00:00-04:00,19.864678635950796,20.324118361115485,19.541210509192137,20.0078067779541,7573500,0.0,0.0
2008-05-19 00:00:00-04:00,19.897591785525076,20.105126014614804,18.70963191412592,18.98157501220703,10819500,0.0,0.0
2008-05-20 00:00:00-04:00,19.180527218285818,19.637104552434675,18.80553283485907,19.38663101196289,9296000,0.0,0.0
2008-05-21 00:00:00-04:00,19.415258813269723,19.473941654850886,18.413365861811332,18.51641845703125,12797500,0.0,0.0
2008-05-22 00:00:00-04:00,18.466314287110848,19.307903213245638,18.466314287110848,18.87422752380371,9096000,0.0,0.0
2008-05-23 00:00:00-04:00,18.801232729656824,18.87565911413026,17.815083817869056,18.220134735107422,13622000,0.0,0.0
2008-05-27 00:00:00-04:00,18.2244393591149,18.278828006960282,17.359948413313695,17.757843017578125,13760000,0.0,0.0
2008-05-28 00:00:00-04:00,17.760697252386453,19.544065475463867,17.613274966884646,19.544065475463867,16926500,0.0,0.0
2008-05-29 00:00:00-04:00,19.463910906515427,19.572688124643587,18.93863345682656,19.064584732055664,11126000,0.0,0.0
2008-05-30 00:00:00-04:00,19.310769489462977,19.65713900791668,19.108959928570382,19.594161987304688,12842500,0.0,0.0
2008-06-02 00:00:00-04:00,19.575549844413114,20.478683820983683,19.536904804740136,19.96628761291504,12199500,0.0,0.0
2008-06-03 00:00:00-04:00,20.209609418947686,21.242990480260335,20.00207518613342,20.640422821044922,19264000,0.0,0.0
2008-06-04 00:00:00-04:00,20.610363260334562,20.912362974454055,20.18670645911883,20.367046356201172,11835500,0.0,0.0
2008-06-05 00:00:00-04:00,20.732028625327132,21.852717520060743,20.481556462528207,21.775428771972656,16363500,0.0,0.0
2008-06-06 00:00:00-04:00,21.340319400025702,22.001568587438076,20.906643605345877,20.99251937866211,11509500,0.0,0.0
2008-06-09 00:00:00-04:00,21.467697326873473,22.11606512641452,21.03974632428759,21.629432678222656,12009000,0.0,0.0
2008-06-10 00:00:00-04:00,21.510638472194493,21.735348121179246,20.827919765293082,21.5736141204834,10696000,0.0,0.0
2008-06-11 00:00:00-04:00,22.240594546145136,22.669977569242143,21.560739344131626,21.625146865844727,15175500,0.0,0.0
2008-06-12 00:00:00-04:00,21.769702303664275,21.987256810099396,21.039751407562186,21.36751365661621,11463000,0.0,0.0
2008-06-13 00:00:00-04:00,21.32886754448651,22.19622039794922,21.2301091881841,22.19622039794922,9751000,0.0,0.0
2008-06-16 00:00:00-04:00,22.707185217546833,23.25393240855062,22.0759927511792,22.990577697753906,11397500,0.0,0.0
2008-06-17 00:00:00-04:00,23.22530582401829,24.364603141183785,23.183799796687218,24.277294158935547,18804500,0.0,0.0
2008-06-18 00:00:00-04:00,24.557834718290824,24.759642972482744,23.57740870246404,24.21718978881836,13077500,0.0,0.0
2008-06-19 00:00:00-04:00,24.539216410949244,24.567842572995136,23.097922184225634,23.20956039428711,12827500,0.0,0.0
2008-06-20 00:00:00-04:00,23.31119446905308,24.374632640856124,23.228179648296717,23.866527557373047,19509500,0.0,0.0
2008-06-23 00:00:00-04:00,24.01251176986524,24.360311790386476,23.269678279151194,24.095523834228516,12950000,0.0,0.0
2008-06-24 00:00:00-04:00,24.03255255957873,24.357451140770046,22.777322521428708,22.931900024414062,15497500,0.0,0.0
2008-06-25 00:00:00-04:00,22.715773870258314,23.15517431300226,21.8412644526001,22.688579559326172,15622500,0.0,0.0
2008-06-26 00:00:00-04:00,22.511094494448542,22.856032047298164,21.844120860658315,22.011579513549805,13716500,0.0,0.0
2008-06-27 00:00:00-04:00,21.756813182818743,22.614146938189325,21.325998524354247,22.44955062866211,38425000,0.0,0.0
2008-06-30 00:00:00-04:00,22.396597710411903,22.797355815743085,21.756818234031993,21.869888305664062,15514500,0.0,0.0
2008-07-01 00:00:00-04:00,21.676679291174334,22.266364675671507,20.996822531775788,22.141843795776367,18287500,0.0,0.0
2008-07-02 00:00:00-04:00,22.25633507835454,22.483907093690878,20.54595986770462,20.554548263549805,13602500,0.0,0.0
2008-07-03 00:00:00-04:00,20.20531960175151,20.749204560617205,19.662866497409993,20.381366729736328,12786500,0.0,0.0
2008-07-07 00:00:00-04:00,20.968186514939802,21.742507120997242,20.37420720910961,21.062650680541992,17254500,0.0,0.0
2008-07-08 00:00:00-04:00,20.581738650012205,20.75205966545573,19.11181832881534,20.67763328552246,22046500,0.0,0.0
2008-07-09 00:00:00-04:00,20.76208078726984,22.186201042811003,20.76208078726984,21.788305282592773,15591000,0.0,0.0
2008-07-10 00:00:00-04:00,22.033049048844408,22.471018881661994,21.612254637408913,22.44955062866211,13782000,0.0,0.0
2008-07-11 00:00:00-04:00,22.169030662314803,22.971974811512013,21.898519358562908,22.764440536499023,14215000,0.0,0.0
2008-07-14 00:00:00-04:00,23.26252561085756,23.789235141287843,22.815967174630767,23.62893295288086,12730500,0.0,0.0
2008-07-15 00:00:00-04:00,23.557361219612133,23.557361219612133,22.024465128474326,22.763004302978516,16827500,0.0,0.0
2008-07-16 00:00:00-04:00,22.897545434705073,22.897545434705073,21.61226038666622,22.730085372924805,14177500,0.0,0.0
2008-07-17 00:00:00-04:00,23.145152383548833,23.613178929905494,21.215793875294686,21.86845588684082,16006000,0.0,0.0
2008-07-18 00:00:00-04:00,21.477718735658602,22.425224020690187,21.318848438651134,21.42905616760254,11738500,0.0,0.0
2008-07-21 00:00:00-04:00,21.753956143673815,22.697165870938036,21.57504671188188,22.43238067626953,15730500,0.0,0.0
2008-07-22 00:00:00-04:00,22.32646849513349,22.61415520220155,21.51922885506246,22.337919235229492,9928500,0.0,0.0
2008-07-23 00:00:00-04:00,22.114639567345264,22.243454589542495,19.900456315828162,19.977745056152344,17098500,0.0,0.0
2008-07-24 00:00:00-04:00,20.554542023217778,21.26016069891262,18.965827136234818,19.96485710144043,23797000,0.0,0.0
2008-07-25 00:00:00-04:00,20.179548025141195,20.759214070600375,19.419540734554317,20.57028579711914,10541000,0.0,0.0
2008-07-28 00:00:00-04:00,20.82792042899891,21.175720407279794,20.36275618040624,20.850820541381836,12276500,0.0,0.0
2008-07-29 00:00:00-04:00,20.623244514325467,21.984386143228345,20.32983321336056,21.85270881652832,16434000,0.0,0.0
2008-07-30 00:00:00-04:00,22.250611166235057,23.902305079012077,21.924280757116517,23.84648323059082,17624000,0.0,0.0
2008-07-31 00:00:00-04:00,23.719097900031677,24.0654646650539,23.166626025134168,23.3956298828125,12337500,0.0,0.0
2008-08-01 00:00:00-04:00,23.63608422393047,24.045428024509338,22.986284450542815,23.263952255249023,9039500,0.0,0.0
2008-08-04 00:00:00-04:00,23.102219303678147,23.10651077158089,20.96961773547975,21.320280075073242,17921500,0.0,0.0
2008-08-05 00:00:00-04:00,20.952444595776225,21.46913520370349,19.17909356932011,19.982040405273438,27723000,0.0,0.0
2008-08-06 00:00:00-04:00,20.289759110454813,20.780687151513426,19.864670424291802,20.15092658996582,15184500,0.0,0.0
2008-08-07 00:00:00-04:00,20.35846928927923,20.674780873448743,19.70723883453376,20.08938980102539,12079000,0.0,0.0
2008-08-08 00:00:00-04:00,19.320789727218557,19.75160455644728,18.80696283085138,19.272127151489258,15055000,0.0,0.0
2008-08-11 00:00:00-04:00,19.50828454456219,19.50828454456219,17.175305397592705,17.938175201416016,25290000,0.0,0.0
2008-08-12 00:00:00-04:00,17.90668107504535,18.58939958888872,17.684833832129527,18.109922409057617,15846500,0.0,0.0
2008-08-13 00:00:00-04:00,18.23025803606892,19.901878008935707,18.23025803606892,19.888986587524414,14608500,0.02,0.0
2008-08-14 00:00:00-04:00,19.69273526107578,19.989243247618955,18.907775600033922,19.628276824951172,14701500,0.0,0.0
2008-08-15 00:00:00-04:00,19.575277799647676,19.575277799647676,18.17581559215972,18.47089195251465,13153000,0.0,0.0
2008-08-18 00:00:00-04:00,18.595520587869522,19.333209810951804,18.241714828245573,18.594087600708008,15310000,0.0,0.0
2008-08-19 00:00:00-04:00,18.334820576068868,19.71422838244897,18.25603770794384,19.326045989990234,14847000,0.0,0.0
2008-08-20 00:00:00-04:00,19.52514457021484,20.19694480752968,19.440632512088147,20.039379119873047,12834000,0.0,0.0
2008-08-21 00:00:00-04:00,20.370263813498962,20.99765918366673,19.91046092802706,20.84725570678711,12791000,0.0,0.0
2008-08-22 00:00:00-04:00,20.496317247993275,21.07501023459019,20.131053201708966,20.693988800048828,11832000,0.0,0.0
2008-08-25 00:00:00-04:00,21.269814815946212,21.557728973688665,20.576529425129806,21.034900665283203,16401000,0.0,0.0
2008-08-26 00:00:00-04:00,21.170980123032606,21.41448948035041,20.961848782332623,21.377246856689453,45600500,0.0,0.0
2008-08-27 00:00:00-04:00,21.599272027948107,21.867131241176377,21.40016611919691,21.509029388427734,14062500,0.0,0.0
2008-08-28 00:00:00-04:00,21.74967567621763,21.74967567621763,21.032038933759242,21.572057723999023,14443500,0.0,0.0
2008-08-29 00:00:00-04:00,21.487539190312386,22.054772262957915,21.487539190312386,21.829883575439453,9832000,0.0,0.0
2008-09-02 00:00:00-04:00,21.046358910347696,21.046358910347696,19.702761340578512,19.770084381103516,18506000,0.0,0.0
2008-09-03 00:00:00-04:00,19.708495989392354,20.11959654589371,18.406438273986183,19.242963790893555,24910000,0.0,0.0
2008-09-04 00:00:00-04:00,18.884858396396517,19.414848948382193,17.37510120178757,17.680204391479492,25309000,0.0,0.0
2008-09-05 00:00:00-04:00,17.75325678403851,18.861940314090223,17.032755514950495,18.793184280395508,24464000,0.0,0.0
2008-09-08 00:00:00-04:00,19.413419417313534,19.45066204495493,16.54860442837561,17.114404678344727,25167000,0.0,0.0
2008-09-09 00:00:00-04:00,16.800707914649504,16.800707914649504,14.972955888364673,15.051738739013672,37160500,0.0,0.0
2008-09-10 00:00:00-04:00,15.116202022396315,16.36812601478565,15.06033737910367,15.700624465942383,29167000,0.0,0.0
2008-09-11 00:00:00-04:00,15.296679573979478,16.681817639540252,14.85979484867083,16.651737213134766,27200500,0.0,0.0
2008-09-12 00:00:00-04:00,16.631690535278956,17.869291592579142,16.631690535278956,17.58424186706543,23623500,0.0,0.0
2008-09-15 00:00:00-04:00,16.529989881680176,17.13160140979053,15.458548385273634,15.788002967834473,22738000,0.0,0.0
2008-09-16 00:00:00-04:00,15.154870883344817,17.134457957950023,15.041711382002585,17.118701934814453,25977000,0.0,0.0
2008-09-17 00:00:00-04:00,16.70903936409827,17.292028833409475,15.449953139937254,15.713516235351562,24917500,0.0,0.0
2008-09-18 00:00:00-04:00,15.843856699375591,16.83078549865393,14.975817966326794,15.805182456970215,22566500,0.0,0.0
2008-09-19 00:00:00-04:00,16.875194876353582,17.294890638582018,16.08737038840763,17.10724449157715,17907500,0.0,0.0
2008-09-22 00:00:00-04:00,17.1244285141949,18.031142836274718,17.095781079625002,17.445287704467773,17865500,0.0,0.0
2008-09-23 00:00:00-04:00,17.385130763435992,17.483967235282336,15.649052944975525,16.273582458496094,22772500,0.0,0.0
2008-09-24 00:00:00-04:00,16.610199751959744,16.974032268762514,15.96991413682949,16.46839141845703,15294000,0.0,0.0
2008-09-25 00:00:00-04:00,16.459796977844686,16.459796977844686,15.22792549311357,15.785133361816406,23034500,0.0,0.0
2008-09-26 00:00:00-04:00,14.200884536517918,14.200884536517918,12.55648138774746,13.146634101867676,36195500,0.0,0.0
2008-09-29 00:00:00-04:00,12.441895484310546,13.097938599102388,11.62112578025589,12.022199630737305,28443500,0.0,0.0
2008-09-30 00:00:00-04:00,12.218433573942702,13.244037972279651,11.916196373577149,13.100796699523926,26130000,0.0,0.0
2008-10-01 00:00:00-04:00,13.15379826945135,13.411632071372816,12.347353194128516,12.696861267089844,21577000,0.0,0.0
2008-10-02 00:00:00-04:00,11.17134524604323,11.21718237671708,7.752189271772197,8.307963371276855,76177000,0.0,0.0
2008-10-03 00:00:00-04:00,8.683252353559576,9.095785789505163,7.9298061165013145,8.090235710144043,34816500,0.0,0.0
2008-10-06 00:00:00-04:00,7.3482521968764996,7.8524593995320675,6.7480731140248125,7.746461391448975,41498500,0.0,0.0
2008-10-07 00:00:00-04:00,8.163291874211897,8.391044599423775,7.338225359310829,7.361143589019775,39870500,0.0,0.0
2008-10-08 00:00:00-04:00,6.874118595610425,8.816462446682479,6.788174286221785,8.209121704101562,47404000,0.0,0.0
2008-10-09 00:00:00-04:00,8.635986612446588,9.71602239452409,7.757920724323142,7.997133255004883,37330500,0.0,0.0
2008-10-10 00:00:00-04:00,7.36973841092862,8.872333949777577,7.091851619459651,8.260696411132812,35624000,0.0,0.0
2008-10-13 00:00:00-04:00,9.138756749662837,9.26051139831543,8.336608918144217,9.26051139831543,24331500,0.0,0.0
2008-10-14 00:00:00-04:00,9.598566415081324,9.953803127436798,8.69328391023573,9.19176197052002,27274000,0.0,0.0
2008-10-15 00:00:00-04:00,8.766333893212453,8.766333893212453,7.939835231746966,8.015752792358398,24369500,0.0,0.0
2008-10-16 00:00:00-04:00,8.234911937899883,8.631688798164646,7.391223483615452,8.315126419067383,34826000,0.0,0.0
2008-10-17 00:00:00-04:00,8.005724826632227,8.731955293502256,7.607515083861503,7.928374290466309,23806500,0.0,0.0
2008-10-20 00:00:00-04:00,8.312258150022835,8.750575044705752,8.136071873598583,8.733386039733887,20981500,0.0,0.0
2008-10-21 00:00:00-04:00,8.472691825425548,8.55577160098282,7.954160233942505,8.011456489562988,21211500,0.0,0.0
2008-10-22 00:00:00-04:00,7.514408825275088,7.684865242879422,6.793908226747952,7.144847869873047,27271000,0.0,0.0
2008-10-23 00:00:00-04:00,7.2608732950945445,7.332493943412216,6.102056287021526,6.381375312805176,40641000,0.0,0.0
2008-10-24 00:00:00-04:00,5.44314844041859,6.571885363712139,5.401608560013724,6.358457088470459,26969500,0.0,0.0
2008-10-27 00:00:00-04:00,6.339836308545761,6.803936208989766,6.242432136656767,6.481644630432129,28808000,0.0,0.0
2008-10-28 00:00:00-04:00,6.948611080583946,7.759353999912668,6.6005358872093955,7.7579216957092285,34557000,0.0,0.0
2008-10-29 00:00:00-04:00,7.752190300460748,8.226317009833966,7.44135783582381,7.703487873077393,25600500,0.0,0.0
2008-10-30 00:00:00-04:00,8.128913174894613,8.819333438384247,8.08021074958557,8.613066673278809,30011000,0.0,0.0
2008-10-31 00:00:00-04:00,8.399639961891834,9.376542409464792,8.399639961891834,9.194626808166504,25864500,0.0,0.0
2008-11-03 00:00:00-05:00,9.174570447101985,9.409484646047424,8.819333175239146,8.976898193359375,22552000,0.0,0.0
2008-11-04 00:00:00-05:00,9.42667188142827,9.716018347559828,9.14448761545925,9.294890403747559,29476000,0.0,0.0
2008-11-05 00:00:00-05:00,9.125866577641265,9.196054911887208,8.45120314834315,8.51995849609375,27435500,0.0,0.0
2008-11-06 00:00:00-05:00,8.259263152980498,8.360964249751692,7.686300574319382,7.909755706787109,28563500,0.0,0.0
2008-11-07 00:00:00-05:00,8.04869862560551,8.734822029651834,7.846729439503977,8.714768409729004,23986500,0.0,0.0
2008-11-10 00:00:00-05:00,9.091490403558662,9.515483020917687,8.740550736693363,8.922466278076172,22107500,0.0,0.0
2008-11-11 00:00:00-05:00,8.61736347317554,8.815035730262533,8.191938531775842,8.438312530517578,24649500,0.0,0.0
2008-11-12 00:00:00-05:00,8.161387696134737,8.161387696134737,7.4827068508835675,7.494185447692871,27310500,0.02,0.0
2008-11-13 00:00:00-05:00,7.574532500586259,8.682231245672046,7.21725733496179,8.673622131347656,46147500,0.0,0.0
2008-11-14 00:00:00-05:00,8.39670377241916,8.728152515516411,7.884464183826465,7.88733434677124,29188500,0.0,0.0
2008-11-17 00:00:00-05:00,7.398052423948002,7.702239057366553,7.204348245532257,7.237349987030029,28657000,0.0,0.0
2008-11-18 00:00:00-05:00,7.357874247570638,7.5329253973650845,6.891550568074989,7.230173587799072,18307500,0.0,0.0
2008-11-19 00:00:00-05:00,7.165607075907962,7.227305652652271,6.376443020722719,6.383617401123047,21282500,0.0,0.0
2008-11-20 00:00:00-05:00,6.119607703097799,6.331964898669104,5.615977845214251,5.650413990020752,30549000,0.0,0.0
2008-11-21 00:00:00-05:00,5.882858569381993,6.73946036590281,5.882858569381993,6.692110538482666,30255500,0.0,0.0
2008-11-24 00:00:00-05:00,6.880074940154469,7.093866186013571,6.514189670251102,6.6232380867004395,19165000,0.0,0.0
2008-11-25 00:00:00-05:00,6.993426752633956,7.218697256810977,6.712197307259334,6.987687110900879,21743000,0.0,0.0
2008-11-26 00:00:00-05:00,6.7695907923518375,7.679281903296225,6.623237116344479,7.6233229637146,14242000,0.0,0.0
2008-11-28 00:00:00-05:00,7.617581303421686,7.692193203091048,7.422442436272092,7.551578521728516,4738000,0.0,0.0
2008-12-01 00:00:00-05:00,7.3019165398854975,7.3019165398854975,6.310439338801066,6.344875812530518,15681500,0.0,0.0
2008-12-02 00:00:00-05:00,6.118170137797418,6.6318443039391255,6.086603828842769,6.593102931976318,20072000,0.0,0.0
2008-12-03 00:00:00-05:00,6.311873972562058,6.806894457481927,6.251610151073099,6.6461920738220215,12419500,0.0,0.0
2008-12-04 00:00:00-05:00,6.528538763520744,6.868596686021912,6.287484717202235,6.399402618408203,9971000,0.0,0.0
2008-12-05 00:00:00-05:00,6.244436032113164,6.766718572443483,5.956032330780562,6.750935077667236,13550500,0.0,0.0
2008-12-08 00:00:00-05:00,7.065165551605296,7.4841400653815695,7.065165551605296,7.278957366943359,12856000,0.0,0.0
2008-12-09 00:00:00-05:00,7.174216023611063,7.789763616126089,7.020687981331037,7.26891565322876,8849500,0.0,0.0
2008-12-10 00:00:00-05:00,7.547276578956062,7.697934478469082,7.31913591012401,7.504230976104736,8186500,0.0,0.0
2008-12-11 00:00:00-05:00,7.319132672430764,7.735237017783421,6.838460293456774,6.979074954986572,11674000,0.0,0.0
2008-12-12 00:00:00-05:00,6.743761661812551,7.263174798721085,6.581624527184674,7.049383640289307,7713000,0.0,0.0
2008-12-15 00:00:00-05:00,7.179954084682867,7.367918563348329,6.729413231442821,6.862853527069092,9070000,0.0,0.0
2008-12-16 00:00:00-05:00,7.06373122402121,7.748151610190532,7.06373122402121,7.715149879455566,14062000,0.0,0.0
2008-12-17 00:00:00-05:00,7.662062739763729,8.192954547975607,7.4984901587593,7.963379859924316,14410500,0.0,0.0
2008-12-18 00:00:00-05:00,8.020774593069742,8.020774593069742,7.218697133762767,7.260307312011719,8945000,0.0,0.0
2008-12-19 00:00:00-05:00,7.108213034669989,7.310525625387282,6.63614963880977,6.875768184661865,10459000,0.0,0.0
2008-12-22 00:00:00-05:00,6.867157755964586,6.872897395731809,6.38505059366926,6.529970169067383,7122000,0.0,0.0
2008-12-23 00:00:00-05:00,6.532840015021589,6.824113236941584,6.532840015021589,6.672019958496094,9943500,0.0,0.0
2008-12-24 00:00:00-05:00,6.573015619264604,6.783937990686738,6.535709668141401,6.616061210632324,2610500,0.0,0.0
2008-12-26 00:00:00-05:00,6.70932652284893,6.758111073433357,6.474012204571251,6.7150654792785645,3855500,0.0,0.0
2008-12-29 00:00:00-05:00,6.7466339621810745,6.9331630867666405,6.5314073123813285,6.700718879699707,6251000,0.0,0.0
2008-12-30 00:00:00-05:00,6.588801138617308,6.858551997528228,6.528537976396786,6.8341593742370605,7739500,0.0,0.0
2008-12-31 00:00:00-05:00,6.825549972269906,7.138345738690905,6.717936991539616,7.053689956665039,6492500,0.0,0.0
2009-01-02 00:00:00-05:00,7.085254353702601,7.762499676588292,7.045078244469259,7.695062160491943,9227000,0.0,0.0
2009-01-05 00:00:00-05:00,7.6075348694035645,8.270431939706665,7.6075348694035645,8.121208190917969,13389000,0.0,0.0
2009-01-06 00:00:00-05:00,8.207297521338466,8.264691841855289,7.547270703535327,7.930373191833496,18941500,0.0,0.0
2009-01-07 00:00:00-05:00,8.035123143644759,8.250349796923578,7.610409479060069,7.644845962524414,12895000,0.0,0.0
2009-01-08 00:00:00-05:00,7.396617079046348,8.00785977451474,7.393746916420686,7.844287872314453,16941000,0.0,0.0
2009-01-09 00:00:00-05:00,7.867243153095883,7.990639590364409,7.583144331185574,7.7352375984191895,12395000,0.0,0.0
2009-01-12 00:00:00-05:00,7.689323874653716,7.689323874653716,6.679194415735351,6.733717918395996,17041000,0.0,0.0
2009-01-13 00:00:00-05:00,6.6935442863692405,7.020688811069583,6.643324987208504,6.841333389282227,12997500,0.0,0.0
2009-01-14 00:00:00-05:00,6.531407027267055,6.628976145664133,6.1583474260077065,6.34918212890625,14583500,0.0,0.0
2009-01-15 00:00:00-05:00,6.399401521632609,6.882943586837698,6.187044356824773,6.7767653465271,14312500,0.0,0.0
2009-01-16 00:00:00-05:00,6.607454017792592,7.131171540958492,6.486927011027473,6.961860656738281,25468000,0.0,0.0
2009-01-20 00:00:00-05:00,6.782502583170366,6.888680785830247,6.471141669556234,6.562971115112305,15628500,0.0,0.0
2009-01-21 00:00:00-05:00,6.816938909640324,6.816938909640324,6.176998796779773,6.548623561859131,19742500,0.0,0.0
2009-01-22 00:00:00-05:00,6.377876715939582,6.682063246947767,6.221478549687162,6.3922247886657715,20409500,0.0,0.0
2009-01-23 00:00:00-05:00,6.169828132197801,6.874335950613807,6.069388827728554,6.712198734283447,16627500,0.0,0.0
2009-01-26 00:00:00-05:00,6.788242862550385,7.174215746331934,6.6117569471979145,6.773894786834717,17269500,0.0,0.0
2009-01-27 00:00:00-05:00,6.852809947594081,6.913073088639445,6.561536730835287,6.6447577476501465,17992000,0.0,0.0
2009-01-28 00:00:00-05:00,6.821244247064625,7.145518541195883,6.753806036872886,7.050818920135498,18946500,0.0,0.0
2009-01-29 00:00:00-05:00,6.904465595999273,7.030732231987466,6.801156841184659,6.927423477172852,16874500,0.0,0.0
2009-01-30 00:00:00-05:00,6.958987133030459,7.128298619672898,6.684932192337879,6.743760585784912,18135500,0.0,0.0
2009-02-02 00:00:00-05:00,6.603147949924236,7.016382210791169,6.535709741988412,6.8269829750061035,14484500,0.0,0.0
2009-02-03 00:00:00-05:00,6.882941889582119,7.164171264677681,6.726544388539112,7.000599384307861,14196000,0.0,0.0
2009-02-04 00:00:00-05:00,7.1010366886425,7.607536421070135,7.1010366886425,7.301915168762207,20481500,0.0,0.0
2009-02-05 00:00:00-05:00,7.2301754506834905,7.604669777055648,7.108213715233961,7.524318218231201,22172500,0.0,0.0
2009-02-06 00:00:00-05:00,7.608972100621057,8.078165946253932,7.551578437543899,7.8385467529296875,24157500,0.0,0.0
2009-02-09 00:00:00-05:00,7.864376962822587,8.138432043014953,7.485578375263434,7.6678032875061035,17965500,0.0,0.0
2009-02-10 00:00:00-05:00,7.791196311569235,8.161386297682606,7.553012560796336,7.690757751464844,35354000,0.0,0.0
2009-02-11 00:00:00-05:00,8.147038797928943,8.17143141439556,7.254566793207864,7.491315841674805,29442500,0.0,0.0
2009-02-12 00:00:00-05:00,7.278551501575587,7.935532795866513,7.218172025217707,7.913969039916992,25262500,0.02,0.0
2009-02-13 00:00:00-05:00,7.768774316650527,8.07066975735842,7.768774316650527,7.860780715942383,16148000,0.0,0.0
2009-02-17 00:00:00-05:00,7.4266225865667295,7.558881461761478,7.218171143194529,7.305864334106445,20758000,0.0,0.0
2009-02-18 00:00:00-05:00,7.315929695176189,7.6580775781528905,7.294365251808273,7.573259353637695,24588000,0.0,0.0
2009-02-19 00:00:00-05:00,7.668142890193759,8.08935846206649,7.626452169566618,7.840654373168945,21606000,0.0,0.0
2009-02-20 00:00:00-05:00,7.649451598601695,8.073542702366417,7.5545702455898915,8.01028823852539,25583000,0.0,0.0
2009-02-23 00:00:00-05:00,8.120985630337781,8.283433969410453,7.144856732109702,7.187984943389893,36054500,0.0,0.0
2009-02-24 00:00:00-05:00,7.27280066608652,8.085042765334999,7.232548139847507,7.990161418914795,30274000,0.0,0.0
2009-02-25 00:00:00-05:00,9.560015670396334,9.571516292894847,8.841217509998103,8.880032539367676,86849000,0.0,0.0
2009-02-26 00:00:00-05:00,9.045358544375892,9.230808795002302,8.928913420773014,9.020919799804688,41207500,0.0,0.0
2009-02-27 00:00:00-05:00,8.727648407694959,9.509700424330363,8.694583343030535,9.248058319091797,35245000,0.0,0.0
2009-03-02 00:00:00-05:00,9.015172779255945,9.12155481231442,8.405631814758896,8.43725872039795,23676000,0.0,0.0
2009-03-03 00:00:00-05:00,8.629890791434299,9.02666742682204,8.533571959716863,8.809590339660645,19421000,0.0,0.0
2009-03-04 00:00:00-05:00,9.058299570681807,9.272501096117887,8.890100560547639,9.019484519958496,28831500,0.0,0.0
2009-03-05 00:00:00-05:00,8.888658644096367,9.115798863734618,8.618390230951128,8.753524780273438,19426000,0.0,0.0
2009-03-06 00:00:00-05:00,8.885786761844829,8.926039299504474,8.424318014962244,8.710399627685547,25552000,0.0,0.0
2009-03-09 00:00:00-04:00,8.411376621165351,9.052544783003658,8.280555914029664,8.849843978881836,23402000,0.0,0.0
2009-03-10 00:00:00-04:00,9.085612173927744,9.426322604743799,9.035295818950972,9.236559867858887,22596000,0.0,0.0
2009-03-11 00:00:00-04:00,9.324249789230983,9.90503842095656,9.255245369001047,9.798656463623047,24647500,0.0,0.0
2009-03-12 00:00:00-04:00,9.726779787668065,9.726779787668065,9.337191181076646,9.686527252197266,20520500,0.0,0.0
2009-03-13 00:00:00-04:00,9.71240506819133,9.991298542359965,9.590209272429403,9.86335277557373,15936500,0.0,0.0
2009-03-16 00:00:00-04:00,9.823099664971256,10.16093443548424,9.703778861662666,9.876290321350098,20746500,0.0,0.0
2009-03-17 00:00:00-04:00,9.843220404409708,9.984104889668963,9.631893333771217,9.922287940979004,16132500,0.0,0.0
2009-03-18 00:00:00-04:00,9.825972684096817,10.058863587922101,9.51545170749626,9.943855285644531,22445500,0.0,0.0
2009-03-19 00:00:00-04:00,10.176746310481828,10.30181706094026,9.936667941877733,9.979795455932617,16935500,0.0,0.0
2009-03-20 00:00:00-04:00,10.055987420664225,10.066050552359993,9.729653358459473,9.729653358459473,16402500,0.0,0.0
2009-03-23 00:00:00-04:00,9.93379407353094,10.300381436992545,9.738281361417764,10.234251976013184,11684500,0.0,0.0
2009-03-24 00:00:00-04:00,10.074674224322449,10.662650966793787,9.96829227338494,10.393820762634277,14508500,0.0,0.0
2009-03-25 00:00:00-04:00,10.661217849778875,10.661217849778875,10.21268793294011,10.526083946228027,14624500,0.0,0.0
2009-03-26 00:00:00-04:00,10.803539314823645,10.803539314823645,10.343508796502192,10.638216018676758,13713500,0.0,0.0
2009-03-27 00:00:00-04:00,10.514583052428078,10.764724585449946,10.43407729809373,10.53758430480957,14600000,0.0,0.0
2009-03-30 00:00:00-04:00,10.349253031474367,10.349253031474367,10.031544733646774,10.119237899780273,14098000,0.0,0.0
2009-03-31 00:00:00-04:00,10.244317633060524,10.382327245157652,10.096244884346916,10.225628852844238,9455000,0.0,0.0
2009-04-01 00:00:00-04:00,9.991297257049522,10.4642665879369,9.991297257049522,10.41970157623291,13345500,0.0,0.0
2009-04-02 00:00:00-04:00,10.494456443633894,10.692844809590252,10.372260666273123,10.447015762329102,14666000,0.0,0.0
2009-04-03 00:00:00-04:00,10.42257818827596,10.715847969055176,10.350698064501778,10.715847969055176,8981000,0.0,0.0
2009-04-06 00:00:00-04:00,10.462826688616907,10.510267360050051,10.278814657345686,10.452763557434082,11990000,0.0,0.0
2009-04-07 00:00:00-04:00,10.35357165654691,10.392386696230835,10.070365067705328,10.106305122375488,8855500,0.0,0.0
2009-04-08 00:00:00-04:00,9.879164122400226,10.278815800685333,9.877725944500366,10.2500638961792,9148000,0.0,0.0
2009-04-09 00:00:00-04:00,10.45851627379044,10.518895072791059,10.306131098265467,10.49876880645752,7428500,0.0,0.0
2009-04-13 00:00:00-04:00,10.298941676567189,10.579273249045789,10.271627265492393,10.490141868591309,6862000,0.0,0.0
2009-04-14 00:00:00-04:00,10.362199323181448,10.687096000246918,10.362199323181448,10.596527099609375,10431000,0.0,0.0
2009-04-15 00:00:00-04:00,10.458515754973387,10.734534185354429,10.424013194113444,10.708657264709473,8673500,0.0,0.0
2009-04-16 00:00:00-04:00,10.783413710866942,10.836605051291405,10.468580202718396,10.540459632873535,7848000,0.0,0.0
2009-04-17 00:00:00-04:00,10.556271011639579,10.599399208281257,10.03298611021732,10.055987358093262,14660000,0.0,0.0
2009-04-20 00:00:00-04:00,9.919416905593012,9.919416905593012,9.618959050236105,9.687963485717773,11123000,0.0,0.0
2009-04-21 00:00:00-04:00,9.544204447267362,9.912229264476828,9.544204447267362,9.649148941040039,11027000,0.0,0.0
2009-04-22 00:00:00-04:00,9.561458139733663,9.903606121540303,9.457951112367821,9.516892433166504,8003500,0.0,0.0
2009-04-23 00:00:00-04:00,9.508260508090094,9.764152578934405,9.321373533562811,9.618955612182617,9169000,0.0,0.0
2009-04-24 00:00:00-04:00,9.831721497982299,10.35356883841306,9.801531421557094,10.21987247467041,10626000,0.0,0.0
2009-04-27 00:00:00-04:00,9.900728422064182,10.146557458990342,9.787158290215249,10.038737297058105,6679000,0.0,0.0
2009-04-28 00:00:00-04:00,9.836037622525684,10.16955990952827,9.833162637228124,10.01717472076416,3763500,0.0,0.0
2009-04-29 00:00:00-04:00,10.099117685234372,10.48151813896386,10.077553925114179,10.402450561523438,6130000,0.0,0.0
2009-04-30 00:00:00-04:00,10.49445358254297,10.615211148942594,10.260125224982902,10.357881546020508,5924000,0.0,0.0
2009-05-01 00:00:00-04:00,10.356447942702163,10.961676236107643,10.31188224189213,10.761850357055664,8427500,0.0,0.0
2009-05-04 00:00:00-04:00,10.922854721704143,10.997609781171112,10.73165459752864,10.83228588104248,8343500,0.0,0.0
2009-05-05 00:00:00-04:00,10.835166892179492,10.934360732761961,10.579274710728162,10.813602447509766,5753500,0.0,0.0
2009-05-06 00:00:00-04:00,10.927170936732654,10.927170936732654,10.383759763292936,10.625275611877441,9620000,0.0,0.0
2009-05-07 00:00:00-04:00,10.783412453959455,10.827978147890821,10.321943783023622,10.382323265075684,10630000,0.0,0.0
2009-05-08 00:00:00-04:00,10.55627110417342,10.636776843443771,10.301816455505604,10.610899925231934,6883500,0.0,0.0
2009-05-11 00:00:00-04:00,11.027806222430582,11.152877003681732,10.682783283048149,10.914236068725586,19351500,0.0,0.0
2009-05-12 00:00:00-04:00,10.98764642201002,11.235239040328528,10.87104774029577,11.127277374267578,16026000,0.02,0.0
2009-05-13 00:00:00-04:00,11.043786105744845,11.275544755305946,10.693989392404877,11.102805137634277,13692000,0.0,0.0
2009-05-14 00:00:00-04:00,10.894083951627897,11.20501458800189,10.888326396349235,11.18198299407959,10879500,0.0,0.0
2009-05-15 00:00:00-04:00,11.156068983120683,11.587917089286812,11.156068983120683,11.479954719543457,13710500,0.0,0.0
2009-05-18 00:00:00-04:00,11.585037747292493,11.893088823055999,11.497228192781032,11.852783203125,12958000,0.0,0.0
2009-05-19 00:00:00-04:00,11.796642892593653,12.024082740847184,11.703076465930513,11.740503311157227,10851000,0.0,0.0
2009-05-20 00:00:00-04:00,11.954990283370332,12.179551398053443,11.700199946265366,11.717473983764648,10395000,0.0,0.0
2009-05-21 00:00:00-04:00,11.520261602599328,11.549050745616164,11.268350080367076,11.504426956176758,11342000,0.0,0.0
2009-05-22 00:00:00-04:00,11.664209824626793,11.85278413011754,11.504426720774793,11.625344276428223,6560000,0.0,0.0
2009-05-26 00:00:00-04:00,11.445406432128072,11.975139774241764,11.445406432128072,11.956425666809082,6723500,0.0,0.0
2009-05-27 00:00:00-04:00,11.839824728510777,11.979454284663415,11.403657913208008,11.403657913208008,11947000,0.0,0.0
2009-05-28 00:00:00-04:00,11.592234281620318,11.694437023768145,11.245315634224523,11.28418254852295,11438000,0.0,0.0
2009-05-29 00:00:00-04:00,11.420936704327985,11.468439959102772,11.085535143767743,11.176222801208496,15377000,0.0,0.0
2009-06-01 00:00:00-04:00,11.435328608925392,11.65845025866488,11.403660008597356,11.560564994812012,9941000,0.0,0.0
2009-06-02 00:00:00-04:00,11.531776049324737,11.704515015941073,11.360477157539961,11.502986907958984,6034000,0.0,0.0
2009-06-03 00:00:00-04:00,11.22084065078301,11.22803827577699,10.672394118781677,11.207884788513184,18507000,0.0,0.0
2009-06-04 00:00:00-04:00,11.289943426950675,11.564887252472966,11.213650336921098,11.438211441040039,8432000,0.0,0.0
2009-06-05 00:00:00-04:00,11.536094263941846,11.544731966839654,11.147431267316831,11.278425216674805,5448500,0.0,0.0
2009-06-08 00:00:00-04:00,11.206448650272936,11.33168502771116,10.961734820745518,11.298576354980469,4076500,0.0,0.0
2009-06-09 00:00:00-04:00,11.34320322563047,11.582158180502544,11.217967508027305,11.540413856506348,5118500,0.0,0.0
2009-06-10 00:00:00-04:00,11.636853905670762,11.78656121967373,11.371988016962181,11.563440322875977,6388000,0.0,0.0
2009-06-11 00:00:00-04:00,11.674286098952662,12.126287024280012,11.56488571159017,11.924758911132812,7471500,0.0,0.0
2009-06-12 00:00:00-04:00,11.822552688396778,12.04999249929339,11.65701000255649,11.875813484191895,5543000,0.0,0.0
2009-06-15 00:00:00-04:00,11.682921064257796,11.691557393022467,11.452601803779196,11.517379760742188,3238500,0.0,0.0
2009-06-16 00:00:00-04:00,11.622463077308455,11.691557828419905,11.228041886753315,11.328805923461914,7717000,0.0,0.0
2009-06-17 00:00:00-04:00,11.022196235016091,11.075457039198797,10.652246636996342,10.721342086791992,11179000,0.0,0.0
2009-06-18 00:00:00-04:00,10.835063035794727,10.868171718591558,10.52413245267619,10.699750900268555,13037500,0.0,0.0
2009-06-19 00:00:00-04:00,10.806270774393056,10.941582879482556,10.695429642349765,10.794754981994629,5507500,0.0,0.0
2009-06-22 00:00:00-04:00,10.620576488803966,10.797634293922526,9.97856330871582,9.97856330871582,10497500,0.0,0.0
2009-06-23 00:00:00-04:00,10.331237406090825,10.508295186562433,10.180090670996313,10.491021156311035,17110500,0.0,0.0
2009-06-24 00:00:00-04:00,10.67239924026785,10.727100118226765,10.529889491735075,10.646488189697266,9575500,0.0,0.0
2009-06-25 00:00:00-04:00,10.57883197035535,10.940144538879395,10.49822072944335,10.940144538879395,6279000,0.0,0.0
2009-06-26 00:00:00-04:00,10.735735093801695,11.000601729974301,10.722779227778004,10.967493057250977,8285500,0.0,0.0
2009-06-29 00:00:00-04:00,10.7832424724453,10.95742085890856,10.709828158149316,10.889764785766602,9296000,0.0,0.0
2009-06-30 00:00:00-04:00,10.788998221901908,10.843699101299057,10.652246709812683,10.672399520874023,4914500,0.0,0.0
2009-07-01 00:00:00-04:00,10.780359705024027,10.843697592693383,10.63065303133831,10.653684616088867,2552500,0.0,0.0
2009-07-02 00:00:00-04:00,10.446400866303462,10.868172642242563,10.446400866303462,10.69399356842041,3723000,0.0,0.0
2009-07-06 00:00:00-04:00,10.551479505923032,10.603301596334102,10.40896978689782,10.567314147949219,2456000,0.0,0.0
2009-07-07 00:00:00-04:00,10.496781890341618,10.600425416860626,10.305329484234075,10.32116413116455,3985500,0.0,0.0
2009-07-08 00:00:00-04:00,10.182968433081996,10.385937238716378,10.053414591906169,10.18152904510498,3990000,0.0,0.0
2009-07-09 00:00:00-04:00,10.322600429732455,10.429122701478152,10.21607815798676,10.354269027709961,2261500,0.0,0.0
2009-07-10 00:00:00-04:00,10.267900835629566,10.501098901006058,9.860524430175511,10.021747589111328,6984500,0.0,0.0
2009-07-13 00:00:00-04:00,9.99871743229159,10.198806849649776,9.779914591496896,10.175774574279785,3376500,0.0,0.0
2009-07-14 00:00:00-04:00,10.210321352059943,10.326920043453732,9.959849936531745,10.037582397460938,4922000,0.0,0.0
2009-07-15 00:00:00-04:00,10.23911074503402,10.267900569583617,10.01454970170503,10.252066612243652,4459500,0.0,0.0
2009-07-16 00:00:00-04:00,10.364348836872953,10.619139151757139,10.364348836872953,10.547164916992188,5657000,0.0,0.0
2009-07-17 00:00:00-04:00,10.565877900919013,10.728540474660123,10.368667256633222,10.50541877746582,6421000,0.0,0.0
2009-07-20 00:00:00-04:00,10.51549529712795,10.65080811728584,10.388820181103142,10.603304862976074,4024500,0.0,0.0
2009-07-21 00:00:00-04:00,10.81922964538912,10.81922964538912,10.463675229589327,10.637853622436523,3580000,0.0,0.0
2009-07-22 00:00:00-04:00,10.49534259980794,10.718464301860314,10.49534259980794,10.613381385803223,4004000,0.0,0.0
2009-07-23 00:00:00-04:00,10.565877719877381,11.09561113166607,10.53852727889876,11.053865432739258,9347500,0.0,0.0
2009-07-24 00:00:00-04:00,10.947344199677977,11.259714189013117,10.947344199677977,11.23812198638916,4369500,0.0,0.0
2009-07-27 00:00:00-04:00,11.266908277672401,11.495787475483608,11.170462404099526,11.344640731811523,6226000,0.0,0.0
2009-07-28 00:00:00-04:00,11.547604376534267,11.610941547364787,11.059616302489616,11.422368049621582,14511500,0.0,0.0
2009-07-29 00:00:00-04:00,11.389270135555991,11.389270135555991,11.108568722360335,11.213651657104492,5270000,0.0,0.0
2009-07-30 00:00:00-04:00,11.44972565001814,11.549050317596551,11.350400982439728,11.38206958770752,3116500,0.0,0.0
2009-07-31 00:00:00-04:00,11.36622868988157,11.500101352409068,11.278419864663055,11.363349914550781,3219500,0.0,0.0
2009-08-03 00:00:00-04:00,11.515943201471336,11.776491064965928,11.485713982356984,11.73906421661377,3718500,0.0,0.0
2009-08-04 00:00:00-04:00,11.590793360066355,11.734743155266791,11.419493817637472,11.517379760742188,3027500,0.0,0.0
2009-08-05 00:00:00-04:00,11.64549651064684,12.077344608113025,11.451164660865967,11.91036319732666,9848000,0.0,0.0
2009-08-06 00:00:00-04:00,11.980896464572997,12.026959633261894,11.849903213208192,11.967941284179688,4120500,0.0,0.0
2009-08-07 00:00:00-04:00,12.17666732580508,12.17666732580508,11.799520145360237,11.999610900878906,3228500,0.0,0.0
2009-08-10 00:00:00-04:00,11.942028988670906,12.01688266387354,11.733303291960452,11.808156967163086,4448000,0.0,0.0
2009-08-11 00:00:00-04:00,11.776491064965928,11.903166868498024,11.625344969394172,11.73906421661377,3842500,0.0,0.0
2009-08-12 00:00:00-04:00,11.682851626962009,11.97254514882446,11.682851626962009,11.880304336547852,1768500,0.02,0.0
2009-08-13 00:00:00-04:00,12.028754801399309,12.10658269358813,11.900483032281858,11.984075546264648,3805500,0.0,0.0
2009-08-14 00:00:00-04:00,12.015786009067105,12.025874786378893,11.796715219655013,11.94372272491455,2805500,0.0,0.0
2009-08-17 00:00:00-04:00,11.606467103818426,11.654028671490922,11.313890545799795,11.446486473083496,3161500,0.0,0.0
2009-08-18 00:00:00-04:00,11.528638035348603,11.81544858478233,11.482517625119964,11.743385314941406,3020500,0.0,0.0
2009-08-19 00:00:00-04:00,11.55890766768299,11.953811836867935,11.55890766768299,11.832746505737305,2259500,0.0,0.0
2009-08-20 00:00:00-04:00,11.789507056964965,11.939398226591225,11.727532559043986,11.799595832824707,2247500,0.0,0.0
2009-08-21 00:00:00-04:00,12.004254773284039,12.004254773284039,11.741945232168838,11.788064956665039,3494000,0.0,0.0
2009-08-24 00:00:00-04:00,11.949486215003638,12.118113082474695,11.860127706424386,11.979752540588379,5163500,0.0,0.0
2009-08-25 00:00:00-04:00,12.1065880994476,12.175769089836312,11.786629455132747,11.845720291137695,2417000,0.0,0.0
2009-08-26 00:00:00-04:00,11.793832498118151,11.972549567389933,11.752036916976083,11.920663833618164,3363500,0.0,0.0
2009-08-27 00:00:00-04:00,11.919218182668061,11.945160351028086,11.790945059851962,11.84427261352539,2495000,0.0,0.0
2009-08-28 00:00:00-04:00,11.829862933405671,11.874542193559058,11.615114940793692,11.835627555847168,3012000,0.0,0.0
2009-08-31 00:00:00-04:00,11.646823809980091,11.811126555333905,11.643941498586909,11.769330978393555,2900000,0.0,0.0
2009-09-01 00:00:00-04:00,11.659793459750745,11.99128259544068,11.53007984161377,11.53007984161377,3399500,0.0,0.0
2009-09-02 00:00:00-04:00,11.473872068707534,11.806803775490527,11.40613294024294,11.769330978393555,3644500,0.0,0.0
2009-09-03 00:00:00-04:00,11.80392077241351,12.046052811853608,11.799597992320079,12.012904167175293,4767500,0.0,0.0
2009-09-04 00:00:00-04:00,12.001374048358695,12.531757883364724,11.971107713974508,12.384750366210938,4456000,0.0,0.0
2009-09-08 00:00:00-04:00,12.464014733609112,12.631201127662823,12.41501270183858,12.528871536254883,5106500,0.0,0.0
2009-09-09 00:00:00-04:00,12.554816252709674,12.791182250331506,12.50725468463396,12.69461727142334,5319000,0.0,0.0
2009-09-10 00:00:00-04:00,12.606699603886,12.713353350185677,12.322772060624473,12.600934982299805,10530000,0.0,0.0
2009-09-11 00:00:00-04:00,12.619671757762774,12.75515137244472,12.538961550755117,12.602377891540527,2140000,0.0,0.0
2009-09-14 00:00:00-04:00,12.410692808541754,12.639853773150625,12.400604030200128,12.574996948242188,3933500,0.0,0.0
2009-09-15 00:00:00-04:00,12.518783610936936,12.752267291611092,12.518783610936936,12.665792465209961,10089500,0.0,0.0
2009-09-16 00:00:00-04:00,12.685975032025079,12.9526088302489,12.559143678732832,12.856043815612793,6608000,0.0,0.0
2009-09-17 00:00:00-04:00,12.773886528397778,13.194734160423346,12.76091544204635,12.979986190795898,3627000,0.0,0.0
2009-09-18 00:00:00-04:00,13.249506803530268,13.249506803530268,12.961254994572789,12.998727798461914,3722000,0.0,0.0
2009-09-21 00:00:00-04:00,12.92233665137555,12.92233665137555,12.652822008696925,12.830097198486328,3148000,0.0,0.0
2009-09-22 00:00:00-04:00,12.969895571748026,12.969895571748026,12.743618390635781,12.811357498168945,7936500,0.0,0.0
2009-09-23 00:00:00-04:00,12.88486542951123,12.889189583921695,12.613908910997583,12.623997688293457,3762000,0.0,0.0
2009-09-24 00:00:00-04:00,12.696059589261754,12.74073884798849,12.360246289144891,12.485635757446289,3105000,0.0,0.0
2009-09-25 00:00:00-04:00,12.386191039289237,12.484196510507385,12.135412050541307,12.148383140563965,4343000,0.0,0.0
2009-09-28 00:00:00-04:00,12.08352442632532,12.403484344482422,12.080642115048018,12.403484344482422,1914500,0.0,0.0
2009-09-29 00:00:00-04:00,12.46834061038743,12.538962044298849,12.30547834719689,12.37177562713623,2054500,0.0,0.0
2009-09-30 00:00:00-04:00,12.409249059837835,12.642734143451003,12.378982729460713,12.427986145019531,6569500,0.0,0.0
2009-10-01 00:00:00-04:00,12.455370231109189,12.476988253213298,12.082084113290259,12.13541030883789,2403000,0.0,0.0
2009-10-02 00:00:00-04:00,11.946606245038982,12.144059031327227,11.831305528526673,11.955254554748535,3879000,0.0,0.0
2009-10-05 00:00:00-04:00,12.011461828840659,12.13829315369692,11.968224408239161,12.13685131072998,2353000,0.0,0.0
2009-10-06 00:00:00-04:00,12.299712024799982,12.595170181522946,12.193058280017661,12.528871536254883,4958500,0.0,0.0
2009-10-07 00:00:00-04:00,12.562023539697648,12.723445355526634,12.50869734025523,12.60670280456543,3524000,0.0,0.0
2009-10-08 00:00:00-04:00,12.668678715342693,12.907928466796875,12.628323600541846,12.907928466796875,2845500,0.0,0.0
2009-10-09 00:00:00-04:00,12.853160231134453,12.90504596704849,12.665796219077917,12.796950340270996,2460500,0.0,0.0
2009-10-12 00:00:00-04:00,12.838743391202254,12.894951890470224,12.678763451680622,12.749384880065918,1343500,0.0,0.0
2009-10-13 00:00:00-04:00,12.691737654713672,12.87333703250543,12.635529141642955,12.822893142700195,2759500,0.0,0.0
2009-10-14 00:00:00-04:00,12.946842011180436,13.09673322616592,12.831541288036684,13.04484748840332,2650500,0.0,0.0
2009-10-15 00:00:00-04:00,13.026112038634336,13.155825698431762,12.864690198255097,13.150059700012207,3422000,0.0,0.0
2009-10-16 00:00:00-04:00,12.99295991898874,13.173117426256784,12.99295991898874,13.062139511108398,4668000,0.0,0.0
2009-10-19 00:00:00-04:00,13.067907158662628,13.71070799424504,13.067907158662628,13.684765815734863,9797500,0.0,0.0
2009-10-20 00:00:00-04:00,13.547846165550053,13.674677499812116,13.27400731544226,13.374895095825195,5467000,0.0,0.0
2009-10-21 00:00:00-04:00,13.282652569404867,13.596847866395398,13.227885905908705,13.347509384155273,3840500,0.0,0.0
2009-10-22 00:00:00-04:00,13.222117857464658,13.612699153768238,13.13708350238408,13.521900177001953,3529500,0.0,0.0
2009-10-23 00:00:00-04:00,13.227891121588469,13.330219397949516,12.83154361133708,12.896400451660156,5429000,0.0,0.0
2009-10-26 00:00:00-04:00,12.91513035823446,13.057815052657254,12.30980110168457,12.30980110168457,8047000,0.0,0.0
2009-10-27 00:00:00-04:00,12.106585361444598,12.569230037428595,12.106585361444598,12.41357421875,5582500,0.0,0.0
2009-10-28 00:00:00-04:00,12.376100725576796,12.438075230766255,11.982637046408039,11.999932289123535,3499500,0.0,0.0
2009-10-29 00:00:00-04:00,12.157027647763245,12.49716369166442,12.033078660775615,12.394835472106934,5183000,0.0,0.0
2009-10-30 00:00:00-04:00,12.327094648401824,12.40203884298127,11.950924960583247,11.998486518859863,5611500,0.0,0.0
2009-11-02 00:00:00-05:00,11.851483665783432,12.2031518305189,11.801039771649725,12.119559288024902,15782500,0.0,0.0
2009-11-03 00:00:00-05:00,12.043165254517602,12.322769971431772,11.878861196734418,12.312681198120117,7923500,0.0,0.0
2009-11-04 00:00:00-05:00,12.312686369493868,12.618233381971088,12.257918327230026,12.45104694366455,11791500,0.0,0.0
2009-11-05 00:00:00-05:00,11.656912164431168,11.72753360172826,11.352805644345889,11.515667915344238,30882500,0.0,0.0
2009-11-06 00:00:00-05:00,11.46810572016816,11.863011209621892,11.371541424777023,11.393160820007324,10939000,0.0,0.0
2009-11-09 00:00:00-05:00,11.587728613363202,11.665556498785456,11.509900727940948,11.589170455932617,6682000,0.0,0.0
2009-11-10 00:00:00-05:00,11.615115240564425,11.615115240564425,11.090496786298841,11.311009407043457,14382000,0.0,0.0
2009-11-11 00:00:00-05:00,11.430636457549008,11.662679055331033,11.125088722392155,11.489727973937988,10253000,0.0,0.0
2009-11-12 00:00:00-05:00,11.472408241905242,12.09725847649176,11.193895914140258,11.678768157958984,15466500,0.02,0.0
2009-11-13 00:00:00-05:00,11.595068187184344,11.890897451512814,11.356961672573163,11.596511840820312,12676000,0.0,0.0
2009-11-16 00:00:00-05:00,11.62681535998306,11.85482041169479,11.571978545192021,11.73071575164795,7541500,0.0,0.0
2009-11-17 00:00:00-05:00,11.768238220586637,12.258882355682434,11.59651359903458,12.105916976928711,9615500,0.0,0.0
2009-11-18 00:00:00-05:00,12.150651243443717,12.501317347506848,12.13333427986612,12.452252388000488,8317500,0.0,0.0
2009-11-19 00:00:00-05:00,12.064066171312232,12.191056776132033,11.810086337891592,11.958722114562988,13492500,0.0,0.0
2009-11-20 00:00:00-05:00,11.883685503738668,12.147768229553344,11.544564419358956,11.938522338867188,21092500,0.0,0.0
2009-11-23 00:00:00-05:00,12.136219792150825,12.175183302910153,11.905328787378515,11.983254432678223,5665500,0.0,0.0
2009-11-24 00:00:00-05:00,11.941408157348633,12.048195894671734,11.81441889678092,11.941408157348633,3904000,0.0,0.0
2009-11-25 00:00:00-05:00,11.97748165244103,12.333919579334532,11.928416698388848,12.260323524475098,5356000,0.0,0.0
2009-11-27 00:00:00-05:00,11.937076390528702,12.260324061847232,11.797098413829222,12.113130569458008,2891000,0.0,0.0
2009-11-30 00:00:00-05:00,12.120350539539556,12.381545972894232,12.04964038649958,12.3180513381958,5789500,0.0,0.0
2009-12-01 00:00:00-05:00,12.585015741931034,12.585015741931034,12.371441677764361,12.395974159240723,5219500,0.0,0.0
2009-12-02 00:00:00-05:00,12.338249396050543,13.100190218232068,12.338249396050543,13.026594161987305,14889500,0.0,0.0
2009-12-03 00:00:00-05:00,13.058341147296607,13.071328525092346,12.821678287275217,12.955883026123047,5954500,0.0,0.0
2009-12-04 00:00:00-05:00,13.147811859144467,13.205534608490689,12.626863461401767,12.778385162353516,4478000,0.0,0.0
2009-12-07 00:00:00-05:00,12.437824450394869,13.11751020390615,12.437824450394869,12.924139022827148,9205000,0.0,0.0
2009-12-08 00:00:00-05:00,12.885171703428103,12.98762981509617,12.358451491219487,12.374324798583984,10692500,0.0,0.0
2009-12-09 00:00:00-05:00,12.481112968790617,12.625419146488342,12.328147622224108,12.499872207641602,6227500,0.0,0.0
2009-12-10 00:00:00-05:00,12.587899819362242,12.79281605906057,12.471012044492616,12.743752479553223,6164000,0.0,0.0
2009-12-11 00:00:00-05:00,12.815904668839385,12.986186981201172,12.758181921066859,12.986186981201172,5065000,0.0,0.0
2009-12-14 00:00:00-05:00,13.035257559145075,13.198324426350338,12.821683437878816,12.951560020446777,5062000,0.0,0.0
2009-12-15 00:00:00-05:00,12.890940848510636,13.144921970134664,12.665823157197204,12.740862846374512,6813000,0.0,0.0
2009-12-16 00:00:00-05:00,12.889507443296207,13.419113839200804,12.866418609861725,13.361391067504883,12249000,0.0,0.0
2009-12-17 00:00:00-05:00,13.156468312957182,13.261812354195792,12.740865385702898,12.742307662963867,8233500,0.0,0.0
2009-12-18 00:00:00-05:00,12.801474206945414,12.931350725299787,12.424832028473984,12.473896980285645,7432000,0.0,0.0
2009-12-21 00:00:00-05:00,12.671600368817789,12.857756017183652,12.289186247912554,12.342580795288086,5708000,0.0,0.0
2009-12-22 00:00:00-05:00,12.309388311180236,12.517190495200328,12.180955427844317,12.476784706115723,7683000,0.0,0.0
2009-12-23 00:00:00-05:00,12.648511829710374,12.950112997632742,12.50131831600693,12.807249069213867,6701500,0.0,0.0
2009-12-24 00:00:00-05:00,12.841881366391265,13.009277755181847,12.841881366391265,12.872185707092285,1760500,0.0,0.0
2009-12-28 00:00:00-05:00,12.98474524917575,13.465287867079134,12.942895808011913,13.407565116882324,5439500,0.0,0.0
2009-12-29 00:00:00-05:00,13.396024105063168,13.489823086680028,13.319540715193352,13.465291976928711,7057000,0.0,0.0
2009-12-30 00:00:00-05:00,13.357056305902823,13.452298911109798,13.234395291547242,13.306549072265625,2704500,0.0,0.0
2009-12-31 00:00:00-05:00,13.367154434948876,13.367154434948876,13.09730137131831,13.100187301635742,5528000,0.0,0.0
2010-01-04 00:00:00-05:00,13.332524044146066,13.348397351560033,13.064113214296666,13.253154754638672,6172000,0.0,0.0
2010-01-05 00:00:00-05:00,13.306554163388542,13.613928643692942,13.299338644934137,13.468178749084473,6662500,0.0,0.0
2010-01-06 00:00:00-05:00,13.530231336207581,14.041077114977687,13.492711465340223,14.029533386230469,6479000,0.0,0.0
2010-01-07 00:00:00-05:00,13.997779023066347,13.997779023066347,13.716380807459414,13.888105392456055,7292000,0.0,0.0
2010-01-08 00:00:00-05:00,13.852034771183275,14.188269937516532,13.852034771183275,14.186827659606934,6128500,0.0,0.0
2010-01-11 00:00:00-05:00,14.40906035966698,14.847753706770725,14.090142144195848,14.170953750610352,10515500,0.0,0.0
2010-01-12 00:00:00-05:00,13.980462772925597,14.007881181973238,13.514351195334605,13.664430618286133,8983000,0.0,0.0
2010-01-13 00:00:00-05:00,13.781323107576299,13.802968283600704,13.465290876403092,13.697624206542969,5108000,0.0,0.0
2010-01-14 00:00:00-05:00,13.72360161891446,13.794311769436536,13.439315986502134,13.447975158691406,6146500,0.0,0.0
2010-01-15 00:00:00-05:00,14.319581910746756,14.342670729962537,13.72792214494885,13.769771575927734,27350500,0.0,0.0
2010-01-19 00:00:00-05:00,13.870791851340208,14.582224149165853,13.735142070415316,14.517287254333496,9930000,0.0,0.0
2010-01-20 00:00:00-05:00,14.323917168281644,14.375868069250785,14.069937279464623,14.284955024719238,6307500,0.0,0.0
2010-01-21 00:00:00-05:00,14.30515520325129,14.622631036066155,14.074264188920116,14.175278663635254,6387500,0.0,0.0
2010-01-22 00:00:00-05:00,14.09013701900008,14.250317895575192,13.860688289997151,13.872233390808105,4556000,0.0,0.0
2010-01-25 00:00:00-05:00,14.03530233976878,14.20991427494179,13.85780447300749,13.873679161071777,3174500,0.0,0.0
2010-01-26 00:00:00-05:00,13.766892061620268,14.205585336047703,13.644231018110611,13.8751220703125,3740500,0.0,0.0
2010-01-27 00:00:00-05:00,13.90974924071438,14.004991822253373,13.723593661220498,13.911192893981934,2439000,0.0,0.0
2010-01-28 00:00:00-05:00,13.794311841707211,13.882338960849669,13.550433384534852,13.752462387084961,3523500,0.0,0.0
2010-01-29 00:00:00-05:00,13.92851155632802,13.997778021056057,13.40034770965576,13.400347709655762,4284500,0.0,0.0
2010-02-01 00:00:00-05:00,13.557645253147578,13.840485780581412,13.432096923076509,13.74957275390625,4984000,0.0,0.0
2010-02-02 00:00:00-05:00,13.766886451965632,13.942940601099119,13.635567666806107,13.893877029418945,2795000,0.0,0.0
2010-02-03 00:00:00-05:00,14.127653671528488,14.168059450872416,13.95304180260482,14.013651847839355,2123500,0.0,0.0
2010-02-04 00:00:00-05:00,13.911193502520373,13.911193502520373,13.421991822673192,13.50280475616455,4462500,0.0,0.0
2010-02-05 00:00:00-05:00,13.44941370781691,13.67309057776883,13.244498831146567,13.596607208251953,4237000,0.0,0.0
2010-02-08 00:00:00-05:00,13.811626322642748,13.811626322642748,13.319538534580671,13.322425842285156,2869000,0.0,0.0
2010-02-09 00:00:00-05:00,13.50281416336377,13.914089126691216,13.497040922237435,13.824618339538574,4521500,0.0,0.0
2010-02-10 00:00:00-05:00,13.872236368751743,14.129103563130611,13.830386917574565,14.039632797241211,3541500,0.0,0.0
2010-02-11 00:00:00-05:00,14.127656333202228,14.54470433298064,14.045401105661364,14.448018074035645,5061000,0.0,0.0
2010-02-12 00:00:00-05:00,14.248874095424684,14.55480618969017,14.106010183425054,14.50285530090332,7234500,0.0,0.0
2010-02-16 00:00:00-05:00,15.015143546087726,15.437963391743272,14.709212848377726,14.945877075195312,11940500,0.0,0.0
2010-02-17 00:00:00-05:00,15.080082845240499,15.507232304755645,14.989169821822127,15.101729393005371,11225000,0.0,0.0
2010-02-18 00:00:00-05:00,15.068507418246622,15.07717349284368,14.570171624230262,14.73483943939209,11651500,0.02,0.0
2010-02-19 00:00:00-05:00,14.734841090830002,15.129175768665727,14.734841090830002,15.042508125305176,7530500,0.0,0.0
2010-02-22 00:00:00-05:00,15.251953031520262,15.251953031520262,14.890840402258977,14.971729278564453,5328000,0.0,0.0
2010-02-23 00:00:00-05:00,14.893730900819756,15.042508870293597,14.71461959905131,14.723285675048828,4889500,0.0,0.0
2010-02-24 00:00:00-05:00,14.768062202630206,14.921173881844178,14.528282885401076,14.55861759185791,7880000,0.0,0.0
2010-02-25 00:00:00-05:00,14.38095172635369,15.368956032915884,14.300061461798808,15.223065376281738,10770000,0.0,0.0
2010-02-26 00:00:00-05:00,15.267837429342412,15.376172291092402,15.038170663212211,15.345837593078613,3649500,0.0,0.0
2010-03-01 00:00:00-05:00,15.431061859649349,15.537951698879786,15.25195060807052,15.533617973327637,3645000,0.0,0.0
2010-03-02 00:00:00-05:00,14.70883511142449,15.42383913798918,14.636613706954108,15.371838569641113,33642000,0.0,0.0
2010-03-03 00:00:00-05:00,15.195620211450326,15.888955803475936,15.101730155737252,15.423843383789062,16783000,0.0,0.0
2010-03-04 00:00:00-05:00,15.527847347431935,15.659291807736723,15.384846739804814,15.633292198181152,7001500,0.0,0.0
2010-03-05 00:00:00-05:00,15.556734228340494,15.556734228340494,14.898064255247457,15.129176139831543,16390000,0.0,0.0
2010-03-08 00:00:00-05:00,15.069953060668343,15.260620502276536,14.828730066745171,14.874953269958496,8785500,0.0,0.0
2010-03-09 00:00:00-05:00,14.805621826376873,14.87351091995915,14.447397791338615,14.53550910949707,12228000,0.0,0.0
2010-03-10 00:00:00-05:00,14.300054560404318,15.134946766091854,14.155610385799807,14.957279205322266,19365000,0.0,0.0
2010-03-11 00:00:00-05:00,14.807062987798775,14.811395336549078,14.474838649116077,14.53261661529541,13735500,0.0,0.0
2010-03-12 00:00:00-05:00,14.022724464999516,14.177279784081524,13.702056306339426,13.972168922424316,68882000,0.0,0.0
2010-03-15 00:00:00-04:00,13.765612377773829,14.048724808723,13.70927944950258,13.921612739562988,17520000,0.0,0.0
2010-03-16 00:00:00-04:00,14.053065036550882,14.071842228816998,13.736730440585362,13.81184196472168,19119000,0.0,0.0
2010-03-17 00:00:00-04:00,13.852278467659165,13.946167130164296,13.551832543586523,13.650054931640625,14038500,0.0,0.0
2010-03-18 00:00:00-04:00,13.590833597713747,13.65005521211425,13.0867204704381,13.450721740722656,21590500,0.0,0.0
2010-03-19 00:00:00-04:00,13.202275276184082,13.53449815976621,13.118496349386204,13.202275276184082,13077000,0.0,0.0
2010-03-22 00:00:00-04:00,13.040501325493505,13.444947153840811,13.040501325493505,13.368391990661621,15089000,0.0,0.0
2010-03-23 00:00:00-04:00,13.368390500870731,13.51861349588009,13.089611765817557,13.245612144470215,11861000,0.0,0.0
2010-03-24 00:00:00-04:00,13.200831239455368,13.512831932049655,13.095386433390155,13.348165512084961,8616000,0.0,0.0
2010-03-25 00:00:00-04:00,13.356833997625746,13.534501626476336,13.000055082820198,13.004388809204102,9700000,0.0,0.0
2010-03-26 00:00:00-04:00,13.173390215840971,13.501280866298726,13.086723945279651,13.457947731018066,12353000,0.0,0.0
2010-03-29 00:00:00-04:00,13.609608636568426,13.671720309970723,13.381385533573779,13.423274993896484,9049000,0.0,0.0
2010-03-30 00:00:00-04:00,13.472388670276137,13.472388670276137,13.238388130501656,13.349610328674316,4129500,0.0,0.0
2010-03-31 00:00:00-04:00,13.316390025019349,13.33950093731811,13.118500169486252,13.170500755310059,7132500,0.0,0.0
2010-04-01 00:00:00-04:00,13.267276647713874,13.358276620131347,13.101163815835188,13.348165512084961,8243500,0.0,0.0
2010-04-05 00:00:00-04:00,13.247055013917302,13.433390089456044,13.176277247121407,13.281722068786621,4490500,0.0,0.0
2010-04-06 00:00:00-04:00,13.221057221497238,13.361169117213105,13.176279050955515,13.351058006286621,5188000,0.0,0.0
2010-04-07 00:00:00-04:00,13.262945537687326,13.36694532988342,13.115611236002055,13.177722930908203,6481000,0.0,0.0
2010-04-08 00:00:00-04:00,13.251386676851853,13.343831682930757,13.122830964468989,13.216719627380371,6700000,0.0,0.0
2010-04-09 00:00:00-04:00,13.309166764111012,13.433390148348103,13.238388997004826,13.4189453125,14834000,0.0,0.0
2010-04-12 00:00:00-04:00,13.288946874480262,13.404502826451216,13.257169883086394,13.293280601501465,7485000,0.0,0.0
2010-04-13 00:00:00-04:00,13.056386773459352,13.056386773459352,12.654829730986132,12.842608451843262,18939000,0.0,0.0
2010-04-14 00:00:00-04:00,12.774714681154572,12.883048147841645,12.588381063351417,12.831048965454102,10338500,0.0,0.0
2010-04-15 00:00:00-04:00,12.815164322745558,13.154611068197886,12.803609556411983,13.000054359436035,20557500,0.0,0.0
2010-04-16 00:00:00-04:00,13.057832323709892,13.281721763079176,12.913386724257583,13.000054359436035,63407000,0.0,0.0
2010-04-19 00:00:00-04:00,12.959609345251524,12.966831762656138,12.39194083709441,12.550829887390137,22481500,0.0,0.0
2010-04-20 00:00:00-04:00,12.607160568237305,12.744383719403864,12.469938794605767,12.607160568237305,16118000,0.0,0.0
2010-04-21 00:00:00-04:00,12.63894220933826,12.786276505864464,12.443941056071408,12.659164428710938,13418000,0.0,0.0
2010-04-22 00:00:00-04:00,12.598495644005633,12.705384106208658,12.419383014040864,12.663496017456055,11431500,0.0,0.0
2010-04-23 00:00:00-04:00,12.682275406136727,12.686609132463657,12.241718926401424,12.292274475097656,15249500,0.0,0.0
2010-04-26 00:00:00-04:00,12.485832343709738,12.490166070643712,12.241720641153247,12.261942863464355,12975500,0.0,0.0
2010-04-27 00:00:00-04:00,12.234494888902502,12.250383379950923,11.61338079562691,11.705825805664062,23263000,0.0,0.0
2010-04-28 00:00:00-04:00,11.825716293520044,12.133383293255449,11.744826043005315,12.116049766540527,12074000,0.0,0.0
2010-04-29 00:00:00-04:00,12.131943235350018,12.290832336915363,12.027942044207249,12.260499000549316,16273500,0.0,0.0
2010-04-30 00:00:00-04:00,12.706831377998283,12.706831377998283,11.986051138256848,12.08571720123291,17874000,0.0,0.0
2010-05-03 00:00:00-04:00,12.303831514430518,12.303831514430518,11.531050550118032,11.609050750732422,18085000,0.0,0.0
2010-05-04 00:00:00-04:00,11.470382523187409,11.520938075238977,11.02838097949601,11.262381553649902,20677000,0.0,0.0
2010-05-05 00:00:00-04:00,11.122268445682247,11.535381647567176,11.054379372151036,11.304269790649414,13316500,0.0,0.0
2010-05-06 00:00:00-04:00,11.273936874222018,11.403937650809121,9.96526509906492,10.712045669555664,17491500,0.0,0.0
2010-05-07 00:00:00-04:00,10.855045217915874,11.050046364286704,10.479488449421646,10.587821960449219,18959500,0.0,0.0
2010-05-10 00:00:00-04:00,11.0847119197682,11.102045445570402,10.76837748456465,10.995156288146973,14539000,0.0,0.0
2010-05-11 00:00:00-04:00,10.843495037303946,10.875272726542054,10.363937561898313,10.381270408630371,18065500,0.0,0.0
2010-05-12 00:00:00-04:00,10.58232701760111,10.831118642012388,10.549058698974362,10.763134956359863,12562000,0.02,0.0
2010-05-13 00:00:00-04:00,10.708167970311454,10.818099493568852,10.423214652619352,10.449251174926758,7088000,0.0,0.0
2010-05-14 00:00:00-04:00,10.355228031853327,10.52157162797326,10.172973806951175,10.479623794555664,10662500,0.0,0.0
2010-05-17 00:00:00-04:00,10.696595564824113,10.732757283541783,9.999400469624366,10.290139198303223,9965500,0.0,0.0
2010-05-18 00:00:00-04:00,10.401519879950275,10.72408133927071,10.280016775729631,10.323410987854004,15000500,0.0,0.0
2010-05-19 00:00:00-04:00,10.361017035795435,10.455037235452899,10.054366962898763,10.177315711975098,12118000,0.0,0.0
2010-05-20 00:00:00-04:00,9.947327731827393,9.947327731827393,9.595837111883528,9.62476634979248,14942500,0.0,0.0
2010-05-21 00:00:00-04:00,9.394776644940562,9.924182335655333,9.228433737640966,9.857645034790039,16931000,0.0,0.0
2010-05-24 00:00:00-04:00,10.067381628892111,10.083292946690298,9.691300951678548,9.757838249206543,13305000,0.0,0.0
2010-05-25 00:00:00-04:00,9.480121444037396,9.715895144273716,9.357171993842782,9.697091102600098,15076500,0.0,0.0
2010-05-26 00:00:00-04:00,9.838842781088974,9.838842781088974,9.533639094666041,9.608855247497559,13179000,0.0,0.0
2010-05-27 00:00:00-04:00,9.81135517808059,10.164291969241361,9.71299595931143,10.162845611572266,11584500,0.0,0.0
2010-05-28 00:00:00-04:00,10.158510675203864,10.361016019084142,9.818592321021953,9.92129135131836,10073500,0.0,0.0
2010-06-01 00:00:00-04:00,9.89670224625506,10.031223243927629,9.522068492632235,9.537979125976562,9717000,0.0,0.0
2010-06-02 00:00:00-04:00,9.575584185807692,9.788214683532715,9.31088134948766,9.788214683532715,10807500,0.0,0.0
2010-06-03 00:00:00-04:00,9.906827580735124,9.906827580735124,9.257365699135317,9.449745178222656,14904000,0.0,0.0
2010-06-04 00:00:00-04:00,9.286292795714983,9.402009728166817,8.762673193561302,8.813299179077148,15756000,0.0,0.0
2010-06-07 00:00:00-04:00,8.846567679221602,8.957944841095705,8.545703119977246,8.552935600280762,13105500,0.0,0.0
2010-06-08 00:00:00-04:00,8.57463393885676,8.678779329434711,8.325842364067046,8.470488548278809,12185000,0.0,0.0
2010-06-09 00:00:00-04:00,8.593438338941441,8.785817806525655,8.466149829423696,8.529793739318848,12277000,0.0,0.0
2010-06-10 00:00:00-04:00,8.87260363062286,9.351383349653197,8.648402255851465,9.297863960266113,19574000,0.0,0.0
2010-06-11 00:00:00-04:00,9.293525326953004,9.452635765075684,9.240005935025755,9.452635765075684,13426500,0.0,0.0
2010-06-14 00:00:00-04:00,9.474334247772317,9.545210635663324,8.976750415262408,8.979643821716309,15257000,0.0,0.0
2010-06-15 00:00:00-04:00,9.046182443084854,9.377422006915664,8.997002113255846,9.365850448608398,11194000,0.0,0.0
2010-06-16 00:00:00-04:00,9.319562169352304,9.487352154435015,9.24434601671022,9.43238639831543,11262500,0.0,0.0
2010-06-17 00:00:00-04:00,9.496030333228104,9.511941653556935,9.176361706754324,9.409242630004883,10807000,0.0,0.0
2010-06-18 00:00:00-04:00,9.387544227042769,9.400562829517902,9.154664017331179,9.293524742126465,10962500,0.0,0.0
2010-06-21 00:00:00-04:00,9.462763213189866,9.572694739603165,9.161899253556742,9.255919456481934,7964500,0.0,0.0
2010-06-22 00:00:00-04:00,9.28340228576253,9.56112312759994,9.28340228576253,9.32390308380127,10059500,0.0,0.0
2010-06-23 00:00:00-04:00,9.35572186605128,9.587155707425243,9.283399135485542,9.54376220703125,10931500,0.0,0.0
2010-06-24 00:00:00-04:00,9.498925319641538,9.581373967783076,9.260258906313423,9.362957954406738,9908000,0.0,0.0
2010-06-25 00:00:00-04:00,9.40634607804216,9.81858839264771,9.299308015502412,9.778087615966797,15617500,0.0,0.0
2010-06-28 00:00:00-04:00,9.723123189034977,9.765070329131998,9.297862907540672,9.341257095336914,12591000,0.0,0.0
2010-06-29 00:00:00-04:00,9.148881273174036,9.212525881753827,8.889964452640108,8.962287902832031,9864000,0.0,0.0
2010-06-30 00:00:00-04:00,9.121398284300856,9.526407638833657,9.114165801966614,9.177809715270996,15676000,0.0,0.0
2010-07-01 00:00:00-04:00,9.276173179916933,9.542322560584337,9.121401724125791,9.472891807556152,11812000,0.0,0.0
2010-07-02 00:00:00-04:00,9.494585195851203,10.019651247218627,9.39477887598788,9.89670181274414,17140000,0.0,0.0
2010-07-06 00:00:00-04:00,10.057258519560845,10.291585122693016,9.620426576040456,9.740483283996582,14982500,0.0,0.0
2010-07-07 00:00:00-04:00,9.825827846518903,10.131031625518665,9.773754791196916,10.11656665802002,11844000,0.0,0.0
2010-07-08 00:00:00-04:00,10.167191105532195,10.834010693000824,10.161405671202102,10.6343994140625,18308500,0.0,0.0
2010-07-09 00:00:00-04:00,10.628612677497788,10.841242550880372,10.553396517721099,10.738543510437012,11508500,0.0,0.0
2010-07-12 00:00:00-04:00,10.721182098287727,10.728413887801862,10.365351844559372,10.624268531799316,12597500,0.0,0.0
2010-07-13 00:00:00-04:00,10.776149927754723,11.101604680317857,10.61414607547485,10.956957817077637,15630000,0.0,0.0
2010-07-14 00:00:00-04:00,10.974315946172398,11.13053437175855,10.787722616088585,10.893314361572266,12445000,0.0,0.0
2010-07-15 00:00:00-04:00,10.891865849346914,11.31134003165896,10.816649712962436,11.27662467956543,15018000,0.0,0.0
2010-07-16 00:00:00-04:00,11.189840327268758,11.392344998862974,11.004692647172078,11.13198184967041,11648500,0.0,0.0
2010-07-19 00:00:00-04:00,11.182607134974239,11.182607134974239,10.706720738626633,10.884635925292969,10881500,0.0,0.0
2010-07-20 00:00:00-04:00,10.779042734372403,11.360520802354351,10.705272948580243,11.341716766357422,11833000,0.0,0.0
2010-07-21 00:00:00-04:00,11.466111394661969,11.565916997480004,10.920795094836725,11.092924118041992,13987000,0.0,0.0
2010-07-22 00:00:00-04:00,11.223106533656233,11.48202396546715,11.211534978255353,11.414039611816406,12871500,0.0,0.0
2010-07-23 00:00:00-04:00,11.43139707171089,11.816155937109789,11.41693280016755,11.590507507324219,13796000,0.0,0.0
2010-07-26 00:00:00-04:00,11.550008719878031,11.65993954115644,11.160910046047858,11.267948150634766,10280500,0.0,0.0
2010-07-27 00:00:00-04:00,11.325804237427683,11.337375791483923,10.94683084156322,11.055315971374512,7307000,0.0,0.0
2010-07-28 00:00:00-04:00,10.94827961635413,11.486364240883576,10.92079742805179,11.23757266998291,9417000,0.0,0.0
2010-07-29 00:00:00-04:00,11.34027169998872,11.943446589069376,11.34027169998872,11.716352462768555,19555000,0.0,0.0
2010-07-30 00:00:00-04:00,11.467561239263539,11.87835670902508,11.44441812395055,11.743836402893066,12248000,0.0,0.0
2010-08-02 00:00:00-04:00,11.963695859608107,12.258775008619377,11.894265147027886,11.930427551269531,13137500,0.0,0.0
2010-08-03 00:00:00-04:00,11.84653112952946,11.88269353148942,11.610758890132532,11.727921485900879,8387500,0.0,0.0
2010-08-04 00:00:00-04:00,11.772763815583044,12.111236500018451,11.772763815583044,11.98973274230957,13303000,0.0,0.0
2010-08-05 00:00:00-04:00,12.062059892702338,12.621841441053503,12.062059892702338,12.41065788269043,33345000,0.0,0.0
2010-08-06 00:00:00-04:00,12.42801030542476,12.82434141653543,12.06494750174041,12.19512939453125,29730000,0.0,0.0
2010-08-09 00:00:00-04:00,12.198021659678698,12.198021659678698,11.882693515839737,12.085197448730469,12348000,0.0,0.0
2010-08-10 00:00:00-04:00,11.986841661087,11.986841661087,11.636798062079833,11.759747505187988,18009000,0.0,0.0
2010-08-11 00:00:00-04:00,11.570026126121219,11.97698375673944,11.426649940854787,11.86546802520752,16207500,0.02,0.0
2010-08-12 00:00:00-04:00,11.768434889270338,12.317319111423739,11.740918167602635,12.221735000610352,15767000,0.0,0.0
2010-08-13 00:00:00-04:00,12.363659943749692,12.431727319720675,11.945118023016484,12.259387016296387,11124500,0.0,0.0
2010-08-16 00:00:00-04:00,12.20869997693587,12.554829449987267,12.178286979012444,12.25069808959961,12476500,0.0,0.0
2010-08-17 00:00:00-04:00,13.095024586906385,13.381776889634844,12.761929063620215,12.821306228637695,25992500,0.0,0.0
2010-08-18 00:00:00-04:00,12.919790916667132,13.106615453403833,12.599729231106874,13.006686210632324,15812500,0.0,0.0
2010-08-19 00:00:00-04:00,13.026957362105984,13.129782851435426,12.850271932510447,12.867650985717773,13774500,0.0,0.0
2010-08-20 00:00:00-04:00,12.738759771062762,13.05882282397727,12.67359002984098,13.035651206970215,14532000,0.0,0.0
2010-08-23 00:00:00-04:00,13.093576527869837,13.21377968219915,12.858960013915956,12.866201400756836,13242500,0.0,0.0
2010-08-24 00:00:00-04:00,12.624349676036637,12.854621169115966,12.598281778431138,12.611315727233887,9713000,0.0,0.0
2010-08-25 00:00:00-04:00,12.492557911398096,12.630140147427726,12.363663131595768,12.56207275390625,8124000,0.0,0.0
2010-08-26 00:00:00-04:00,12.653314928562962,13.021168671523636,12.562074526841371,12.88937759399414,14076500,0.0,0.0
2010-08-27 00:00:00-04:00,12.990753883614154,13.538189313120368,12.889375826839684,13.491846084594727,14944500,0.0,0.0
2010-08-30 00:00:00-04:00,13.435366549190874,13.461434445232404,13.077649106843719,13.225370407104492,9131000,0.0,0.0
2010-08-31 00:00:00-04:00,13.271713440780012,13.406400790994962,13.128337252399778,13.396263122558594,12228000,0.0,0.0
2010-09-01 00:00:00-04:00,13.510673842828249,13.60336029900212,13.254334495910477,13.426674842834473,12588500,0.0,0.0
2010-09-02 00:00:00-04:00,13.380330855029044,13.66708318806373,13.380330855029044,13.497637748718262,9195500,0.0,0.0
2010-09-03 00:00:00-04:00,13.62943134858449,13.837978664446819,13.325299903833336,13.751083374023438,13187000,0.0,0.0
2010-09-07 00:00:00-04:00,13.72356363510451,13.990040625711462,13.614945581780113,13.777148246765137,8697500,0.0,0.0
2010-09-08 00:00:00-04:00,13.804667487617014,14.1565909838155,13.758324255205261,13.933562278747559,14705000,0.0,0.0
2010-09-09 00:00:00-04:00,14.139215953935853,14.139215953935853,13.455645484801561,13.622193336486816,13572500,0.0,0.0
2010-09-10 00:00:00-04:00,13.678670313121732,14.21886577892252,13.678670313121732,13.80177116394043,18358500,0.0,0.0
2010-09-13 00:00:00-04:00,14.00018445992674,14.265214118440431,13.929220762733381,14.204386711120605,10469000,0.0,0.0
2010-09-14 00:00:00-04:00,14.123275015457056,14.357890108174862,14.02334582773994,14.244928359985352,8744500,0.0,0.0
2010-09-15 00:00:00-04:00,14.194242808396243,14.271000413302282,13.949489980545694,14.09141731262207,8667500,0.0,0.0
2010-09-16 00:00:00-04:00,14.308656998551037,14.46941223962121,14.211624045587046,14.444791793823242,11639000,0.0,0.0
2010-09-17 00:00:00-04:00,14.511413405478976,14.511413405478976,14.134869429984434,14.462172508239746,11496000,0.0,0.0
2010-09-20 00:00:00-04:00,14.511410218847518,15.055949342765755,14.511410218847518,14.640303611755371,14888500,0.0,0.0
2010-09-21 00:00:00-04:00,14.567896673890509,14.604102246917973,14.16818101534321,14.268110275268555,10426500,0.0,0.0
2010-09-22 00:00:00-04:00,14.462168052231856,14.761954309864993,14.394100667767395,14.689541816711426,9635000,0.0,0.0
2010-09-23 00:00:00-04:00,14.746031801862225,14.76775459436704,14.233352905205503,14.291282653808594,12919500,0.0,0.0
2010-09-24 00:00:00-04:00,14.482442120779295,14.621473156317396,14.207276328191945,14.534579277038574,12613000,0.0,0.0
2010-09-27 00:00:00-04:00,14.6287182017516,14.887953836908313,14.604097756708825,14.727198600769043,7018000,0.0,0.0
2010-09-28 00:00:00-04:00,14.844509228790788,14.860439457553984,14.410035511717355,14.683753967285156,6670500,0.0,0.0
2010-09-29 00:00:00-04:00,14.554855332619367,14.564992998411984,14.312998802336447,14.388307571411133,9969000,0.0,0.0
2010-09-30 00:00:00-04:00,14.556307914332535,14.61134137122837,13.725016263893865,13.830738067626953,23389500,0.0,0.0
2010-10-01 00:00:00-04:00,13.869835678836067,14.055211331644632,13.548325255767704,13.707633018493652,22131500,0.0,0.0
2010-10-04 00:00:00-04:00,13.755424050819753,13.755424050819753,13.383225324000941,13.629426956176758,10646500,0.0,0.0
2010-10-05 00:00:00-04:00,13.756870380403823,14.298514479589391,13.726457386319487,14.197137832641602,16024500,0.0,0.0
2010-10-06 00:00:00-04:00,14.14644672796017,14.53168071054215,14.14644672796017,14.326029777526855,9034500,0.0,0.0
2010-10-07 00:00:00-04:00,14.414377710759684,14.482445103302146,14.162383475340633,14.285484313964844,7524500,0.0,0.0
2010-10-08 00:00:00-04:00,15.082015430162762,16.313023631977416,15.082015430162762,15.916204452514648,44032500,0.0,0.0
2010-10-11 00:00:00-04:00,16.12330641464203,16.494056373495557,15.92924052636923,16.430334091186523,20370500,0.0,0.0
2010-10-12 00:00:00-04:00,16.365159932062166,16.960388670009365,16.365159932062166,16.85321807861328,18423000,0.0,0.0
2010-10-13 00:00:00-04:00,16.88073713951269,17.33982980249598,16.85322041821889,17.14576530456543,15722500,0.0,0.0
2010-10-14 00:00:00-04:00,17.147215965453093,17.247145194566293,16.8054301578283,16.91694450378418,11111000,0.0,0.0
2010-10-15 00:00:00-04:00,16.998038088334248,17.368787869883118,16.815558784636824,17.35865020751953,8392000,0.0,0.0
2010-10-18 00:00:00-04:00,17.35142007792977,17.429625149913246,17.08928813469314,17.21238899230957,5786500,0.0,0.0
2010-10-19 00:00:00-04:00,16.928534824511367,17.05598080663573,16.478130848433022,16.615713119506836,13681000,0.0,0.0
2010-10-20 00:00:00-04:00,16.69681135239655,17.377485277168002,16.551986349041066,17.1892147064209,9791500,0.0,0.0
2010-10-21 00:00:00-04:00,17.222525925115175,17.32824771986604,16.880740094160867,17.138526916503906,5914000,0.0,0.0
2010-10-22 00:00:00-04:00,17.197911206074142,17.21384143870248,16.769231325484697,17.038604736328125,7831000,0.0,0.0
2010-10-25 00:00:00-04:00,17.206591802709315,17.671478418097237,17.029906354229652,17.111007690429688,9631000,0.0,0.0
2010-10-26 00:00:00-04:00,17.016875578146404,17.662792871390938,16.861912883765918,17.601966857910156,9585000,0.0,0.0
2010-10-27 00:00:00-04:00,17.389075899785006,17.609209736122146,17.132736494596905,17.570106506347656,8135500,0.0,0.0
2010-10-28 00:00:00-04:00,17.65120424582298,17.74823719455855,17.223971991430084,17.254384994506836,7527000,0.0,0.0
2010-10-29 00:00:00-04:00,17.325349494858983,18.12333170013191,17.281901165151446,17.74534034729004,17300000,0.0,0.0
2010-11-01 00:00:00-04:00,17.756931486056775,17.898860258494775,17.38038883562519,17.580245971679688,7351000,0.0,0.0
2010-11-02 00:00:00-04:00,17.811963187636305,17.8814794269415,17.61789863092222,17.70479393005371,6679000,0.0,0.0
2010-11-03 00:00:00-04:00,17.64685983620679,17.668582619763573,17.08349143307476,17.387622833251953,10295000,0.0,0.0
2010-11-04 00:00:00-04:00,17.551273345947266,17.736647611336977,17.360105142060117,17.551273345947266,12297000,0.0,0.0
2010-11-05 00:00:00-04:00,17.41223623396462,18.68669104391089,17.349961425240593,17.736642837524414,32691000,0.0,0.0
2010-11-08 00:00:00-05:00,17.683064469039127,18.124779460247144,17.5527222499185,18.069746017456055,8169000,0.0,0.0
2010-11-09 00:00:00-05:00,18.37676645351533,18.827170104328225,17.98718877939659,18.12911605834961,11565500,0.0,0.0
2010-11-10 00:00:00-05:00,18.204497320146537,18.313202239029042,17.789967810356327,17.98128890991211,9095500,0.02,0.0
2010-11-11 00:00:00-05:00,17.917509530835694,18.543650091355484,17.68415542656819,18.516111373901367,7896500,0.0,0.0
2010-11-12 00:00:00-05:00,18.274069408746033,18.301608138137645,17.17542297522484,17.342103958129883,16143500,0.0,0.0
2010-11-15 00:00:00-05:00,17.4218180388465,17.61023914016315,16.92177380867784,16.984098434448242,13521500,0.0,0.0
2010-11-16 00:00:00-05:00,16.8855361995343,16.8855361995343,16.266641352645948,16.598554611206055,17870000,0.0,0.0
2010-11-17 00:00:00-05:00,16.650735264075387,17.13193655795084,16.497098681411696,16.908729553222656,16322500,0.0,0.0
2010-11-18 00:00:00-05:00,17.176860562935616,17.727633415192525,17.108738777563026,17.42905616760254,14904500,0.0,0.0
2010-11-19 00:00:00-05:00,17.460950076564075,17.53052187618034,17.030477676518466,17.060914993286133,10802000,0.0,0.0
2010-11-22 00:00:00-05:00,17.184109576387993,17.45804673507061,16.918869581421525,17.102943420410156,13026500,0.0,0.0
2010-11-23 00:00:00-05:00,16.831908867198845,17.72184234801102,16.552174454206263,17.60589027404785,14064000,0.0,0.0
2010-11-24 00:00:00-05:00,17.71893995704674,18.15375945011547,17.656615350524305,18.060998916625977,11852500,0.0,0.0
2010-11-26 00:00:00-05:00,18.113180185377487,18.179853387902575,17.736336637513652,17.80010986328125,4264000,0.0,0.0
2010-11-29 00:00:00-05:00,17.716044996163347,17.81895271078411,17.078308545469252,17.69140625,9997000,0.0,0.0
2010-11-30 00:00:00-05:00,17.517472701717807,17.784162684044457,17.421812194627975,17.504426956176758,9393500,0.0,0.0
2010-12-01 00:00:00-05:00,17.889970678026128,18.07984172239842,17.61023492330406,17.978384017944336,9460500,0.0,0.0
2010-12-02 00:00:00-05:00,18.066798192019704,18.326241035572068,17.7972095775535,17.936351776123047,9099000,0.0,0.0
2010-12-03 00:00:00-05:00,17.85663942827308,18.52336467353694,17.852292226796223,18.38277244567871,7650000,0.0,0.0
2010-12-06 00:00:00-05:00,18.327692305580726,18.592932356131538,18.062450872772196,18.153762817382812,6079000,0.0,0.0
2010-12-07 00:00:00-05:00,18.29435983370349,18.362481658587093,17.71894791174571,17.77257537841797,7552000,0.0,0.0
2010-12-08 00:00:00-05:00,17.878372880863008,17.878372880863008,17.327599981006095,17.585594177246094,7900500,0.0,0.0
2010-12-09 00:00:00-05:00,17.697202021280862,17.80445831050062,17.450803521329366,17.640674591064453,5142000,0.0,0.0
2010-12-10 00:00:00-05:00,17.646475736102698,17.917514402033213,17.382684248552234,17.829099655151367,5922000,0.0,0.0
2010-12-13 00:00:00-05:00,17.89431489846902,18.074041524727363,17.247881527175196,17.392822265625,11399000,0.0,0.0
2010-12-14 00:00:00-05:00,17.375432038635775,17.443553836972168,16.894230868060674,17.024677276611328,9664500,0.0,0.0
2010-12-15 00:00:00-05:00,16.943512348014472,17.697202210576734,16.865244767249585,17.34499740600586,7813500,0.0,0.0
2010-12-16 00:00:00-05:00,17.365291544988636,17.718946390794837,17.17542044484724,17.652273178100586,6463500,0.0,0.0
2010-12-17 00:00:00-05:00,17.650823320816794,18.153764755160438,17.50153394269955,18.11463165283203,13564000,0.0,0.0
2010-12-20 00:00:00-05:00,18.23058793745205,18.58424145744308,18.175510477992823,18.347990036010742,8176000,0.0,0.0
2010-12-21 00:00:00-05:00,18.42625928407222,18.74222832746457,18.41466351916219,18.723386764526367,6619000,0.0,0.0
2010-12-22 00:00:00-05:00,18.707428165216534,18.769752762399875,18.19578979058807,18.672643661499023,7659000,0.0,0.0
2010-12-23 00:00:00-05:00,18.67555090647216,19.672739394327905,18.559598821012557,19.56548309326172,13052000,0.0,0.0
2010-12-27 00:00:00-05:00,19.458228489864325,19.61621365809773,19.13211238031178,19.45532989501953,6194500,0.0,0.0
2010-12-28 00:00:00-05:00,19.440834668732702,19.59302125820961,19.08573124436206,19.13066291809082,6402000,0.0,0.0
2010-12-29 00:00:00-05:00,19.194439719432772,19.891602330523746,18.98862425153507,19.545194625854492,10131000,0.0,0.0
2010-12-30 00:00:00-05:00,19.52344746163072,20.10900496054347,19.52344746163072,19.808979034423828,8572000,0.0,0.0
2010-12-31 00:00:00-05:00,19.782886513578156,19.96116315501302,19.56692539006972,19.588666915893555,5298500,0.0,0.0
2011-01-03 00:00:00-05:00,19.8234782395416,20.32062389870857,19.63650573554374,19.745210647583008,10336000,0.0,0.0
2011-01-04 00:00:00-05:00,19.77274945583543,19.872758583525346,19.25096366424141,19.564035415649414,8497500,0.0,0.0
2011-01-05 00:00:00-05:00,19.64665267996624,20.05393500950036,19.34517667385489,19.856815338134766,9502000,0.0,0.0
2011-01-06 00:00:00-05:00,19.958269840649745,20.135096540900356,19.669838270357587,20.004650115966797,9747000,0.0,0.0
2011-01-07 00:00:00-05:00,19.972760831423333,20.232203667211614,19.75535106627351,19.924930572509766,7028000,0.0,0.0
2011-01-10 00:00:00-05:00,19.474174237914887,19.7452129374077,19.174148203570358,19.637956619262695,8874000,0.0,0.0
2011-01-11 00:00:00-05:00,19.835072141180955,19.965517194039,19.524899015102676,19.577077865600586,7524000,0.0,0.0
2011-01-12 00:00:00-05:00,20.03798699793765,20.704712127095522,19.913339138061275,20.553974151611328,15470000,0.0,0.0
2011-01-13 00:00:00-05:00,20.487308633293967,20.788784677019542,20.25540440958451,20.649641036987305,9257500,0.0,0.0
2011-01-14 00:00:00-05:00,20.748202450175402,21.233752489716778,20.581521444040185,21.200416564941406,11576500,0.0,0.0
2011-01-18 00:00:00-05:00,21.159817565202644,21.690298896392974,21.097492964997734,21.66131019592285,10762500,0.0,0.0
2011-01-19 00:00:00-05:00,21.519274537942703,21.519274537942703,20.177127244599713,20.31627082824707,17105500,0.0,0.0
2011-01-20 00:00:00-05:00,20.09741578447531,20.10031437943919,19.301694103184698,19.68723487854004,18722000,0.0,0.0
2011-01-21 00:00:00-05:00,20.061173948526452,20.236552023334948,19.249509544266466,19.32052993774414,11691500,0.0,0.0
2011-01-24 00:00:00-05:00,19.292996763240122,19.59447275291096,18.86832150403103,19.171247482299805,11780500,0.0,0.0
2011-01-25 00:00:00-05:00,19.11616326636864,19.166892115473832,18.49147135494621,18.94803237915039,15516500,0.0,0.0
2011-01-26 00:00:00-05:00,19.06543339804323,19.71186680263479,18.77845188222637,19.50315284729004,20014500,0.0,0.0
2011-01-27 00:00:00-05:00,19.96696350786249,20.023489548805728,19.290092711186006,19.387203216552734,13058500,0.0,0.0
2011-01-28 00:00:00-05:00,19.56983399847556,19.56983399847556,18.91470449967433,19.419095993041992,14343500,0.0,0.0
2011-01-31 00:00:00-05:00,19.52344643246865,19.866954018202563,19.31473245524464,19.572725296020508,15417500,0.0,0.0
2011-02-01 00:00:00-05:00,19.74665878709402,20.22641148312214,19.681436947218696,20.059730529785156,14631500,0.0,0.0
2011-02-02 00:00:00-05:00,19.940886130720273,21.03373552400492,19.73072204156488,21.014892578125,14482000,0.0,0.0
2011-02-03 00:00:00-05:00,20.99313914153041,21.088799652667227,20.32206557547653,20.61339569091797,10030000,0.0,0.0
2011-02-04 00:00:00-05:00,20.64817866759399,20.80761236956108,20.432217553976905,20.677165985107422,5880000,0.0,0.0
2011-02-07 00:00:00-05:00,20.7670367954725,21.35694294982036,20.7670367954725,21.194610595703125,9632000,0.0,0.0
2011-02-08 00:00:00-05:00,21.232299229903255,21.454057653899458,20.81776971554519,21.229400634765625,11054500,0.0,0.0
2011-02-09 00:00:00-05:00,21.67002179559124,22.199053491297416,21.223604910297013,22.03382110595703,20849500,0.0,0.0
2011-02-10 00:00:00-05:00,21.761147800118756,22.310833858485164,21.733590950054634,21.809009552001953,10721000,0.02,0.0
2011-02-11 00:00:00-05:00,21.690081944411276,22.02801473052248,21.495734422559842,21.80466079711914,10107500,0.0,0.0
2011-02-14 00:00:00-05:00,21.806104135466676,22.212203463503823,21.755341892357958,22.013505935668945,7226500,0.0,0.0
2011-02-15 00:00:00-05:00,21.9467942312275,21.9467942312275,20.776356318421836,20.870630264282227,16144000,0.0,0.0
2011-02-16 00:00:00-05:00,21.001159434383588,21.320238220954142,20.741545789724977,21.006961822509766,10033000,0.0,0.0
2011-02-17 00:00:00-05:00,21.008413129595123,21.45947380708069,20.914140566922796,21.437719345092773,10510500,0.0,0.0
2011-02-18 00:00:00-05:00,21.397106280003175,21.437716078237735,19.83507169169051,19.996061325073242,24821500,0.0,0.0
2011-02-22 00:00:00-05:00,19.922100208866336,20.616821218007814,19.11570221795799,19.14470863342285,21798000,0.0,0.0
2011-02-23 00:00:00-05:00,19.091042016988677,19.690039382952346,17.90029923325755,19.498592376708984,39930500,0.0,0.0
2011-02-24 00:00:00-05:00,19.59141508666677,19.88583753986207,19.2897406853828,19.43767738342285,16601000,0.0,0.0
2011-02-25 00:00:00-05:00,19.64942201025042,20.33399016478572,19.64942201025042,20.31078338623047,11353000,0.0,0.0
2011-02-28 00:00:00-05:00,20.450021310263462,20.722687855337888,19.97140391383821,20.490631103515625,10090500,0.0,0.0
2011-03-01 00:00:00-05:00,20.669030645273146,20.669030645273146,19.771259359408436,19.86553192138672,10023000,0.0,0.0
2011-03-02 00:00:00-05:00,19.81186496382767,20.058425622173075,19.434772029515003,19.591411590576172,10317000,0.0,0.0
2011-03-03 00:00:00-05:00,19.868432837367614,20.407965041774844,19.779959901938835,20.325294494628906,10011000,0.0,0.0
2011-03-04 00:00:00-05:00,20.30934091386358,20.31369097608935,19.33035007357167,19.479736328125,12964000,0.0,0.0
2011-03-07 00:00:00-05:00,19.614610787494144,19.68857840833928,18.47463083881036,18.695085525512695,18987000,0.0,0.0
2011-03-08 00:00:00-05:00,18.754558064155848,18.779214410404727,18.112050417842422,18.700895309448242,15986500,0.0,0.0
2011-03-09 00:00:00-05:00,18.51960192683036,18.822725899297915,18.16281381311018,18.351360321044922,11115000,0.0,0.0
2011-03-10 00:00:00-05:00,17.94816184233451,18.40067347259053,17.529009452008417,17.98151969909668,17989500,0.0,0.0
2011-03-11 00:00:00-05:00,17.71029869187306,18.45433068412946,17.694343856608498,18.277387619018555,8669500,0.0,0.0
2011-03-14 00:00:00-04:00,17.940904703399013,18.62112151180083,17.843731664008672,18.2701358795166,7329500,0.0,0.0
2011-03-15 00:00:00-04:00,17.54931194429483,18.364411207558664,17.450686564194463,18.097545623779297,16697000,0.0,0.0
2011-03-16 00:00:00-04:00,18.27593460863483,18.854626861117318,17.913345630536423,18.403566360473633,16909500,0.0,0.0
2011-03-17 00:00:00-04:00,18.741507253599416,19.004021435255787,18.532655832785032,18.786468505859375,9506000,0.0,0.0
2011-03-18 00:00:00-04:00,19.204170142827145,19.286840693425624,18.367313569050662,18.477540969848633,10997500,0.0,0.0
2011-03-21 00:00:00-04:00,18.186020016203432,18.477541990620036,18.093198392685427,18.43983268737793,12439500,0.0,0.0
2011-03-22 00:00:00-04:00,18.457235926747604,18.457235926747604,17.647937592528766,17.77556800842285,15367500,0.0,0.0
2011-03-23 00:00:00-04:00,17.77411771595056,18.28464350798385,17.405727613569997,18.20197296142578,16240500,0.0,0.0
2011-03-24 00:00:00-04:00,18.28609377648563,18.4079245699344,17.988770815822594,18.248384475708008,10579000,0.0,0.0
2011-03-25 00:00:00-04:00,18.203428281427307,19.296998307639488,18.203428281427307,19.15921401977539,15791000,0.0,0.0
2011-03-28 00:00:00-04:00,19.269434610496315,19.269434610496315,18.516699596012625,18.538454055786133,7959000,0.0,0.0
2011-03-29 00:00:00-04:00,18.592115095164882,18.90394187621352,18.312196601815234,18.819820404052734,6391000,0.0,0.0
2011-03-30 00:00:00-04:00,19.04318300176938,19.278140347783665,18.751661004963868,19.233179092407227,6980500,0.0,0.0
2011-03-31 00:00:00-04:00,19.7988124295818,20.291933756651627,19.737897735026284,19.83942222595215,19357500,0.0,0.0
2011-04-01 00:00:00-04:00,20.01056035815373,20.450018851024275,19.91483689038001,20.202007293701172,12333000,0.0,0.0
2011-04-04 00:00:00-04:00,20.293380071347247,20.626962661743164,20.16139825424675,20.626962661743164,8646500,0.0,0.0
2011-04-05 00:00:00-04:00,20.65307474369009,21.06642609517543,20.47468069676989,20.824216842651367,12019000,0.0,0.0
2011-04-06 00:00:00-04:00,20.91559400025336,20.944601799166442,20.117898894495426,20.355756759643555,9833000,0.0,0.0
2011-04-07 00:00:00-04:00,20.47468159266384,20.587809496071387,20.096139021550716,20.26873207092285,9507500,0.0,0.0
2011-04-08 00:00:00-04:00,20.28033247111695,20.48193191441682,19.877133584517203,20.093236923217773,7673500,0.0,0.0
2011-04-11 00:00:00-04:00,20.01492302957857,20.293390701218897,19.601571585335492,19.642181396484375,7740500,0.0,0.0
2011-04-12 00:00:00-04:00,19.523241599272318,19.616063182707727,18.92714495348878,19.408662796020508,10740500,0.0,0.0
2011-04-13 00:00:00-04:00,19.54210084419286,19.727746827680708,19.10844461829883,19.44782829284668,8734500,0.0,0.0
2011-04-14 00:00:00-04:00,19.289739436123252,19.559505524979762,19.14325369045485,19.389814376831055,6016500,0.0,0.0
2011-04-15 00:00:00-04:00,19.363709556655525,19.36516049963128,18.83868120726617,18.851734161376953,13588000,0.0,0.0
2011-04-18 00:00:00-04:00,18.657384658223155,19.317296690607126,18.509447966648548,19.283937454223633,12941000,0.0,0.0
2011-04-19 00:00:00-04:00,19.266531322821212,19.655226254971105,19.18821085282265,19.563854217529297,10135000,0.0,0.0
2011-04-20 00:00:00-04:00,19.72774649155063,19.81766759622281,19.15485509621811,19.321645736694336,10986000,0.0,0.0
2011-04-21 00:00:00-04:00,19.426074918911784,20.155604610143975,19.37821316577166,20.136749267578125,9615000,0.0,0.0
2011-04-25 00:00:00-04:00,20.164309517396397,20.425374172410315,20.01927467374153,20.151256561279297,6921500,0.0,0.0
2011-04-26 00:00:00-04:00,20.3688077822458,20.499340098627062,20.186063645846307,20.354305267333984,8000000,0.0,0.0
2011-04-27 00:00:00-04:00,20.43696510149968,20.521086565374773,19.778504197784837,20.20490837097168,7599000,0.0,0.0
2011-04-28 00:00:00-04:00,20.174455115723468,20.783604848343273,19.91774199435987,20.14689826965332,13496000,0.0,0.0
2011-04-29 00:00:00-04:00,20.238274126547708,20.664678437287122,20.146900687471813,20.529794692993164,6266500,0.0,0.0
2011-05-02 00:00:00-04:00,20.615364507039363,20.64437229755639,20.123694076383423,20.219417572021484,6751000,0.0,0.0
2011-05-03 00:00:00-04:00,20.196212566294033,20.299188011584462,19.16500855373596,19.283937454223633,9791000,0.0,0.0
2011-05-04 00:00:00-04:00,19.3332456797063,19.35645107731469,18.56455737465326,18.89958953857422,9305500,0.0,0.0
2011-05-05 00:00:00-04:00,18.7386014773775,19.389811905626395,18.461583476207537,18.745853424072266,10077000,0.0,0.0
2011-05-06 00:00:00-04:00,19.51019584880668,20.442775985817622,19.50439484308223,19.988813400268555,18516500,0.0,0.0
2011-05-09 00:00:00-04:00,20.017823833118513,20.76330711049182,19.994618423994982,20.71109390258789,9685500,0.0,0.0
2011-05-10 00:00:00-04:00,20.824222555385663,20.88368771506143,20.351405930829355,20.518198013305664,8602500,0.0,0.0
2011-05-11 00:00:00-04:00,20.412312903778936,20.412312903778936,19.6450740936948,19.913389205932617,9701000,0.0,0.0
2011-05-12 00:00:00-04:00,19.8785559408945,19.897423637595598,19.25735041890927,19.599884033203125,8725500,0.02,0.0
2011-05-13 00:00:00-04:00,19.817592713725375,19.83355779099961,19.318306861151246,19.38797378540039,8196000,0.0,0.0
2011-05-16 00:00:00-04:00,19.493935160281083,20.145620368845925,19.277674296334077,19.58827781677246,6957500,0.0,0.0
2011-05-17 00:00:00-04:00,19.546188602741896,19.724712700919763,19.251551517552993,19.4852294921875,7556000,0.0,0.0
2011-05-18 00:00:00-04:00,19.6347257169368,20.5592764297074,19.459104226278303,20.347370147705078,12232000,0.0,0.0
2011-05-19 00:00:00-04:00,20.496858481185384,20.96421429999026,20.14416500094668,20.5273380279541,13111000,0.0,0.0
2011-05-20 00:00:00-04:00,20.492510696610992,20.97583034112528,20.115142801761905,20.183359146118164,17318500,0.0,0.0
2011-05-23 00:00:00-04:00,20.2312507644221,21.475111123842296,19.95403083821901,21.444631576538086,21220500,0.0,0.0
2011-05-24 00:00:00-04:00,21.478016943789914,21.640574543183213,21.192087760320288,21.270463943481445,11464000,0.0,0.0
2011-05-25 00:00:00-04:00,21.277717784129155,22.270484458106015,21.277717784129155,21.914888381958008,17868000,0.0,0.0
2011-05-26 00:00:00-04:00,21.865542865627642,22.210980526732722,21.71459711915514,21.798778533935547,10760500,0.0,0.0
2011-05-27 00:00:00-04:00,21.972945515597303,22.69139492173161,21.949723202143335,22.52448272705078,10408000,0.0,0.0
2011-05-31 00:00:00-04:00,22.94103202605023,22.993283256061524,22.025191114020675,22.319828033447266,11484000,0.0,0.0
2011-06-01 00:00:00-04:00,22.31982849257811,22.36046787758669,21.395278331107242,21.495426177978516,11630000,0.0,0.0
2011-06-02 00:00:00-04:00,21.509946738911406,22.141312194379474,21.434473173587296,21.798778533935547,9606500,0.0,0.0
2011-06-03 00:00:00-04:00,21.54913597476803,22.062936476231656,21.309652807490558,21.97585105895996,10273500,0.0,0.0
2011-06-06 00:00:00-04:00,21.88295233538542,22.454809109331567,21.300935715187123,21.495426177978516,10401000,0.0,0.0
2011-06-07 00:00:00-04:00,21.69572475503663,21.771198308948073,21.045491698649805,21.34593391418457,10619000,0.0,0.0
2011-06-08 00:00:00-04:00,21.412699439383374,21.772650125450532,21.004852128513846,21.570903778076172,11680500,0.0,0.0
2011-06-09 00:00:00-04:00,22.042615012608326,22.569477938464633,21.89747312349351,22.476587295532227,15635000,0.0,0.0
2011-06-10 00:00:00-04:00,22.356115593489875,22.671072244323984,21.981651858763154,22.142757415771484,9966000,0.0,0.0
2011-06-13 00:00:00-04:00,22.20662956468553,22.623184858679696,21.636223114061156,21.79152488708496,7793500,0.0,0.0
2011-06-14 00:00:00-04:00,22.03826126183822,22.507067727301123,21.740721623221855,22.409822463989258,10279000,0.0,0.0
2011-06-15 00:00:00-04:00,22.148573045840575,22.163087514814517,21.244342114567935,21.48092269897461,12409000,0.0,0.0
2011-06-16 00:00:00-04:00,21.524460298755834,21.660892957053694,19.997573357684022,20.666675567626953,19478500,0.0,0.0
2011-06-17 00:00:00-04:00,20.84810846088464,20.98744377712208,19.536029965105826,19.747936248779297,23861500,0.0,0.0
2011-06-20 00:00:00-04:00,20.145618187923066,20.261731149360894,19.6187552447506,20.11223602294922,16095000,0.0,0.0
2011-06-21 00:00:00-04:00,20.32269186488902,21.3372304342338,20.258830146265286,21.303848266601562,11313000,0.0,0.0
2011-06-22 00:00:00-04:00,21.17031623384091,21.4765637155498,20.66812622916817,20.71892547607422,9704000,0.0,0.0
2011-06-23 00:00:00-04:00,20.36188374900503,20.75957135700558,19.884367942443323,20.75086212158203,11411500,0.0,0.0
2011-06-24 00:00:00-04:00,20.785680195399042,21.300931009122504,20.40540996860746,20.41411781311035,8495000,0.0,0.0
2011-06-27 00:00:00-04:00,20.576691302419732,21.07452678039649,20.332853489039774,20.89745330810547,8149500,0.0,0.0
2011-06-28 00:00:00-04:00,20.932282789337357,21.343032747587657,20.810364602050928,21.3314208984375,9350500,0.0,0.0
2011-06-29 00:00:00-04:00,21.57816164295005,21.92359789701938,21.250142470816417,21.67685890197754,13547000,0.0,0.0
2011-06-30 00:00:00-04:00,20.981631121259497,21.09193745783569,20.374940041300302,20.562171936035156,29614500,0.0,0.0
2011-07-01 00:00:00-04:00,20.78859497890968,20.817623912594705,19.99612391409862,20.250120162963867,18511500,0.0,0.0
2011-07-05 00:00:00-04:00,20.479448887861615,20.877136525651608,20.06869878013384,20.774085998535156,17480500,0.0,0.0
2011-07-06 00:00:00-04:00,20.762473606294353,21.01356728168393,20.50702392909416,20.74795913696289,8219000,0.0,0.0
2011-07-07 00:00:00-04:00,21.044035757205908,21.258845914522432,20.874220984797486,21.1456356048584,10202000,0.0,0.0
2011-07-08 00:00:00-04:00,20.55346816369813,21.668153288745238,20.544758929187527,21.627513885498047,12481000,0.0,0.0
2011-07-11 00:00:00-04:00,21.3851238966475,21.435923140763652,20.682639559300558,21.02517318725586,10851500,0.0,0.0
2011-07-12 00:00:00-04:00,21.164508420605657,22.096316047164123,21.163057804590718,21.40834617614746,19016000,0.0,0.0
2011-07-13 00:00:00-04:00,21.63186433904738,22.139858166034376,21.63041233884981,21.78716468811035,10614500,0.0,0.0
2011-07-14 00:00:00-04:00,21.930857191002254,22.332899345192256,21.498336870779845,21.74072265625,9526500,0.0,0.0
2011-07-15 00:00:00-04:00,21.819097781852623,22.386600126190974,21.70153281948405,22.383697509765625,9604000,0.0,0.0
2011-07-18 00:00:00-04:00,22.438853008428712,22.48239502633115,21.807487520052305,21.997623443603516,8733000,0.0,0.0
2011-07-19 00:00:00-04:00,22.329999445799537,22.83799339525882,22.329999445799537,22.73639488220215,12361000,0.0,0.0
2011-07-20 00:00:00-04:00,22.9932898634817,23.0774712714334,22.704458091887293,22.845245361328125,8093500,0.0,0.0
2011-07-21 00:00:00-04:00,23.05134618274371,23.463548139273428,22.932330612258227,23.39533042907715,8728000,0.0,0.0
2011-07-22 00:00:00-04:00,23.34888772012638,23.52741039843986,23.10504994247832,23.258899688720703,6480500,0.0,0.0
2011-07-25 00:00:00-04:00,23.129723094471906,23.69432418655742,23.08037584863793,23.26470375061035,7146500,0.0,0.0
2011-07-26 00:00:00-04:00,23.27341471881527,23.414202002270244,22.81331746926884,23.14859390258789,5433500,0.0,0.0
2011-07-27 00:00:00-04:00,22.93669229182152,23.154403802048698,22.49981588654119,22.623186111450195,7297000,0.0,0.0
2011-07-28 00:00:00-04:00,22.808959569052316,23.502736036484926,22.71461693215181,23.052797317504883,6951000,0.0,0.0
2011-07-29 00:00:00-04:00,22.353219495839586,22.917819262518805,22.10357647183486,22.543354034423828,9502500,0.0,0.0
2011-08-01 00:00:00-04:00,22.95700875682108,23.174720236330973,22.583995517599256,22.82347869873047,7532000,0.0,0.0
2011-08-02 00:00:00-04:00,22.627535770174795,23.16455857732717,22.186306227996496,22.19356346130371,11422500,0.0,0.0
2011-08-03 00:00:00-04:00,22.43014232213764,22.72913256054854,21.46495112742604,22.49980926513672,13770500,0.0,0.0
2011-08-04 00:00:00-04:00,22.226952164392557,22.286459280332323,20.502672887727734,20.550569534301758,17023000,0.0,0.0
2011-08-05 00:00:00-04:00,21.749428274465053,21.89021554479659,20.075948880401505,21.286428451538086,22995000,0.0,0.0
2011-08-08 00:00:00-04:00,20.241413544358227,21.26320798755423,19.506997533901757,20.065792083740234,27080500,0.0,0.0
2011-08-09 00:00:00-04:00,20.48959613803447,21.817638936161657,20.430089059546255,21.775548934936523,25691500,0.0,0.0
2011-08-10 00:00:00-04:00,21.53606896584999,23.01796167386421,21.190632754520283,21.711688995361328,21621000,0.0,0.0
2011-08-11 00:00:00-04:00,22.65618040769442,24.208990888122024,22.418965616815616,23.89464569091797,24349500,0.08,0.0
2011-08-12 00:00:00-04:00,23.76658121145239,24.571366789625575,23.62541647157002,24.478225708007812,15688000,0.0,0.0
2011-08-15 00:00:00-04:00,24.642677175364124,24.73872727064134,24.025628246660403,24.68779182434082,13287000,0.0,0.0
2011-08-16 00:00:00-04:00,24.28467787741487,24.731455411831295,24.029997806089533,24.421476364135742,11805000,0.0,0.0
2011-08-17 00:00:00-04:00,24.52915594421265,25.1651243913131,24.436017658145413,25.018138885498047,13319500,0.0,0.0
2011-08-18 00:00:00-04:00,24.27448245435303,24.449117461144606,23.667620670571544,23.896102905273438,15188500,0.0,0.0
2011-08-19 00:00:00-04:00,23.578850472214953,24.804218647464268,23.453693601681607,23.984882354736328,17138000,0.0,0.0
2011-08-22 00:00:00-04:00,24.778016914909212,25.390702292050875,24.513152609449694,24.823131561279297,15672000,0.0,0.0
2011-08-23 00:00:00-04:00,24.99050328547934,26.042688369750977,24.88862958533199,26.042688369750977,16680500,0.0,0.0
2011-08-24 00:00:00-04:00,25.952453858966347,26.25224577305426,24.993407304066405,25.526050567626953,15164000,0.0,0.0
2011-08-25 00:00:00-04:00,25.555149820788458,25.918975996728165,25.0385173171397,25.492572784423828,12037500,0.0,0.0
2011-08-26 00:00:00-04:00,25.25390509629575,26.28426115991484,25.074901007268206,26.246421813964844,11590500,0.0,0.0
2011-08-29 00:00:00-04:00,26.54621622512486,27.460148103128887,26.49091448207172,27.447052001953125,14334000,0.0,0.0
2011-08-30 00:00:00-04:00,27.18218883340193,28.043730880384146,27.18218883340193,27.61878204345703,12804500,0.0,0.0
2011-08-31 00:00:00-04:00,27.917111669949808,28.027715141159245,26.137271817597043,26.595693588256836,14837000,0.0,0.0
2011-09-01 00:00:00-04:00,26.709204394398228,27.10213449941701,26.33519118268534,26.559307098388672,9861500,0.0,0.0
2011-09-02 00:00:00-04:00,25.921890755630304,26.636444314601036,25.59299209913275,26.470539093017578,7868500,0.0,0.0
2011-09-06 00:00:00-04:00,25.975737276826678,27.068670405221052,25.891328775020042,27.023555755615234,12049000,0.0,0.0
2011-09-07 00:00:00-04:00,27.44850324478736,27.44850324478736,26.418147205320068,26.667003631591797,9982500,0.0,0.0
2011-09-08 00:00:00-04:00,26.368672968742878,27.21420711694307,26.333745401257673,26.937698364257812,10410500,0.0,0.0
2011-09-09 00:00:00-04:00,26.63789495798081,27.116688053731508,25.971365226842533,26.208580017089844,8345000,0.0,0.0
2011-09-12 00:00:00-04:00,26.009216872019127,26.52584960576501,25.234995024364714,25.764726638793945,11432500,0.0,0.0
2011-09-13 00:00:00-04:00,25.946633856152644,26.22896338496373,25.467837816804753,25.78800392150879,9224000,0.0,0.0
2011-09-14 00:00:00-04:00,26.07324076081152,26.490911408390147,25.301928234363615,26.15473747253418,10319500,0.0,0.0
2011-09-15 00:00:00-04:00,26.227498665109096,26.3337358346817,25.271364138955658,25.52313232421875,10789000,0.0,0.0
2011-09-16 00:00:00-04:00,25.588624049538964,25.741430384275894,25.10982809158969,25.489662170410156,9522500,0.0,0.0
2011-09-19 00:00:00-04:00,25.181139540120462,25.681764217678268,24.925007791641246,25.479476928710938,8418500,0.0,0.0
2011-09-20 00:00:00-04:00,25.60609617247993,25.60609617247993,23.683639083324866,23.81898307800293,19515500,0.0,0.0
2011-09-21 00:00:00-04:00,23.808789345832476,24.306502250985936,22.254522538744993,22.25743293762207,17341500,0.0,0.0
2011-09-22 00:00:00-04:00,21.369699321405875,21.87177995097202,20.158885844912007,21.376976013183594,22442000,0.0,0.0
2011-09-23 00:00:00-04:00,21.018960697281862,21.676759169197638,20.639126724586102,21.202329635620117,14399500,0.0,0.0
2011-09-26 00:00:00-04:00,21.443917348047712,22.20358696625342,20.09630552330628,22.133731842041016,17566500,0.0,0.0
2011-09-27 00:00:00-04:00,22.478638114241786,23.226664693585448,22.193398228732278,22.54994773864746,15953000,0.0,0.0
2011-09-28 00:00:00-04:00,22.079885650705847,22.31564460943327,21.023334546769348,21.099010467529297,12303000,0.0,0.0
2011-09-29 00:00:00-04:00,21.58653317676429,21.903788787989175,20.22873317726846,20.511062622070312,15941000,0.0,0.0
2011-09-30 00:00:00-04:00,19.284245452986866,19.50108473535962,17.91334769690331,17.957006454467773,25537000,0.0,0.0
2011-10-03 00:00:00-04:00,17.61063612659199,18.789433155772528,17.390885156004824,17.60626983642578,19222500,0.0,0.0
2011-10-04 00:00:00-04:00,17.280289473619316,18.1098141949963,16.785486982621965,18.060333251953125,22000000,0.0,0.0
2011-10-05 00:00:00-04:00,18.264076200450443,19.607321681722215,18.054512223693422,19.434141159057617,16940000,0.0,0.0
2011-10-06 00:00:00-04:00,19.311894275578968,20.80503556178807,19.300251293782445,20.773019790649414,18806000,0.0,0.0
2011-10-07 00:00:00-04:00,20.915633699542248,20.949106743216948,19.210017104625962,19.60440444946289,14775500,0.0,0.0
2011-10-10 00:00:00-04:00,20.201084505740297,21.04079624184488,20.083205732004977,20.43102264404297,9884000,0.0,0.0
2011-10-11 00:00:00-04:00,20.336433185972016,21.53851549479248,20.28258733094975,21.365333557128906,10778000,0.0,0.0
2011-10-12 00:00:00-04:00,21.096105880093937,21.30130362595066,20.527080424292542,21.04371452331543,16784500,0.0,0.0
2011-10-13 00:00:00-04:00,21.12520826650293,21.596727634826625,20.69298275715916,21.468660354614258,8652500,0.0,0.0
2011-10-14 00:00:00-04:00,21.98093008722191,22.11336228434525,21.331863817386594,21.90234375,6466000,0.0,0.0
2011-10-17 00:00:00-04:00,21.788823007104778,21.794643804217245,21.00732478534202,21.1368465423584,6719000,0.0,0.0
2011-10-18 00:00:00-04:00,21.173229500429454,21.82520599271319,20.49069174018431,21.62728500366211,8868000,0.0,0.0
2011-10-19 00:00:00-04:00,21.57489619008662,21.702963462173425,20.806495333339754,20.886537551879883,8612500,0.0,0.0
2011-10-20 00:00:00-04:00,20.781757858997707,21.50358965982386,20.390280682634145,21.438100814819336,10693500,0.0,0.0
2011-10-21 00:00:00-04:00,21.909615391594627,22.324377059936523,21.823752381550456,22.324377059936523,8208000,0.0,0.0
2011-10-24 00:00:00-04:00,22.483003914898166,23.270322940576232,22.483003914898166,23.159719467163086,8316000,0.0,0.0
2011-10-25 00:00:00-04:00,23.065124398721494,23.734564623252936,22.629988599747737,22.97926139831543,9391000,0.0,0.0
2011-10-26 00:00:00-04:00,23.45660325616054,23.67053213316227,22.474272219932597,23.519180297851562,9214500,0.0,0.0
2011-10-27 00:00:00-04:00,24.34870589046956,24.958476735636065,23.69818391282664,24.450576782226562,8494500,0.0,0.0
2011-10-28 00:00:00-04:00,24.56117788761134,25.08799746315826,24.198806228381766,24.76055335998535,8357500,0.0,0.0
2011-10-31 00:00:00-04:00,24.449126089879357,24.449126089879357,23.600682897350836,23.615236282348633,6631000,0.0,0.0
2011-11-01 00:00:00-04:00,22.557225178661383,23.848079315068095,22.039136729698953,23.085500717163086,14968000,0.0,0.0
2011-11-02 00:00:00-04:00,23.376560196882842,24.833319476971404,23.35764052421323,24.6397647857666,12178000,0.0,0.0
2011-11-03 00:00:00-04:00,24.84059943304911,25.60026765022716,24.128954878077728,25.368873596191406,9584000,0.0,0.0
2011-11-04 00:00:00-04:00,25.176774083492308,25.754531981631548,24.996318249205643,25.296110153198242,6993500,0.0,0.0
2011-11-07 00:00:00-05:00,25.088005220014445,25.533328227707827,24.964302842447278,25.325220108032227,5123000,0.0,0.0
2011-11-08 00:00:00-05:00,25.47948555244,25.68468469753905,24.79549302840101,25.674497604370117,6315000,0.0,0.0
2011-11-09 00:00:00-05:00,24.869334146071417,25.22086129437731,24.142946530428638,24.224628448486328,10594000,0.08,0.0
2011-11-10 00:00:00-05:00,24.479887136334586,24.796404567668194,23.880395832334756,24.670963287353516,8393000,0.0,0.0
2011-11-11 00:00:00-05:00,24.91017750112424,25.32004772371748,24.794949231113268,25.17856216430664,5386500,0.0,0.0
2011-11-14 00:00:00-05:00,25.145008442398307,25.341921362629282,24.606781463015654,24.937885284423828,6025500,0.0,0.0
2011-11-15 00:00:00-05:00,24.8985115461496,25.245662542601295,24.723479627902737,24.724937438964844,6412000,0.0,0.0
2011-11-16 00:00:00-05:00,24.67970601087088,24.97434503610157,24.29900888725614,24.355894088745117,12391000,0.0,0.0
2011-11-17 00:00:00-05:00,23.819129477988756,23.82496350204183,21.37887156012129,21.61516761779785,30245000,0.0,0.0
2011-11-18 00:00:00-05:00,22.26425002765201,22.900204571887148,21.920017559987038,22.124223709106445,20740500,0.0,0.0
2011-11-21 00:00:00-05:00,21.513069277200845,22.102348977461318,21.295737220477104,21.784372329711914,10776500,0.0,0.0
2011-11-22 00:00:00-05:00,21.759575180502324,22.44949806634741,21.559745204523495,22.0279598236084,7523000,0.0,0.0
2011-11-23 00:00:00-05:00,21.74936167137123,21.966695081932187,20.961711327694655,21.120698928833008,9100000,0.0,0.0
2011-11-25 00:00:00-05:00,21.07402467348602,21.190713514252906,20.289291315152244,20.38410186767578,4914500,0.0,0.0
2011-11-28 00:00:00-05:00,21.35991340716198,21.54515691279675,21.165917473128303,21.30156898498535,9130500,0.0,0.0
2011-11-29 00:00:00-05:00,21.246139305337966,21.507230671011595,20.906283047693115,20.969003677368164,7687500,0.0,0.0
2011-11-30 00:00:00-05:00,21.513066288692986,21.556825647171905,20.14488872931355,20.391393661499023,18310000,0.0,0.0
2011-12-01 00:00:00-05:00,20.669987768495286,21.62392032700976,20.42202503456722,21.438676834106445,14084500,0.0,0.0
2011-12-02 00:00:00-05:00,21.73623015856041,21.73914717025143,20.260115132793683,20.527040481567383,13760500,0.0,0.0
2011-12-05 00:00:00-05:00,20.812934694276557,20.93545756804847,20.10842538800643,20.535799026489258,11911000,0.0,0.0
2011-12-06 00:00:00-05:00,21.052139629593697,21.645795311981704,20.98650199950833,21.415334701538086,12614500,0.0,0.0
2011-12-07 00:00:00-05:00,21.31178352740776,21.863139332484224,21.22280836995042,21.437223434448242,9680500,0.0,0.0
2011-12-08 00:00:00-05:00,21.235933974614866,21.286985176482176,20.569348555442843,20.70208168029785,8100500,0.0,0.0
2011-12-09 00:00:00-05:00,20.645192423789283,20.842103965271946,20.25136655874265,20.648109436035156,9790500,0.0,0.0
2011-12-12 00:00:00-05:00,20.327219606016957,20.465788155708196,20.016534770722174,20.325761795043945,8776000,0.0,0.0
2011-12-13 00:00:00-05:00,20.47599750402702,20.621857884306504,19.364534924046563,19.650423049926758,11453500,0.0,0.0
2011-12-14 00:00:00-05:00,19.584784197370734,19.628542169681484,18.871522432605286,18.95758056640625,10325000,0.0,0.0
2011-12-15 00:00:00-05:00,19.30035148252081,19.32222976883882,18.674607176887108,18.98529052734375,8423000,0.0,0.0
2011-12-16 00:00:00-05:00,19.077186707765097,19.29014392253928,18.875897543036153,18.945911407470703,10744000,0.0,0.0
2011-12-19 00:00:00-05:00,18.951740384568268,19.253672660199186,18.74461724998536,18.942989349365234,8103000,0.0,0.0
2011-12-20 00:00:00-05:00,19.411207483560084,20.198857889865895,19.36599170332733,20.118635177612305,8440000,0.0,0.0
2011-12-21 00:00:00-05:00,20.0223729122739,20.263043904465267,19.85900764340157,20.162399291992188,7507000,0.0,0.0
2011-12-22 00:00:00-05:00,20.286374453757766,20.967546227548,20.276164214890695,20.820226669311523,7461000,0.0,0.0
2011-12-23 00:00:00-05:00,20.900450473330206,21.222803289450514,20.820226374202797,21.025890350341797,4522000,0.0,0.0
2011-12-27 00:00:00-05:00,21.047768311613616,21.37449731510263,20.713746082340936,21.26801872253418,5382000,0.0,0.0
2011-12-28 00:00:00-05:00,21.278234402186847,21.36720955383741,20.608730570847474,20.74875831604004,5157500,0.0,0.0
2011-12-29 00:00:00-05:00,20.315549960652,21.104658248910646,20.27470760891403,21.00255584716797,6649000,0.0,0.0
2011-12-30 00:00:00-05:00,21.095906199037625,21.483896698095638,20.96025467947782,21.146957397460938,5118000,0.0,0.0
2012-01-03 00:00:00-05:00,21.81791786567314,22.529720376508884,21.81791786567314,22.43490982055664,9244500,0.0,0.0
2012-01-04 00:00:00-05:00,22.83602430009897,23.155460052641327,22.674118317160996,23.044605255126953,12630500,0.0,0.0
2012-01-05 00:00:00-05:00,22.970223728428625,23.540540763190055,22.875413162259765,23.28820037841797,11741000,0.0,0.0
2012-01-06 00:00:00-05:00,23.508444919353884,23.508444919353884,22.822897051138682,23.044605255126953,9818000,0.0,0.0
2012-01-09 00:00:00-05:00,23.234227957047167,23.374254282556006,23.04752526234162,23.308616638183594,7495000,0.0,0.0
2012-01-10 00:00:00-05:00,23.922696759128474,24.31360708950476,23.922696759128474,24.243593215942383,10012000,0.0,0.0
2012-01-11 00:00:00-05:00,24.12981790687894,24.456548361460655,23.66743871374344,24.382158279418945,9599500,0.0,0.0
2012-01-12 00:00:00-05:00,23.68785858038719,24.5382296446961,23.205058920212146,24.255258560180664,16276000,0.0,0.0
2012-01-13 00:00:00-05:00,24.04083753014258,25.190223656717713,23.883307762570254,25.16834259033203,13429000,0.0,0.0
2012-01-17 00:00:00-05:00,25.08666848943114,25.451321512244103,24.85766699203426,25.187313079833984,11405500,0.0,0.0
2012-01-18 00:00:00-05:00,25.120218772787734,25.56071971144307,24.28589188362132,24.47405242919922,15806500,0.0,0.0
2012-01-19 00:00:00-05:00,24.646163110350802,25.006439853319765,24.411327629968632,24.968517303466797,10312500,0.0,0.0
2012-01-20 00:00:00-05:00,24.953929740563364,25.910779256960083,24.897044527275416,25.597177505493164,12434000,0.0,0.0
2012-01-23 00:00:00-05:00,25.525714354195134,25.699288455077337,25.124596542188485,25.304004669189453,8554000,0.0,0.0
2012-01-24 00:00:00-05:00,25.057496717692167,25.209192498767866,24.504680412178683,25.140636444091797,7207500,0.0,0.0
2012-01-25 00:00:00-05:00,25.120221139103677,26.507361744156345,24.983111783593202,26.409635543823242,14040000,0.0,0.0
2012-01-26 00:00:00-05:00,26.364410325726052,26.79032471923628,25.290871914116344,25.38714027404785,13136000,0.0,0.0
2012-01-27 00:00:00-05:00,25.207732891514027,26.497147081071606,25.207732891514027,26.195213317871094,9097000,0.0,0.0
2012-01-30 00:00:00-05:00,25.722623112824316,26.033306513708375,25.248573097061886,25.826183319091797,7066000,0.0,0.0
2012-01-31 00:00:00-05:00,26.252098547693183,26.45338772320018,25.45861546049862,25.872861862182617,8864500,0.0,0.0
2012-02-01 00:00:00-05:00,26.23314067750984,26.94202627871886,26.12811986716134,26.81075096130371,11831000,0.0,0.0
2012-02-02 00:00:00-05:00,26.838452513703754,27.079124759785678,26.561315534540544,26.59048843383789,6901000,0.0,0.0
2012-02-03 00:00:00-05:00,26.98870036165404,27.402946781285532,26.78303496271478,27.239580154418945,12004000,0.0,0.0
2012-02-06 00:00:00-05:00,27.181234980263678,27.494836783134957,26.911392538984302,27.33730697631836,8458500,0.0,0.0
2012-02-07 00:00:00-05:00,27.299379770010628,27.64069664646975,26.788865048065425,27.494834899902344,8964000,0.0,0.0
2012-02-08 00:00:00-05:00,27.718006405065402,28.06369676417427,27.281881694189273,27.64215850830078,8640500,0.0,0.0
2012-02-09 00:00:00-05:00,27.76031535533079,28.057873025902992,27.041219274329627,27.09081268310547,12162000,0.0,0.0
2012-02-10 00:00:00-05:00,26.61426276034844,26.6815030222578,26.242973392745938,26.333602905273438,9082500,0.08,0.0
2012-02-13 00:00:00-05:00,26.678589932931054,26.95778616456077,26.35700362844563,26.649356842041016,7692000,0.0,0.0
2012-02-14 00:00:00-05:00,26.609875227152177,26.636186389690636,25.76644034062478,26.00470733642578,10221500,0.0,0.0
2012-02-15 00:00:00-05:00,26.093875428362598,26.433004234256014,25.883383321168655,26.19181251525879,10935500,0.0,0.0
2012-02-16 00:00:00-05:00,26.185967768755898,26.42569575986554,25.229977718354778,25.71089744567871,16774000,0.0,0.0
2012-02-17 00:00:00-05:00,25.9564699537386,26.234205109560904,25.580797711949625,26.142114639282227,8556500,0.0,0.0
2012-02-21 00:00:00-05:00,26.215199954869615,27.46792860115538,26.203506724190643,26.94023323059082,10964000,0.0,0.0
2012-02-22 00:00:00-05:00,26.865683557947847,27.517629982756766,26.865683557947847,27.194580078125,6795000,0.0,0.0
2012-02-23 00:00:00-05:00,27.127345031335576,27.69450588144996,26.604035200282944,27.381690979003906,9543500,0.0,0.0
2012-02-24 00:00:00-05:00,27.375845810481316,27.524944301733473,26.836454269947698,26.878847122192383,5951000,0.0,0.0
2012-02-27 00:00:00-05:00,26.728286813406502,27.74274881662003,26.494405388882594,27.646272659301758,9697000,0.0,0.0
2012-02-28 00:00:00-05:00,27.70181369608588,28.57448458267285,27.609723218820804,28.001474380493164,12929000,0.0,0.0
2012-02-29 00:00:00-05:00,28.166655458797305,28.279213289506334,27.006019754978304,27.188739776611328,13543000,0.0,0.0
2012-03-01 00:00:00-05:00,27.674039046576873,27.73104982759289,27.027941954502012,27.660884857177734,8942500,0.0,0.0
2012-03-02 00:00:00-05:00,27.55710070510285,28.065795389885768,27.30860137343926,27.517635345458984,7566500,0.0,0.0
2012-03-05 00:00:00-05:00,26.99871227436286,27.15950680274916,25.756218225115656,26.01641082763672,15667000,0.0,0.0
2012-03-06 00:00:00-05:00,25.463853621905184,25.544250850035056,24.60872276317009,24.699352264404297,16498500,0.0,0.0
2012-03-07 00:00:00-05:00,25.148117154693203,25.9608552745426,24.949318283461174,25.703584671020508,12469000,0.0,0.0
2012-03-08 00:00:00-05:00,26.238592241164174,26.823295664069118,26.012018445000948,26.750205993652344,10796000,0.0,0.0
2012-03-09 00:00:00-05:00,26.732671340973848,26.91977703028372,26.038334671545577,26.126039505004883,9707000,0.0,0.0
2012-03-12 00:00:00-04:00,26.089489805664925,26.678578860943766,26.089489805664925,26.311677932739258,7742000,0.0,0.0
2012-03-13 00:00:00-04:00,26.618648727212083,26.739975076990028,26.03102336049068,26.35114860534668,8057000,0.0,0.0
2012-03-14 00:00:00-04:00,26.251744897428182,26.585027083663405,26.073410572960952,26.530941009521484,6978500,0.0,0.0
2012-03-15 00:00:00-04:00,26.639111802232506,26.896379607346702,26.326294180820167,26.479778289794922,6130500,0.0,0.0
2012-03-16 00:00:00-04:00,26.65227156495091,27.27644319343177,26.604034886933896,26.927082061767578,10972500,0.0,0.0
2012-03-19 00:00:00-04:00,27.058636705605803,27.372915303262943,26.742897151035443,26.775054931640625,7211000,0.0,0.0
2012-03-20 00:00:00-04:00,26.985546035854984,27.364140141538147,26.560173434662932,26.894916534423828,9910500,0.0,0.0
2012-03-21 00:00:00-04:00,26.984085189977375,27.286670546157477,26.754589498328645,27.194580078125,6113500,0.0,0.0
2012-03-22 00:00:00-04:00,26.89638691727848,27.236976751320263,26.42862410293932,26.668352127075195,7281000,0.0,0.0
2012-03-23 00:00:00-04:00,27.029402331883368,27.67111653912094,26.874457247951455,27.592180252075195,10601500,0.0,0.0
2012-03-26 00:00:00-04:00,27.780756385163745,27.97663342483406,27.128812467432788,27.48548126220703,9769500,0.0,0.0
2012-03-27 00:00:00-04:00,27.517633397686748,27.9766248379449,27.37145683856914,27.412385940551758,7263500,0.0,0.0
2012-03-28 00:00:00-04:00,27.45477207685878,27.46792905265303,26.321908784710637,26.767745971679688,8399000,0.0,0.0
2012-03-29 00:00:00-04:00,26.520714044896362,26.640579448528598,25.607113945756744,26.238595962524414,13241000,0.0,0.0
2012-03-30 00:00:00-04:00,26.739978102881455,27.01625236260876,26.349687841930145,26.69904899597168,9451000,0.0,0.0
2012-04-02 00:00:00-04:00,26.779448144363382,27.522021526258463,26.55287708313171,27.450395584106445,7546500,0.0,0.0
2012-04-03 00:00:00-04:00,27.470855147313582,27.741282760031012,27.213587300478846,27.522016525268555,7662500,0.0,0.0
2012-04-04 00:00:00-04:00,27.17851665311176,27.581961236162286,27.060112165623668,27.34954071044922,7704000,0.0,0.0
2012-04-05 00:00:00-04:00,27.38169226465481,27.764672161285084,27.052795665818216,27.282291412353516,6170000,0.0,0.0
2012-04-09 00:00:00-04:00,26.777987118786005,27.1361168286333,26.56749216484244,26.712207794189453,6197000,0.0,0.0
2012-04-10 00:00:00-04:00,26.532412560395887,26.859848261696254,26.0471098085848,26.171358108520508,8053000,0.0,0.0
2012-04-11 00:00:00-04:00,26.555788752413388,26.92561434335486,26.513398701641222,26.58209991455078,6962500,0.0,0.0
2012-04-12 00:00:00-04:00,26.719510564772996,27.84652741229528,26.65373125200342,27.61118507385254,8651500,0.0,0.0
2012-04-13 00:00:00-04:00,27.605346442821382,27.905007223656472,27.122965605670096,27.22528839111328,8254500,0.0,0.0
2012-04-16 00:00:00-04:00,27.364152979994852,27.622884631049743,26.552878320868132,26.718055725097656,7831500,0.0,0.0
2012-04-17 00:00:00-04:00,26.8920012080128,27.444546937561512,26.67712339744408,27.298370361328125,5731500,0.0,0.0
2012-04-18 00:00:00-04:00,27.08641572602115,27.748591759343597,26.982629219632035,27.228206634521484,8351000,0.0,0.0
2012-04-19 00:00:00-04:00,27.302757726778207,27.536639148128614,26.9153921454328,27.15950584411621,4456000,0.0,0.0
2012-04-20 00:00:00-04:00,27.2545148102094,27.565868719010673,27.194582117225494,27.286672592163086,4301500,0.0,0.0
2012-04-23 00:00:00-04:00,26.896392491561375,27.114195050191697,26.269298779601762,26.649356842041016,7323000,0.0,0.0
2012-04-24 00:00:00-04:00,26.62303340797833,26.99724471912814,26.386230121524964,26.516324996948242,6243000,0.0,0.0
2012-04-25 00:00:00-04:00,27.207736703749468,28.116950929359056,27.061560164654985,28.100872039794922,10589500,0.0,0.0
2012-04-26 00:00:00-04:00,27.956166177319087,28.546716366403437,27.691587915731695,28.210512161254883,9908000,0.0,0.0
2012-04-27 00:00:00-04:00,28.333292446594065,29.14603062717766,28.194426254156475,28.93846321105957,10014500,0.0,0.0
2012-04-30 00:00:00-04:00,28.912153202628584,29.042250882791606,28.1725045919225,28.220741271972656,7803500,0.0,0.0
2012-05-01 00:00:00-04:00,28.22366309060683,28.777669710455708,27.8991521900384,28.535017013549805,8024000,0.0,0.0
2012-05-02 00:00:00-04:00,28.871221157015142,29.416459246729374,28.685579241666748,29.25420379638672,11891000,0.0,0.0
2012-05-03 00:00:00-04:00,29.382838786992515,29.72050667759087,28.475085363895655,28.866836547851562,11698000,0.0,0.0
2012-05-04 00:00:00-04:00,28.393226937876214,28.492627781256335,26.547023278444087,26.883230209350586,19186500,0.0,0.0
2012-05-07 00:00:00-04:00,26.430082585807142,27.38753642358128,26.359920400693806,26.883230209350586,9500000,0.0,0.0
2012-05-08 00:00:00-04:00,26.6464214224866,26.788212311604862,25.941852635786713,26.7355899810791,10623000,0.0,0.0
2012-05-09 00:00:00-04:00,25.623191849166044,26.242977820211635,25.361538329904892,25.60857391357422,11982500,0.0,0.0
2012-05-10 00:00:00-04:00,25.95646973349032,25.97985898412951,25.02971284670796,25.167118072509766,10419500,0.0,0.0
2012-05-11 00:00:00-04:00,24.962001398901975,25.55978693523253,24.629407408836833,25.227195739746094,8198500,0.08,0.0
2012-05-14 00:00:00-04:00,24.758346561151807,24.852115865946274,24.27777118898783,24.289491653442383,9742500,0.0,0.0
2012-05-15 00:00:00-04:00,24.46237510698266,24.68801215740458,23.885101852147994,23.964221954345703,7894000,0.0,0.0
2012-05-16 00:00:00-04:00,24.09315529066723,24.39644249350295,23.376689681174543,23.520275115966797,8395500,0.0,0.0
2012-05-17 00:00:00-04:00,23.707816217678914,23.84700577925087,22.588431110665518,22.60015296936035,12876000,0.0,0.0
2012-05-18 00:00:00-04:00,22.808209668636472,23.492441301130345,22.749603161674465,23.004541397094727,10754500,0.0,0.0
2012-05-21 00:00:00-04:00,22.947398965610066,24.40523703089132,22.947398965610066,24.343700408935547,9178000,0.0,0.0
2012-05-22 00:00:00-04:00,24.487285262253035,24.487285262253035,23.504160899601736,23.659469604492188,10864500,0.0,0.0
2012-05-23 00:00:00-04:00,23.41332255136139,24.591315785218605,23.28438906691796,24.515127182006836,8844500,0.0,0.0
2012-05-24 00:00:00-04:00,24.670427506682223,25.16858343039849,24.205971401678692,24.626474380493164,9899000,0.0,0.0
2012-05-25 00:00:00-04:00,24.614758503680605,24.82574363311702,24.203047144515857,24.403776168823242,6077500,0.0,0.0
2012-05-29 00:00:00-04:00,24.686559156309333,25.46455894811638,24.679231768508796,25.376649856567383,7242000,0.0,0.0
2012-05-30 00:00:00-04:00,25.03233083169971,25.553930643783076,24.809628025735858,25.285804748535156,8409500,0.0,0.0
2012-05-31 00:00:00-04:00,25.221339906318324,25.320969449124213,24.764208231103005,25.048450469970703,7319500,0.0,0.0
2012-06-01 00:00:00-04:00,24.327582677892647,24.556148458289567,23.54811604993424,23.748842239379883,9137000,0.0,0.0
2012-06-04 00:00:00-04:00,23.899756452355923,23.980340922462176,22.945934619623532,23.405996322631836,7351500,0.0,0.0
2012-06-05 00:00:00-04:00,23.299043445642393,24.556154130937834,23.299043445642393,24.444801330566406,6859000,0.0,0.0
2012-06-06 00:00:00-04:00,24.77592612152264,25.066028562810384,24.67776094841516,24.749553680419922,6429000,0.0,0.0
2012-06-07 00:00:00-04:00,25.26236002800351,25.301917289744388,24.292420441443113,24.373004913330078,7134000,0.0,0.0
2012-06-08 00:00:00-04:00,24.348095171656748,24.983976364135742,24.057992769408134,24.983976364135742,5424000,0.0,0.0
2012-06-11 00:00:00-04:00,25.422065492505297,25.463089914002413,24.368612563294274,24.383264541625977,5418000,0.0,0.0
2012-06-12 00:00:00-04:00,24.641131935851778,24.834533559712458,24.292421592428386,24.723180770874023,4728000,0.0,0.0
2012-06-13 00:00:00-04:00,24.66456901932525,24.66456901932525,23.855798464263913,24.0492000579834,6099500,0.0,0.0
2012-06-14 00:00:00-04:00,24.071175210870173,24.233808467831988,23.718069111651097,24.00084686279297,4299000,0.0,0.0
2012-06-15 00:00:00-04:00,24.104883329930455,24.25726055606301,23.75617573581352,24.191328048706055,4717500,0.0,0.0
2012-06-18 00:00:00-04:00,24.04627742076218,25.149546517248805,24.04627742076218,25.041122436523438,5705500,0.0,0.0
2012-06-19 00:00:00-04:00,25.31803303486661,26.506279362787527,25.31510152218428,26.49895477294922,11775500,0.0,0.0
2012-06-20 00:00:00-04:00,26.516546034442783,26.583942907216436,25.917293183078794,26.293840408325195,7205000,0.0,0.0
2012-06-21 00:00:00-04:00,26.317279125195274,26.40958406709985,25.552464354061165,25.6520938873291,4247500,0.0,0.0
2012-06-22 00:00:00-04:00,25.80447751913988,26.197141107075545,25.722428661473884,26.034507751464844,8324500,0.0,0.0
2012-06-25 00:00:00-04:00,26.37882510827361,27.21982878290825,26.301172116135373,26.90921401977539,9535500,0.0,0.0
2012-06-26 00:00:00-04:00,27.181722733344035,27.948004560003668,27.1348380887345,27.68134307861328,10385000,0.0,0.0
2012-06-27 00:00:00-04:00,27.926026261015316,28.424182266050085,27.62420338062975,27.8952579498291,9526000,0.0,0.0
2012-06-28 00:00:00-04:00,27.380983284851805,27.883535119470363,27.235933485740183,27.843975067138672,6864000,0.0,0.0
2012-06-29 00:00:00-04:00,28.661535914308157,28.68790834966173,28.060818953543862,28.386085510253906,7836000,0.0,0.0
2012-07-02 00:00:00-04:00,28.682051134802325,28.82124071049044,28.06521777616279,28.342132568359375,4511000,0.0,0.0
2012-07-03 00:00:00-04:00,28.485718143178975,29.295955905709274,28.485718143178975,29.208044052124023,5408500,0.0,0.0
2012-07-05 00:00:00-04:00,29.165560665813704,29.644668898569684,28.89890192659242,29.26812171936035,6126000,0.0,0.0
2012-07-06 00:00:00-04:00,28.835897678338362,28.96629832694609,28.52674736861675,28.742128372192383,4816000,0.0,0.0
2012-07-09 00:00:00-04:00,29.010252959716926,29.194865657223545,28.53700494259247,28.66594123840332,5185500,0.0,0.0
2012-07-10 00:00:00-04:00,28.76556290005763,28.84028713320637,27.852766946670975,27.980236053466797,5317500,0.0,0.0
2012-07-11 00:00:00-04:00,28.71721533809032,28.939920895016463,28.06375064285478,28.525278091430664,9862000,0.0,0.0
2012-07-12 00:00:00-04:00,28.293788018547744,28.542866052650787,27.86156445332714,28.349464416503906,6614000,0.0,0.0
2012-07-13 00:00:00-04:00,28.449085661487462,28.790468541353242,28.2117281610053,28.599998474121094,5044500,0.0,0.0
2012-07-16 00:00:00-04:00,28.472534291058547,29.354562013273117,28.277665524095184,29.105484008789062,7034000,0.0,0.0
2012-07-17 00:00:00-04:00,29.285705994397727,30.051985197578333,29.285705994397727,29.836606979370117,9860000,0.0,0.0
2012-07-18 00:00:00-04:00,30.135497546286853,30.53841713058039,29.94062876836238,30.214614868164062,8133500,0.0,0.0
2012-07-19 00:00:00-04:00,30.177986610312825,30.198498819281234,29.63294591873876,29.83806800842285,5322000,0.0,0.0
2012-07-20 00:00:00-04:00,29.52158607698581,29.99776543667006,29.156759480696856,29.70912742614746,6477000,0.0,0.0
2012-07-23 00:00:00-04:00,29.029299738930998,29.45419872535959,28.743593148887896,29.001462936401367,6257500,0.0,0.0
2012-07-24 00:00:00-04:00,29.112811225156236,29.303281324148585,28.038843460683697,28.41978645324707,8485000,0.0,0.0
2012-07-25 00:00:00-04:00,28.673258973637665,28.81977593225072,28.009540979693142,28.657142639160156,6127000,0.0,0.0
2012-07-26 00:00:00-04:00,28.87837597846114,29.098152775157516,28.16044608109966,28.515016555786133,6254500,0.0,0.0
2012-07-27 00:00:00-04:00,28.824176700906335,29.479105856580446,28.567771281131137,29.345773696899414,6388500,0.0,0.0
2012-07-30 00:00:00-04:00,29.411693337323335,29.43220553836856,28.825628454189843,28.936981201171875,4470000,0.0,0.0
2012-07-31 00:00:00-04:00,29.042485335461112,29.12893004509773,28.56044562350529,28.68205451965332,5781500,0.0,0.0
2012-08-01 00:00:00-04:00,28.90621556506265,29.064452958370964,28.497435865231015,28.515016555786133,4405500,0.0,0.0
2012-08-02 00:00:00-04:00,28.1765810756341,28.805135131569028,27.967060262409493,28.481332778930664,5628500,0.0,0.0
2012-08-03 00:00:00-04:00,29.397036552807908,30.051965314836153,29.307663174848532,29.59922981262207,9359500,0.0,0.0
2012-08-06 00:00:00-04:00,29.846862618701238,29.961144138330205,29.099628484377618,29.81023406982422,7447500,0.0,0.0
2012-08-07 00:00:00-04:00,29.70035009549266,30.42560776848333,29.297430408088758,30.192646026611328,12021000,0.0,0.0
2012-08-08 00:00:00-04:00,30.145760179691745,30.95159952280883,30.018291026910827,30.39190673828125,7572000,0.0,0.0
2012-08-09 00:00:00-04:00,30.242454088101955,31.527401428307503,30.197033798583988,31.187482833862305,8576000,0.0,0.0
2012-08-10 00:00:00-04:00,31.122887796034295,31.20802811732292,30.330211217993917,30.52544403076172,8698000,0.08,0.0
2012-08-13 00:00:00-04:00,30.792608512387076,30.867473431693025,30.339020448055564,30.638477325439453,5535500,0.0,0.0
2012-08-14 00:00:00-04:00,30.85572248117375,31.002515247655435,30.47846655523057,30.548927307128906,4484000,0.0,0.0
2012-08-15 00:00:00-04:00,30.63262396420405,31.072999841383687,30.491702339582627,31.049514770507812,4752500,0.0,0.0
2012-08-16 00:00:00-04:00,31.045090159398473,31.83189551202473,30.91150980734345,31.720333099365234,6517500,0.0,0.0
2012-08-17 00:00:00-04:00,31.75997369224198,31.924380310767262,31.621989166002514,31.79960823059082,4126500,0.0,0.0
2012-08-20 00:00:00-04:00,31.780515212463612,32.03740327851855,31.25940350108959,31.64546775817871,5050500,0.0,0.0
2012-08-21 00:00:00-04:00,31.56620754291929,31.82456279716396,30.899769980176448,31.031883239746094,4659000,0.0,0.0
2012-08-22 00:00:00-04:00,31.01280942489843,31.384191513061523,30.68839746663962,31.384191513061523,3584000,0.0,0.0
2012-08-23 00:00:00-04:00,31.200686375406836,31.268212904783468,30.280300731948795,30.346357345581055,5011000,0.0,0.0
2012-08-24 00:00:00-04:00,30.397736024150777,30.663429608775033,30.189290761108172,30.47260093688965,4541500,0.0,0.0
2012-08-27 00:00:00-04:00,30.4770081026603,30.4770081026603,30.13351530776067,30.230398178100586,2724000,0.0,0.0
2012-08-28 00:00:00-04:00,30.09241523643191,30.477009705653256,30.001403626198375,30.35664176940918,3799000,0.0,0.0
2012-08-29 00:00:00-04:00,30.485814638020322,30.531320438113664,30.06452270791233,30.459392547607422,4152500,0.0,0.0
2012-08-30 00:00:00-04:00,30.41388342700629,30.41388342700629,29.7180896561247,29.88102912902832,2829500,0.0,0.0
2012-08-31 00:00:00-04:00,30.15113191949276,30.57242387418943,29.817911738086035,30.387466430664062,3456000,0.0,0.0
2012-09-04 00:00:00-04:00,30.361055288469377,30.700144057225426,29.735719154084457,30.055727005004883,4803500,0.0,0.0
2012-09-05 00:00:00-04:00,30.377195230866754,30.673715148080433,29.822320023481684,30.570960998535156,4859500,0.0,0.0
2012-09-06 00:00:00-04:00,30.82784687329376,31.31813256614207,30.685458178084442,31.249141693115234,4576500,0.0,0.0
2012-09-07 00:00:00-04:00,31.299040086153592,31.755562332113143,31.299040086153592,31.555925369262695,4164500,0.0,0.0
2012-09-10 00:00:00-04:00,31.78198800898661,31.78198800898661,31.14197540283203,31.14197540283203,3828000,0.0,0.0
2012-09-11 00:00:00-04:00,31.119957760680553,31.542719592591137,30.9907787454768,31.01573371887207,4228000,0.0,0.0
2012-09-12 00:00:00-04:00,30.692807376008926,31.868611956088873,30.692807376008926,31.500164031982422,7160500,0.0,0.0
2012-09-13 00:00:00-04:00,31.558859132962237,32.55264249645653,31.278486024499877,32.36034393310547,6150000,0.0,0.0
2012-09-14 00:00:00-04:00,33.04293473679499,33.467163675940945,32.561454671733095,32.83595657348633,7374500,0.0,0.0
2012-09-17 00:00:00-04:00,32.56585642476859,32.56585642476859,32.050615928298406,32.35447692871094,4473000,0.0,0.0
2012-09-18 00:00:00-04:00,32.372099203442055,32.734675736726345,31.914106908817562,32.26641082763672,3919000,0.0,0.0
2012-09-19 00:00:00-04:00,32.29575795281667,32.891734612576265,32.29575795281667,32.70824432373047,5435500,0.0,0.0
2012-09-20 00:00:00-04:00,32.50862295641609,32.5541287714705,31.723284367363426,32.28403091430664,6714500,0.0,0.0
2012-09-21 00:00:00-04:00,32.53356624763961,32.5878803428227,32.03740941000367,32.10346603393555,4856000,0.0,0.0
2012-09-24 00:00:00-04:00,31.723272870898676,32.07410681472195,31.723272870898676,31.821622848510742,2839500,0.0,0.0
2012-09-25 00:00:00-04:00,31.88620865434134,32.11080058898542,31.412069814554982,31.4340877532959,4277500,0.0,0.0
2012-09-26 00:00:00-04:00,31.464916768493392,31.87006479610871,31.281426463195697,31.692445755004883,3967500,0.0,0.0
2012-09-27 00:00:00-04:00,31.98309551616796,32.392644907219946,31.793733939661774,32.31190872192383,3731000,0.0,0.0
2012-09-28 00:00:00-04:00,32.34568034044511,32.7258735075674,32.30898282852258,32.62311935424805,6344000,0.0,0.0
2012-10-01 00:00:00-04:00,32.740541882782196,33.24844120987078,32.71999105914185,32.95632553100586,4890000,0.0,0.0
2012-10-02 00:00:00-04:00,32.75376366066284,32.94606232444527,32.269349209797724,32.590824127197266,5485500,0.0,0.0
2012-10-03 00:00:00-04:00,32.37355357848319,32.57319050341653,32.04620479438672,32.29134750366211,5138000,0.0,0.0
2012-10-04 00:00:00-04:00,32.407311543143834,32.830073210391106,32.31189583495403,32.82273483276367,3842000,0.0,0.0
2012-10-05 00:00:00-04:00,33.051746391885885,33.10899472377969,32.39118010129531,32.57613754272461,3586500,0.0,0.0
2012-10-08 00:00:00-04:00,32.40732934041879,32.463110560473034,31.897959978273118,32.02566909790039,3769500,0.0,0.0
2012-10-09 00:00:00-04:00,31.924382072016623,32.37063183245057,31.786397538164632,32.02566909790039,3921000,0.0,0.0
2012-10-10 00:00:00-04:00,31.881817932337956,32.06971244825801,31.291712286994215,31.362173080444336,5349000,0.0,0.0
2012-10-11 00:00:00-04:00,31.67043433973559,32.28402497193758,31.506024909232863,31.528045654296875,5940500,0.0,0.0
2012-10-12 00:00:00-04:00,31.620523081856916,31.63813687734232,30.833714753528707,30.901241302490234,4557500,0.0,0.0
2012-10-15 00:00:00-04:00,30.385992149750447,30.839580154188425,30.319935535518137,30.792604446411133,3792000,0.0,0.0
2012-10-16 00:00:00-04:00,30.962888834905815,31.605838464668782,30.857197679374405,31.304914474487305,4847000,0.0,0.0
2012-10-17 00:00:00-04:00,31.23005112285466,31.83630328176113,31.112617432985708,31.701255798339844,3227000,0.0,0.0
2012-10-18 00:00:00-04:00,31.535385879042575,31.604379551207792,30.943813157492205,31.061246871948242,4021500,0.0,0.0
2012-10-19 00:00:00-04:00,30.879215275626166,30.998118874212256,30.174613179624988,30.339019775390625,6944500,0.0,0.0
2012-10-22 00:00:00-04:00,30.15112501150836,30.810221242473794,30.15112501150836,30.799945831298828,4184500,0.0,0.0
2012-10-23 00:00:00-04:00,30.20250441406753,30.31700106181635,29.48615700817723,30.173145294189453,6074500,0.0,0.0
2012-10-24 00:00:00-04:00,30.393340818945102,30.488756582881653,30.00580929753938,30.092416763305664,4314500,0.0,0.0
2012-10-25 00:00:00-04:00,30.179017179730764,30.179017179730764,29.588911737291216,29.888368606567383,4154500,0.0,0.0
2012-10-26 00:00:00-04:00,29.969109482449454,30.242141506156035,29.659377152470675,30.06599235534668,2930000,0.0,0.0
2012-10-31 00:00:00-04:00,30.108553950973562,30.409477911739767,29.911854019455134,30.120296478271484,2908000,0.0,0.0
2012-11-01 00:00:00-04:00,30.1848867548256,30.97316201665485,30.08066552273554,30.95554542541504,4021500,0.0,0.0
2012-11-02 00:00:00-04:00,30.239201361431956,30.8674713962076,29.148534996465212,29.2160587310791,11445500,0.0,0.0
2012-11-05 00:00:00-05:00,29.082473898290136,30.309657459316345,29.082473898290136,30.162864685058594,6241500,0.0,0.0
2012-11-06 00:00:00-05:00,30.5313210225807,30.65022183163491,30.09241249056864,30.28764533996582,6785000,0.0,0.0
2012-11-07 00:00:00-05:00,29.784153099720047,29.945622693765394,29.377537882296775,29.650569915771484,4825000,0.0,0.0
2012-11-08 00:00:00-05:00,29.731304639893843,29.754792499603994,28.169436164934865,28.734586715698242,8141500,0.0,0.0
2012-11-09 00:00:00-05:00,28.465951713142676,29.311475336287884,28.30447935182598,28.777151107788086,4387000,0.0,0.0
2012-11-12 00:00:00-05:00,28.900458647681052,29.16468515361739,28.70522580044945,28.947431564331055,3561000,0.0,0.0
2012-11-13 00:00:00-05:00,28.803577156229007,29.349643987955417,28.706694286086577,28.95770835876465,4918500,0.0,0.0
2012-11-14 00:00:00-05:00,28.678233850900998,29.362204887165134,28.628222498314617,28.71794891357422,4256000,0.08,0.0
2012-11-15 00:00:00-05:00,28.81208045440441,29.173923439002657,28.400228931713787,28.653223037719727,5145500,0.0,0.0
2012-11-16 00:00:00-05:00,28.819446775376548,29.0533212904803,28.587042357510317,28.76796531677246,5038000,0.0,0.0
2012-11-19 00:00:00-05:00,29.269539684047746,29.993225817750798,29.075380263349732,29.954980850219727,5539500,0.0,0.0
2012-11-20 00:00:00-05:00,29.82994523704955,30.477141218051116,29.681384124619772,30.274158477783203,4277500,0.0,0.0
2012-11-21 00:00:00-05:00,30.110900932410253,30.541875072899888,30.035883892892542,30.48451042175293,3092000,0.0,0.0
2012-11-23 00:00:00-05:00,30.713969742181185,30.914012361755777,30.6330695138871,30.90665626525879,1976000,0.0,0.0
2012-11-26 00:00:00-05:00,30.84928352999559,30.858109721266416,30.16531262259565,30.650711059570312,2945000,0.0,0.0
2012-11-27 00:00:00-05:00,30.693378148756985,30.949315326725532,30.559523560174153,30.637483596801758,3350500,0.0,0.0
2012-11-28 00:00:00-05:00,30.300640246359304,30.730144190042857,30.038819925660768,30.67424964904785,3465500,0.0,0.0
2012-11-29 00:00:00-05:00,30.905187711461487,31.587688735177593,30.88459512908768,31.374406814575195,6061000,0.0,0.0
2012-11-30 00:00:00-05:00,31.387640490160354,31.559734409697484,31.19936428262841,31.48177719116211,4628500,0.0,0.0
2012-12-03 00:00:00-05:00,31.393527070229275,31.624458556953286,30.741914966351167,30.783100128173828,5032500,0.0,0.0
2012-12-04 00:00:00-05:00,30.727213752268632,31.365586735848176,30.68161548161799,31.25968360900879,5058000,0.0,0.0
2012-12-05 00:00:00-05:00,31.35233810917405,31.38911016984133,30.955193120699263,31.144939422607422,3737500,0.0,0.0
2012-12-06 00:00:00-05:00,31.166999679927745,31.403817118866964,30.77279772132151,31.14052391052246,2653000,0.0,0.0
2012-12-07 00:00:00-05:00,31.459723719926274,31.459723719926274,31.0802281945062,31.228792190551758,2194000,0.0,0.0
2012-12-10 00:00:00-05:00,31.208195908589364,31.534737060035077,31.159657448375928,31.431774139404297,2455000,0.0,0.0
2012-12-11 00:00:00-05:00,31.54797385954004,32.139278363333005,31.45530723829409,31.95100212097168,3903500,0.0,0.0
2012-12-12 00:00:00-05:00,31.75977930074831,31.898046973984112,30.708084809076794,30.843406677246094,7208000,0.0,0.0
2012-12-13 00:00:00-05:00,30.791925238854038,30.877238559142036,29.5975499769366,29.787296295166016,8679000,0.0,0.0
2012-12-14 00:00:00-05:00,29.571081594346776,30.440386081562277,29.571081594346776,30.29918098449707,4317500,0.0,0.0
2012-12-17 00:00:00-05:00,30.408022172929446,30.412435269860733,29.697575288627803,30.191797256469727,5433500,0.0,0.0
2012-12-18 00:00:00-05:00,30.285927430893143,30.503622377299347,29.874073112607462,30.224149703979492,5285500,0.0,0.0
2012-12-19 00:00:00-05:00,30.26827709564286,30.650712673016034,30.232977939757525,30.250627517700195,3622000,0.0,0.0
2012-12-20 00:00:00-05:00,30.153555294017686,30.191797458463217,29.518125442238897,30.047649383544922,5220000,0.0,0.0
2012-12-21 00:00:00-05:00,29.491642399475968,29.84907233841779,29.3592607327917,29.38867950439453,5537500,0.0,0.0
2012-12-24 00:00:00-05:00,29.35632310104528,29.69169039331867,29.182756261180256,29.596080780029297,1713500,0.0,0.0
2012-12-26 00:00:00-05:00,29.690211546036632,29.99174690708649,29.529884028308366,29.737279891967773,1787000,0.0,0.0
2012-12-27 00:00:00-05:00,29.794643878310133,29.950558282171723,29.271000524627578,29.625490188598633,3223000,0.0,0.0
2012-12-28 00:00:00-05:00,29.40192633753209,29.637270959685008,29.30484661075578,29.365154266357422,2297000,0.0,0.0
2012-12-31 00:00:00-05:00,29.251882724008233,30.003517417321817,29.1945180872089,29.882902145385742,4129500,0.0,0.0
2013-01-02 00:00:00-05:00,30.733091039447455,30.847823145506613,30.156498731407876,30.48303985595703,5048500,0.0,0.0
2013-01-03 00:00:00-05:00,30.45657003933447,30.786054258570086,30.22563846911673,30.338897705078125,4025500,0.0,0.0
2013-01-04 00:00:00-05:00,30.50950899081427,31.155235002456962,30.50950899081427,31.01844024658203,4534000,0.0,0.0
2013-01-07 00:00:00-05:00,30.899299661133465,30.991966267252057,30.43449372808177,30.90224266052246,3604000,0.0,0.0
2013-01-08 00:00:00-05:00,30.80516912867412,30.80516912867412,30.334477102560026,30.449209213256836,5063000,0.0,0.0
2013-01-09 00:00:00-05:00,30.44773342927096,31.749481834403326,30.44773342927096,31.514137268066406,8226500,0.0,0.0
2013-01-10 00:00:00-05:00,31.775964878007308,32.09662000096979,31.361167426435017,31.987773895263672,9967500,0.0,0.0
2013-01-11 00:00:00-05:00,32.00983996321008,32.327557731020796,31.73919336468709,32.09074020385742,9884500,0.0,0.0
2013-01-14 00:00:00-05:00,32.09957155431225,32.29226094328973,31.918651362311564,32.167232513427734,3598500,0.0,0.0
2013-01-15 00:00:00-05:00,32.152494994567675,32.18632684729438,31.77153245358094,31.920093536376953,3780500,0.0,0.0
2013-01-16 00:00:00-05:00,31.824497947896383,32.24517852242771,31.674466702961762,32.043663024902344,3215500,0.0,0.0
2013-01-17 00:00:00-05:00,32.19811132100982,32.19811132100982,31.890692697783503,31.977476119995117,3353000,0.0,0.0
2013-01-18 00:00:00-05:00,32.13780493674369,32.44522354521194,31.82303023212844,32.22164535522461,4615000,0.0,0.0
2013-01-22 00:00:00-05:00,32.374615702519094,33.00710522942807,32.299598680730895,32.90119934082031,5348500,0.0,0.0
2013-01-23 00:00:00-05:00,32.90119561545528,33.13359713870761,32.78940654661512,32.9159049987793,3909500,0.0,0.0
2013-01-24 00:00:00-05:00,32.98210696723722,33.54693288901628,32.92474231675683,33.311588287353516,5863500,0.0,0.0
2013-01-25 00:00:00-05:00,33.832278962317666,34.05144401446375,33.351293608306115,33.87199401855469,5307000,0.0,0.0
2013-01-28 00:00:00-05:00,33.92790755987458,33.92790755987458,33.366021681913594,33.56459426879883,3861000,0.0,0.0
2013-01-29 00:00:00-05:00,33.56605791558144,33.80140253506174,33.53369894219987,33.695499420166016,2386000,0.0,0.0
2013-01-30 00:00:00-05:00,33.66165769346495,34.33533238138493,33.61900244053257,33.90288543701172,3845000,0.0,0.0
2013-01-31 00:00:00-05:00,33.67196434836113,34.0264513802576,33.451329114932285,33.708736419677734,3785000,0.0,0.0
2013-02-01 00:00:00-05:00,34.0926394884876,34.0926394884876,33.717559902382234,33.82493591308594,4059000,0.0,0.0
2013-02-04 00:00:00-05:00,33.7396289469578,33.84847507538055,33.567532155718574,33.67049789428711,4546000,0.0,0.0
2013-02-05 00:00:00-05:00,33.820509353733634,33.944064800891574,33.426307439003494,33.46602249145508,3279500,0.0,0.0
2013-02-06 00:00:00-05:00,33.22774980792742,33.526342271785964,33.139496278512794,33.230690002441406,2493000,0.0,0.0
2013-02-07 00:00:00-05:00,33.43514862708024,33.59988929718565,32.97475288140062,33.1439094543457,3040500,0.0,0.0
2013-02-08 00:00:00-05:00,33.1542049058631,33.39395980758347,32.94827626792192,33.2659912109375,2335500,0.0,0.0
2013-02-11 00:00:00-05:00,33.27334118396596,33.43808181957422,32.992398361943216,33.18655776977539,1680000,0.0,0.0
2013-02-12 00:00:00-05:00,33.34834994992273,33.34834994992273,32.376080249145986,32.409912109375,5382000,0.0,0.0
2013-02-13 00:00:00-05:00,32.46433985189259,32.6423197660843,31.787724964119406,32.04954528808594,5664000,0.0,0.0
2013-02-14 00:00:00-05:00,32.23080370713838,32.29564348145522,31.8461918957143,32.10407257080078,3483000,0.08,0.0
2013-02-15 00:00:00-05:00,32.05838191889201,32.111433651284464,31.604512051515417,31.9287052154541,5778000,0.0,0.0
2013-02-19 00:00:00-05:00,32.036289126538826,32.40469171926907,31.91545480750756,32.20280838012695,5283500,0.0,0.0
2013-02-20 00:00:00-05:00,31.968506171622394,31.968506171622394,30.400583021550407,30.514053344726562,13309000,0.0,0.0
2013-02-21 00:00:00-05:00,29.940815294831424,30.237008469736416,29.413260288170193,30.051334381103516,9966000,0.0,0.0
2013-02-22 00:00:00-05:00,30.01890834569317,30.046905607750606,29.32778549009982,29.69618797302246,7476500,0.0,0.0
2013-02-25 00:00:00-05:00,29.85682084938242,29.949657902974963,29.062545469068446,29.068439483642578,7406000,0.0,0.0
2013-02-26 00:00:00-05:00,29.184846428602533,29.279156254155527,27.97206546901393,28.769289016723633,15498000,0.0,0.0
2013-02-27 00:00:00-05:00,28.74424159799764,29.491361931503995,28.670559400886617,29.30568504333496,6256500,0.0,0.0
2013-02-28 00:00:00-05:00,29.22905977055136,29.818506155622224,29.124434695507595,29.59451675415039,6466500,0.0,0.0
2013-03-01 00:00:00-05:00,29.405900839571324,29.76398827774384,29.19370222950468,29.693254470825195,6805500,0.0,0.0
2013-03-04 00:00:00-05:00,29.619562163160857,29.646086626532483,29.261474880923746,29.53409194946289,8081000,0.0,0.0
2013-03-05 00:00:00-05:00,29.677035715363605,29.965862055253606,29.520834518272846,29.69766616821289,4758000,0.0,0.0
2013-03-06 00:00:00-05:00,29.892184496604223,30.12206790412774,29.654934274336437,29.769874572753906,5719000,0.0,0.0
2013-03-07 00:00:00-05:00,29.783150268987573,30.004191339749347,29.55326676840221,29.87893295288086,5078500,0.0,0.0
2013-03-08 00:00:00-05:00,30.06311828932288,30.592146024312044,29.747767504164134,30.52436065673828,6631500,0.0,0.0
2013-03-11 00:00:00-04:00,30.494885740442864,30.739505540421245,30.260581165507237,30.673192977905273,5606500,0.0,0.0
2013-03-12 00:00:00-04:00,30.608362726799918,30.648150838810402,30.28269382580878,30.46247673034668,4883500,0.0,0.0
2013-03-13 00:00:00-04:00,30.481623179860186,30.646669597059407,29.93491342260405,30.048383712768555,5518000,0.0,0.0
2013-03-14 00:00:00-04:00,30.16628305296554,30.1883863121574,29.734513423352542,29.98944854736328,5442000,0.0,0.0
2013-03-15 00:00:00-04:00,29.78167262082219,30.270912480830795,29.721256849663963,30.04545021057129,8223000,0.0,0.0
2013-03-18 00:00:00-04:00,29.61808356401957,29.911331025623717,29.3248332917279,29.777233123779297,7721000,0.0,0.0
2013-03-19 00:00:00-04:00,29.797879809655665,29.865665197651683,28.77224531918473,28.943185806274414,6925000,0.0,0.0
2013-03-20 00:00:00-04:00,29.159802741278476,29.177484784397528,28.803188170167527,28.956443786621094,4876000,0.0,0.0
2013-03-21 00:00:00-04:00,28.809080958522514,28.8739207352439,28.551200273872677,28.56740951538086,4104000,0.0,0.0
2013-03-22 00:00:00-04:00,28.610147056249115,28.713299333785802,28.33900272214322,28.477521896362305,3787000,0.0,0.0
2013-03-25 00:00:00-04:00,28.58508969769112,28.636665826193656,28.014801061551385,28.221105575561523,5644500,0.0,0.0
2013-03-26 00:00:00-04:00,28.364056665857387,28.514366706379306,28.041336135121647,28.489315032958984,4869500,0.0,0.0
2013-03-27 00:00:00-04:00,28.181320129727652,28.487831297828762,28.016273708735238,28.25794792175293,5202000,0.0,0.0
2013-03-28 00:00:00-04:00,28.26236492364185,28.579188459497285,27.960275013064358,28.053112030029297,5176500,0.0,0.0
2013-04-01 00:00:00-04:00,27.967650857656828,28.04133025059181,27.786397977051113,28.001544952392578,5311000,0.0,0.0
2013-04-02 00:00:00-04:00,28.10174398319286,28.196056625479475,27.2529442560543,27.426830291748047,8886000,0.0,0.0
2013-04-03 00:00:00-04:00,27.5653564500034,27.697981616774037,27.157168532091315,27.618408203125,8097500,0.0,0.0
2013-04-04 00:00:00-04:00,27.557990490752513,28.069333518134414,27.55062086420907,28.008914947509766,5128000,0.0,0.0
2013-04-05 00:00:00-04:00,27.541772127244197,28.041324148874644,27.532929702595712,27.994169235229492,4175000,0.0,0.0
2013-04-08 00:00:00-04:00,27.97206712022484,28.03985248701047,27.70386844360453,27.952909469604492,2060000,0.0,0.0
2013-04-09 00:00:00-04:00,28.069316477779488,28.51434664954592,28.02363437728547,28.142995834350586,4078000,0.0,0.0
2013-04-10 00:00:00-04:00,28.219632944331263,28.318363989387574,27.80702391383432,28.166584014892578,4794500,0.0,0.0
2013-04-11 00:00:00-04:00,28.16658303527173,28.16658303527173,27.711237506247013,27.776077270507812,4363000,0.0,0.0
2013-04-12 00:00:00-04:00,27.67292523715101,27.67292523715101,26.660554614742423,26.855073928833008,11530000,0.0,0.0
2013-04-15 00:00:00-04:00,26.603081107353344,26.697393745665412,25.847121253746536,25.860382080078125,6342500,0.0,0.0
2013-04-16 00:00:00-04:00,26.054909775108342,26.26416278158509,25.792607819092417,26.08143424987793,6024500,0.0,0.0
2013-04-17 00:00:00-04:00,25.879544874995542,25.879544874995542,25.129476074473022,25.468408584594727,6846500,0.0,0.0
2013-04-18 00:00:00-04:00,25.583345356897997,26.48961524248148,25.583345356897997,26.23910140991211,7600500,0.0,0.0
2013-04-19 00:00:00-04:00,26.33636370614766,26.57951076222687,26.08584983504575,26.399730682373047,4802500,0.0,0.0
2013-04-22 00:00:00-04:00,26.352570194772404,26.492564961776928,25.939961140077095,26.250890731811523,3885500,0.0,0.0
2013-04-23 00:00:00-04:00,26.383520620115785,26.51614578603731,25.876598825520432,26.439517974853516,7082000,0.0,0.0
2013-04-24 00:00:00-04:00,26.52793020398434,27.630189366722316,26.507299752532543,27.56977081298828,5579500,0.0,0.0
2013-04-25 00:00:00-04:00,27.708283807685962,28.539401315768224,27.703862596115368,28.1739444732666,6469500,0.0,0.0
2013-04-26 00:00:00-04:00,28.0339626959346,28.060487164263836,27.29420913092708,27.372312545776367,3629500,0.0,0.0
2013-04-29 00:00:00-04:00,27.66702418955101,27.821752548217773,27.36346148435417,27.821752548217773,4331000,0.0,0.0
2013-04-30 00:00:00-04:00,27.826174811744934,27.839438447569577,27.34135926959772,27.484296798706055,5158000,0.0,0.0
2013-05-01 00:00:00-04:00,27.373784221886023,27.373784221886023,26.921384235295566,27.031906127929688,4084000,0.0,0.0
2013-05-02 00:00:00-04:00,27.1497909456145,27.26031282241529,26.734233523227033,27.108530044555664,3530000,0.0,0.0
2013-05-03 00:00:00-04:00,27.363468616355032,27.466620882351762,27.024538939311935,27.11442756652832,5067500,0.0,0.0
2013-05-06 00:00:00-04:00,27.192525702676473,27.485776044513205,27.059903380331253,27.426830291748047,3018000,0.0,0.0
2013-05-07 00:00:00-04:00,27.443054611487128,27.851245460567846,27.35316594301789,27.584522247314453,6189000,0.0,0.0
2013-05-08 00:00:00-04:00,27.42535317068374,28.193103772166754,27.261782386423192,28.103212356567383,6325000,0.0,0.0
2013-05-09 00:00:00-04:00,28.163639952776933,29.086122022052766,28.14595791046248,28.733928680419922,6552000,0.0,0.0
2013-05-10 00:00:00-04:00,28.949073380970393,28.987385874987755,28.019224569746843,28.73097801208496,5105500,0.0,0.0
2013-05-13 00:00:00-04:00,28.5379471664486,28.641102289068176,28.09439222515012,28.244699478149414,4076000,0.0,0.0
2013-05-14 00:00:00-04:00,28.231428371244757,28.44067852176604,28.04280586491372,28.414154052734375,3272000,0.0,0.0
2013-05-15 00:00:00-04:00,28.188230141048177,28.479132836984103,27.87960300894087,28.07452392578125,5987500,0.08,0.0
2013-05-16 00:00:00-04:00,28.11585816890338,28.56033484992805,27.853008274853913,28.16754150390625,3486500,0.0,0.0
2013-05-17 00:00:00-04:00,28.236945932576372,28.341791289644682,27.92241549443293,28.13357925415039,4896000,0.0,0.0
2013-05-20 00:00:00-04:00,28.005110879031633,28.315210936919023,27.82200256873758,28.27534294128418,3076500,0.0,0.0
2013-05-21 00:00:00-04:00,28.219228592555375,28.663705332703152,27.824956515566676,27.839723587036133,4552000,0.0,0.0
2013-05-22 00:00:00-04:00,27.84563834341212,28.452550238261363,27.665484522999083,27.897321701049805,5118500,0.0,0.0
2013-05-23 00:00:00-04:00,27.52371453687571,28.07303664115224,27.359803704561113,27.891407012939453,3848000,0.0,0.0
2013-05-24 00:00:00-04:00,27.708297888937473,27.709773751086075,27.29630702701164,27.57392120361328,2825000,0.0,0.0
2013-05-28 00:00:00-04:00,27.97262449800069,28.14834786091408,27.767366992059415,27.891407012939453,2905000,0.0,0.0
2013-05-29 00:00:00-04:00,27.819048831003265,28.830569234542295,27.702390943917884,28.6474609375,4744000,0.0,0.0
2013-05-30 00:00:00-04:00,28.74492639439505,28.861584301948454,28.4377780292845,28.747880935668945,3846500,0.0,0.0
2013-05-31 00:00:00-04:00,28.59578652720054,28.684386162631125,28.192653538714197,28.198562622070312,3332000,0.0,0.0
2013-06-03 00:00:00-04:00,28.291587413111582,28.607593753583597,28.171974970112522,28.58249282836914,3644500,0.0,0.0
2013-06-04 00:00:00-04:00,28.523434158113965,28.845349689418253,28.33884991331272,28.650428771972656,3979500,0.0,0.0
2013-06-05 00:00:00-04:00,28.523425050217675,28.90736049479258,28.28125125180309,28.324073791503906,6121000,0.0,0.0
2013-06-06 00:00:00-04:00,28.18969915536599,28.526381681398366,27.938664531541438,28.482080459594727,4133000,0.0,0.0
2013-06-07 00:00:00-04:00,28.514578407103887,28.780380217419314,28.392014176424382,28.70949935913086,3222000,0.0,0.0
2013-06-10 00:00:00-04:00,28.83647732463318,28.979714821460927,28.430392712097238,28.61497688293457,3093500,0.0,0.0
2013-06-11 00:00:00-04:00,28.331459551238815,28.331459551238815,27.70091988660098,27.72602081298828,3718500,0.0,0.0
2013-06-12 00:00:00-04:00,27.892886453708574,28.04055437126247,27.012788030973606,27.096960067749023,5485000,0.0,0.0
2013-06-13 00:00:00-04:00,26.83411415032228,27.441025967605988,26.828205067463102,27.412967681884766,3792500,0.0,0.0
2013-06-14 00:00:00-04:00,27.319937056975824,27.52076419041802,27.037892426093983,27.25348663330078,4663500,0.0,0.0
2013-06-17 00:00:00-04:00,27.370137604544496,27.448400540774475,27.09695385049568,27.300735473632812,4412000,0.0,0.0
2013-06-18 00:00:00-04:00,27.277113640245695,27.95343038771554,27.277113640245695,27.854494094848633,3956000,0.0,0.0
2013-06-19 00:00:00-04:00,27.975570404640784,28.281242806697485,27.75554587294143,28.022823333740234,6050000,0.0,0.0
2013-06-20 00:00:00-04:00,27.500092360613063,27.625611086239342,27.045278856425224,27.23281478881836,6656500,0.0,0.0
2013-06-21 00:00:00-04:00,27.34209600665563,27.383442697064684,26.727799101684504,26.974403381347656,7893000,0.0,0.0
2013-06-24 00:00:00-04:00,26.608174817218742,26.608174817218742,25.784193100083357,26.038179397583008,5787000,0.0,0.0
2013-06-25 00:00:00-04:00,26.209475576041932,26.262634779095215,25.794530170201874,25.821109771728516,5597000,0.0,0.0
2013-06-26 00:00:00-04:00,25.945161982393305,26.425082163686735,25.697081829522165,26.119409561157227,4409000,0.0,0.0
2013-06-27 00:00:00-04:00,26.284782923089708,26.284782923089708,25.738415393695803,25.89789581298828,6226500,0.0,0.0
2013-06-28 00:00:00-04:00,25.82554260372907,26.094296001653618,25.324949264526367,25.324949264526367,10343000,0.0,0.0
2013-07-01 00:00:00-04:00,25.578943188187615,25.726611125034083,25.130033110819415,25.144800186157227,7855000,0.0,0.0
2013-07-02 00:00:00-04:00,25.234877233418665,25.671971938645978,25.004515939474913,25.375160217285156,6442500,0.0,0.0
2013-07-03 00:00:00-04:00,25.38697099014149,25.865415160984032,25.38697099014149,25.844741821289062,2809500,0.0,0.0
2013-07-05 00:00:00-04:00,25.992412418290908,26.027852839049668,25.43570799124703,25.90824317932129,3990500,0.0,0.0
2013-07-08 00:00:00-04:00,26.064771653737296,26.30399381295744,25.986508674538495,26.119409561157227,2895500,0.0,0.0
2013-07-09 00:00:00-04:00,26.30399319880182,26.909429305248004,26.272983180416958,26.757333755493164,4941500,0.0,0.0
2013-07-10 00:00:00-04:00,26.779481474596572,26.943392367381456,26.404406732668093,26.70417022705078,3528000,0.0,0.0
2013-07-11 00:00:00-04:00,27.120585219174806,27.70239608390965,27.02312478759026,27.695011138916016,6049000,0.0,0.0
2013-07-12 00:00:00-04:00,26.87102862292376,27.680246202651993,26.87102862292376,27.191465377807617,4202000,0.0,0.0
2013-07-15 00:00:00-04:00,27.26530618363862,27.398207051467875,26.74551524654099,27.367197036743164,3810500,0.0,0.0
2013-07-16 00:00:00-04:00,27.34946657364113,27.427729516463693,26.578644042752817,26.752891540527344,3642000,0.0,0.0
2013-07-17 00:00:00-04:00,26.956676219877252,27.223956606328535,26.83263617415068,27.113204956054688,2566500,0.0,0.0
2013-07-18 00:00:00-04:00,27.1648932203922,27.438077106191567,26.977354438872393,27.01722526550293,3670000,0.0,0.0
2013-07-19 00:00:00-04:00,27.120586367324897,27.322892184052243,26.98768551712586,27.158981323242188,2891500,0.0,0.0
2013-07-22 00:00:00-04:00,27.195894678341205,27.40410673902511,26.93895381330299,26.959627151489258,2768500,0.0,0.0
2013-07-23 00:00:00-04:00,27.023131555404905,27.06447824482426,26.689403498006385,26.727798461914062,3417000,0.0,0.0
2013-07-24 00:00:00-04:00,26.690877430023207,26.798674539198178,26.2582103142985,26.54468536376953,3422500,0.0,0.0
2013-07-25 00:00:00-04:00,26.35862578866032,26.718933400994352,26.2139123987183,26.59784507751465,3609000,0.0,0.0
2013-07-26 00:00:00-04:00,26.57865464414681,26.798679305642096,26.355675440607865,26.727798461914062,2422000,0.0,0.0
2013-07-29 00:00:00-04:00,26.633283790920736,29.942510968299143,26.478233740181814,29.873106002807617,28285500,0.0,0.0
2013-07-30 00:00:00-04:00,29.049124617185946,30.041447775303276,28.979719650515417,29.125911712646484,20524000,0.0,0.0
2013-07-31 00:00:00-04:00,29.11999826985651,29.446344080835324,28.803991944085887,28.94427490234375,7076500,0.0,0.0
2013-08-01 00:00:00-04:00,29.30015746165103,29.430106591805583,28.781845253131124,28.939849853515625,6348000,0.0,0.0
2013-08-02 00:00:00-04:00,28.9044062617543,28.994484562156302,28.325549955803446,28.550004959106445,4752500,0.0,0.0
2013-08-05 00:00:00-04:00,28.501269975037403,28.731631194304452,28.33292875905026,28.51308250427246,3618500,0.0,0.0
2013-08-06 00:00:00-04:00,28.570668923722167,28.570668923722167,27.53995122466972,27.988861083984375,7566500,0.0,0.0
2013-08-07 00:00:00-04:00,28.42596493222976,28.445162408800392,27.334702740355493,28.039077758789062,8002000,0.0,0.0
2013-08-08 00:00:00-04:00,28.366903588039023,28.82762623939119,28.201516836230105,28.338848114013672,5621000,0.0,0.0
2013-08-09 00:00:00-04:00,28.250249384142876,28.496853657125925,27.48090241097814,27.79838752746582,6451000,0.0,0.0
2013-08-12 00:00:00-04:00,27.637429133949013,28.126210105374604,27.514864925394466,28.07452392578125,4830000,0.0,0.0
2013-08-13 00:00:00-04:00,28.08633345073671,28.25615058221132,27.894364299308744,28.061229705810547,4782000,0.0,0.0
2013-08-14 00:00:00-04:00,27.762317184819594,28.228451446813125,27.720883279084447,27.827428817749023,3174000,0.08,0.0
2013-08-15 00:00:00-04:00,27.550707044805716,28.308357599192036,27.47523693780128,28.188495635986328,5133000,0.0,0.0
2013-08-16 00:00:00-04:00,28.09082561114862,28.175175206402383,27.617293729103647,27.796348571777344,4622500,0.0,0.0
2013-08-19 00:00:00-04:00,27.796355380108714,27.90437990244024,27.595104563193274,27.59806251525879,4405000,0.0,0.0
2013-08-20 00:00:00-04:00,27.697199753416367,28.009435779462542,27.469313319581623,27.80374526977539,3141000,0.0,0.0
2013-08-21 00:00:00-04:00,27.803744458604225,28.435614192820193,27.7771087859097,28.263959884643555,4814000,0.0,0.0
2013-08-22 00:00:00-04:00,28.41342058698759,28.817403926970083,28.364586164337172,28.696060180664062,2220500,0.0,0.0
2013-08-23 00:00:00-04:00,28.73304894069809,28.793720802470496,28.564352601552446,28.752286911010742,2472500,0.0,0.0
2013-08-26 00:00:00-04:00,28.963894802967083,29.711186613228094,28.963894802967083,29.162187576293945,3189000,0.0,0.0
2013-08-27 00:00:00-04:00,28.770044550080602,29.03640690731324,28.607269749250236,28.62650489807129,2675500,0.0,0.0
2013-08-28 00:00:00-04:00,28.494804703345334,28.619106380510075,27.859974248579345,28.099700927734375,4342000,0.0,0.0
2013-08-29 00:00:00-04:00,28.061231835202893,28.2550849204604,27.91177342654209,28.0168399810791,2483500,0.0,0.0
2013-08-30 00:00:00-04:00,28.096742730744058,28.36162612920553,28.00055851314997,28.16629409790039,3296500,0.0,0.0
2013-09-03 00:00:00-04:00,28.480002325515258,28.7759582533197,28.2965077874451,28.357179641723633,3410000,0.0,0.0
2013-09-04 00:00:00-04:00,28.260996993378562,28.596910706691208,28.033110583268297,28.44597053527832,1696500,0.0,0.0
2013-09-05 00:00:00-04:00,28.477037770024754,28.70492693710782,28.204756772027004,28.487396240234375,2697500,0.0,0.0
2013-09-06 00:00:00-04:00,28.593960316594472,29.04233559984496,28.48593579663749,28.736021041870117,3467500,0.0,0.0
2013-09-09 00:00:00-04:00,28.90027125158309,29.31757101092075,28.767090056958118,28.975738525390625,4772500,0.0,0.0
2013-09-10 00:00:00-04:00,29.03641259838747,29.575056142868526,28.916550643129025,29.25394058227539,3651500,0.0,0.0
2013-09-11 00:00:00-04:00,29.558781867203887,29.58837832062018,28.90027630229368,29.33089256286621,3307000,0.0,0.0
2013-09-12 00:00:00-04:00,29.256891740283653,29.412268820563497,28.514036883061255,28.764122009277344,4297000,0.0,0.0
2013-09-13 00:00:00-04:00,28.357188693911766,29.0778450092422,28.357188693911766,28.682741165161133,3956500,0.0,0.0
2013-09-16 00:00:00-04:00,29.1518318053278,30.06782003196324,28.755246221923453,29.696393966674805,6630500,0.0,0.0
2013-09-17 00:00:00-04:00,29.66827415017039,29.868045901553398,29.35455920089914,29.708229064941406,5293500,0.0,0.0
2013-09-18 00:00:00-04:00,29.714146674803644,30.696725375918156,29.576525763792308,30.631616592407227,5046500,0.0,0.0
2013-09-19 00:00:00-04:00,30.71596232181093,30.93792997791903,30.35785273454082,30.501392364501953,5737500,0.0,0.0
2013-09-20 00:00:00-04:00,31.00305665230881,31.174711008113988,30.58131705395438,30.804763793945312,7059000,0.0,0.0
2013-09-23 00:00:00-04:00,30.80179495728621,31.02228366739243,30.588703946960944,30.76331901550293,3004500,0.0,0.0
2013-09-24 00:00:00-04:00,30.831392168885174,31.106634050319705,30.599065983088497,30.776641845703125,5583500,0.0,0.0
2013-09-25 00:00:00-04:00,31.32712516861273,32.035944052399735,31.087398441469254,31.668954849243164,7295500,0.0,0.0
2013-09-26 00:00:00-04:00,31.771061557158774,31.774022331211285,31.31676761207193,31.42331314086914,2853500,0.0,0.0
2013-09-27 00:00:00-04:00,31.21318178692898,31.57277046462435,31.075560836427822,31.146591186523438,2449000,0.0,0.0
2013-09-30 00:00:00-04:00,30.899466530791358,31.634921081289267,30.602028706012046,31.198383331298828,3506500,0.0,0.0
2013-10-01 00:00:00-04:00,31.075561274196033,31.59644581144706,30.948298797021344,31.219100952148438,3672000,0.0,0.0
2013-10-02 00:00:00-04:00,30.88910646625719,31.65267562866211,30.875787217970892,31.65267562866211,4149000,0.0,0.0
2013-10-03 00:00:00-04:00,31.45142736566729,31.66747637190421,31.159908258082563,31.343402862548828,2839000,0.0,0.0
2013-10-04 00:00:00-04:00,31.371525273106524,32.06702502813572,31.266458704995973,32.01967239379883,5206500,0.0,0.0
2013-10-07 00:00:00-04:00,31.739965780434513,32.13950914039936,31.680775739590317,31.750324249267578,2662500,0.0,0.0
2013-10-08 00:00:00-04:00,31.697067260947513,31.79029352259399,30.690810709413885,30.88614273071289,3736000,0.0,0.0
2013-10-09 00:00:00-04:00,31.04597052483838,31.04597052483838,30.229126982188053,30.551721572875977,6500000,0.0,0.0
2013-10-10 00:00:00-04:00,30.963096788228718,31.00305171322774,30.396338604444143,30.61978530883789,4694500,0.0,0.0
2013-10-11 00:00:00-04:00,30.56798641254258,30.59610388060825,30.045623014899814,30.26906967163086,3385000,0.0,0.0
2013-10-14 00:00:00-04:00,30.289781504949364,30.581300497016727,30.232070425598042,30.495471954345703,2190500,0.0,0.0
2013-10-15 00:00:00-04:00,30.422970486660663,30.927577756401007,30.156608116511904,30.35934066772461,1890500,0.0,0.0
2013-10-16 00:00:00-04:00,30.5517148017894,31.25905468940276,30.380060478558157,30.918701171875,3006000,0.0,0.0
2013-10-17 00:00:00-04:00,30.946812574411684,31.205774395399477,30.847667594729526,31.007484436035156,3030500,0.0,0.0
2013-10-18 00:00:00-04:00,31.54316590442345,32.02853513448759,30.8595038998681,31.83912467956543,9431000,0.0,0.0
2013-10-21 00:00:00-04:00,31.90720915464601,32.209086794821374,31.62309051696687,31.959001541137695,5483500,0.0,0.0
2013-10-22 00:00:00-04:00,31.963429952827887,32.07145443811394,31.559446659031284,31.93679428100586,4677000,0.0,0.0
2013-10-23 00:00:00-04:00,31.779932222414804,31.8391251072271,31.2427706228565,31.452898025512695,2525000,0.0,0.0
2013-10-24 00:00:00-04:00,31.33008217619687,31.33008217619687,30.59462488255114,31.09479522705078,3848000,0.0,0.0
2013-10-25 00:00:00-04:00,31.099242745972273,31.16287258099018,30.680461112679737,31.019332885742188,2809500,0.0,0.0
2013-10-28 00:00:00-04:00,32.111413259624825,32.648574977813524,32.0433408625627,32.31266403198242,6206000,0.0,0.0
2013-10-29 00:00:00-04:00,32.14691946308408,32.40440228759118,31.64674921193963,31.99597930908203,3326000,0.0,0.0
2013-10-30 00:00:00-04:00,32.13063742733051,32.31857170914945,31.769569905576812,32.01817321777344,2119000,0.0,0.0
2013-10-31 00:00:00-04:00,31.96787994406294,32.17801025738404,31.676360791201656,31.904247283935547,2516000,0.0,0.0
2013-11-01 00:00:00-04:00,31.815451458801395,31.976747292346115,31.563887311111973,31.80657196044922,2904000,0.0,0.0
2013-11-04 00:00:00-05:00,31.970831440348054,32.328941133024216,31.846529742138294,32.20463943481445,3363500,0.0,0.0
2013-11-05 00:00:00-05:00,31.381869549430608,31.550563056515543,30.67305086370802,31.001564025878906,9374500,0.0,0.0
2013-11-06 00:00:00-05:00,30.95865626304354,31.411471208429386,30.95865626304354,31.31824493408203,4788000,0.0,0.0
2013-11-07 00:00:00-05:00,31.236856121632876,31.630480991491865,31.158428071792624,31.188024520874023,5122500,0.0,0.0
2013-11-08 00:00:00-05:00,31.241285012625934,32.515382631269624,31.090347690728848,32.46063232421875,7010500,0.0,0.0
2013-11-11 00:00:00-05:00,32.534624453000816,32.774351119680986,32.33337372580595,32.629329681396484,3212000,0.0,0.0
2013-11-12 00:00:00-05:00,32.45325004631128,32.6219464553035,32.05666713993695,32.30083084106445,4474500,0.0,0.0
2013-11-13 00:00:00-05:00,32.13283207512613,32.64273606572501,32.11053400092274,32.31865692138672,3479000,0.2,0.0
2013-11-14 00:00:00-05:00,32.52678255764555,32.70517567255383,32.22649008005711,32.513404846191406,2553500,0.0,0.0
2013-11-15 00:00:00-05:00,32.48516175609381,32.761670407562036,32.392995041067095,32.54165267944336,4391500,0.0,0.0
2013-11-18 00:00:00-05:00,32.56542640992891,32.74233085727586,32.11052763934442,32.156612396240234,3079500,0.0,0.0
2013-11-19 00:00:00-05:00,32.08526609291345,32.24581848804233,31.826598187680116,31.88457489013672,3332000,0.0,0.0
2013-11-20 00:00:00-05:00,31.93362153474686,32.07187296279795,31.76414884096973,31.881587982177734,2129500,0.0,0.0
2013-11-21 00:00:00-05:00,32.030267395621486,32.107570626261406,31.759707506113312,31.905393600463867,1925000,0.0,0.0
2013-11-22 00:00:00-05:00,31.982697721819218,32.02580810407289,31.721055356490506,31.990129470825195,2483500,0.0,0.0
2013-11-25 00:00:00-05:00,31.958907196552456,32.02877867197757,31.713619812224874,31.75970458984375,4129000,0.0,0.0
2013-11-26 00:00:00-05:00,31.86822017671063,32.08377769196611,31.622930003738045,31.863759994506836,2134500,0.0,0.0
2013-11-27 00:00:00-05:00,31.912823184400413,32.35880463959054,31.900931252943472,32.184871673583984,2169000,0.0,0.0
2013-11-29 00:00:00-05:00,32.241365050398876,32.69180388750554,32.09270455404258,32.315696716308594,905000,0.0,0.0
2013-12-02 00:00:00-05:00,32.38704834968039,32.67544895049109,32.24284804927504,32.26068878173828,2542000,0.0,0.0
2013-12-03 00:00:00-05:00,32.25176493773139,32.33352833662445,31.768621962714544,31.84146499633789,2671500,0.0,0.0
2013-12-04 00:00:00-05:00,33.76066374824876,35.29632200439067,33.44847930244802,35.24280548095703,21233000,0.0,0.0
2013-12-05 00:00:00-05:00,35.42416292108114,35.58917547588011,34.90682718240182,35.02724075317383,9026500,0.0,0.0
2013-12-06 00:00:00-05:00,35.36766790997553,35.40929248939185,34.60355631873387,34.651126861572266,3563500,0.0,0.0
2013-12-09 00:00:00-05:00,34.65113180277305,34.802763815774746,34.303268791551645,34.42814254760742,3618000,0.0,0.0
2013-12-10 00:00:00-05:00,34.428147825772555,34.73884648134314,34.06690421296497,34.15758514404297,3364000,0.0,0.0
2013-12-11 00:00:00-05:00,34.19177542219426,34.19177542219426,33.80971954219193,33.90932083129883,2510500,0.0,0.0
2013-12-12 00:00:00-05:00,33.82012891401819,33.986627284331824,33.51091603459989,33.54808044433594,3031500,0.0,0.0
2013-12-13 00:00:00-05:00,33.66998303019229,33.90337847480176,33.47672356068331,33.530242919921875,2676500,0.0,0.0
2013-12-16 00:00:00-05:00,33.73241667277316,33.846884292613716,33.078312342375426,33.690792083740234,4086500,0.0,0.0
2013-12-17 00:00:00-05:00,33.5436311894251,34.25274094765898,33.52281888635561,34.1397590637207,4771500,0.0,0.0
2013-12-18 00:00:00-05:00,34.047579668658436,34.22151262872519,33.19278403533243,33.930137634277344,3936000,0.0,0.0
2013-12-19 00:00:00-05:00,33.62091799779837,34.153122919756115,33.62091799779837,33.89742660522461,2485000,0.0,0.0
2013-12-20 00:00:00-05:00,33.65362021081712,33.961344377830294,33.65362021081712,33.894447326660156,4103000,0.0,0.0
2013-12-23 00:00:00-05:00,34.154613591200786,34.59910638763151,33.90783760557316,34.3582763671875,2569000,0.0,0.0
2013-12-24 00:00:00-05:00,34.31515992185897,34.72843420136084,34.31515992185897,34.43260192871094,954500,0.0,0.0
2013-12-26 00:00:00-05:00,34.547081308589824,34.86075441598915,34.486130193411014,34.585731506347656,1269000,0.0,0.0
2013-12-27 00:00:00-05:00,34.58571726801783,34.649642757690145,34.110006145671235,34.35975646972656,1941000,0.0,0.0
2013-12-30 00:00:00-05:00,34.43557923311267,34.59018566815538,33.92716377183241,34.462337493896484,2246000,0.0,0.0
2013-12-31 00:00:00-05:00,34.459364372898804,34.7418189694449,34.402873453589585,34.64370346069336,2059000,0.0,0.0
2014-01-02 00:00:00-05:00,34.642202823629866,35.20265163976575,34.53219542333732,34.740318298339844,3460000,0.0,0.0
2014-01-03 00:00:00-05:00,34.84736911304937,34.920212150609615,34.36868345933358,34.50099182128906,2272500,0.0,0.0
2014-01-06 00:00:00-05:00,34.66153740042243,34.744786569808454,33.97175451770656,34.0416259765625,4105000,0.0,0.0
2014-01-07 00:00:00-05:00,34.04311143870162,34.30326792604939,33.53766762749915,34.260154724121094,4197500,0.0,0.0
2014-01-08 00:00:00-05:00,34.06244000825921,34.9796723714454,34.011895056990355,34.721004486083984,6478500,0.0,0.0
2014-01-09 00:00:00-05:00,34.67491647219538,35.92514541293447,34.6377492356178,35.676883697509766,7422000,0.0,0.0
2014-01-10 00:00:00-05:00,35.78688666142472,36.71155056964706,35.69174557958197,36.59410858154297,5428500,0.0,0.0
2014-01-13 00:00:00-05:00,36.45139796147877,36.83493953418394,36.19719030680031,36.36814880371094,5027500,0.0,0.0
2014-01-14 00:00:00-05:00,36.26558292612791,37.02374874887018,36.20611760569517,36.51979064941406,5386500,0.0,0.0
2014-01-15 00:00:00-05:00,36.6491174147138,36.97171076032304,36.60006108689401,36.93157196044922,3444500,0.0,0.0
2014-01-16 00:00:00-05:00,36.733863827158174,37.03118479289476,36.600072511585864,36.93455505371094,2134500,0.0,0.0
2014-01-17 00:00:00-05:00,36.99252911992256,36.99252911992256,36.41721378858266,36.54208755493164,2040500,0.0,0.0
2014-01-21 00:00:00-05:00,36.74872437030732,37.02374721270389,36.571819869646234,36.646148681640625,2913500,0.0,0.0
2014-01-22 00:00:00-05:00,36.64911903065475,36.76358663607672,35.914740014824254,36.041099548339844,3268000,0.0,0.0
2014-01-23 00:00:00-05:00,35.9697552923019,36.387489898591454,35.38106210724421,35.627838134765625,4231000,0.0,0.0
2014-01-24 00:00:00-05:00,35.50889752286903,35.50889752286903,34.584233479306626,34.590179443359375,3944000,0.0,0.0
2014-01-27 00:00:00-05:00,34.64519259812005,34.81169097201321,34.22151208000246,34.457881927490234,3984000,0.0,0.0
2014-01-28 00:00:00-05:00,34.474231364139165,35.110494983151426,34.32111071548879,34.921695709228516,4228000,0.0,0.0
2014-01-29 00:00:00-05:00,34.49504295083679,34.8979111326587,34.11149844589947,34.12785339355469,4803000,0.0,0.0
2014-01-30 00:00:00-05:00,34.20663449883812,35.06886158281113,33.82160430037591,34.57530975341797,4244000,0.0,0.0
2014-01-31 00:00:00-05:00,34.21110419338464,34.68830121158952,34.19772364524975,34.31962585449219,3682500,0.0,0.0
2014-02-03 00:00:00-05:00,34.39098060958033,34.61396988073055,33.56591775440833,33.61646270751953,4644500,0.0,0.0
2014-02-04 00:00:00-05:00,33.6164748824009,34.14570279304328,33.163061593420686,33.43659591674805,4521000,0.0,0.0
2014-02-05 00:00:00-05:00,33.215086319371146,33.96284609767084,32.72302008197981,33.857295989990234,4413000,0.0,0.0
2014-02-06 00:00:00-05:00,33.91378151620344,34.26907914242998,33.821611972784424,34.18136978149414,2893500,0.0,0.0
2014-02-07 00:00:00-05:00,34.20664458746766,34.84290823429042,34.16204559506197,34.79533767700195,3340000,0.0,0.0
2014-02-10 00:00:00-05:00,34.76708497358648,35.331994107573145,34.579774340694044,34.62139892578125,4617000,0.0,0.0
2014-02-11 00:00:00-05:00,34.776005793013546,34.9543988996247,34.297320222780684,34.3493537902832,5338000,0.0,0.0
2014-02-12 00:00:00-05:00,34.2567796463801,34.340390667837255,33.81632669564202,34.143306732177734,9237500,0.2,0.0
2014-02-13 00:00:00-05:00,34.02536979034672,34.66738653867545,33.92234820677147,34.524051666259766,8174500,0.0,0.0
2014-02-14 00:00:00-05:00,34.564352185110046,34.85400630489269,34.35233728457031,34.58675003051758,7555000,0.0,0.0
2014-02-18 00:00:00-05:00,34.48970518728246,34.61960131792507,33.19372836214274,33.771541595458984,11800000,0.0,0.0
2014-02-19 00:00:00-05:00,35.34819992732149,37.266782101626156,35.29445080684261,35.47809600830078,14528000,0.0,0.0
2014-02-20 00:00:00-05:00,35.6095020179657,36.09773241711691,35.60054287822322,35.96186447143555,4620500,0.0,0.0
2014-02-21 00:00:00-05:00,36.012625616124915,36.487417259296784,35.76776147232658,36.27689743041992,5020000,0.0,0.0
2014-02-24 00:00:00-05:00,36.164908188330685,36.73226987157356,36.164908188330685,36.2500114440918,6802000,0.0,0.0
2014-02-25 00:00:00-05:00,36.25897999425951,36.61731423161911,36.24404904506277,36.27092361450195,3799000,0.0,0.0
2014-02-26 00:00:00-05:00,36.382909358193714,36.703917690999305,36.22912312313607,36.47249221801758,3136500,0.0,0.0
2014-02-27 00:00:00-05:00,36.291828353881414,37.274263791001346,36.258981972528936,37.1846809387207,4751500,0.0,0.0
2014-02-28 00:00:00-05:00,37.326523640099964,37.520620310001874,37.195135256525795,37.460899353027344,4825500,0.0,0.0
2014-03-03 00:00:00-05:00,37.77593514964828,38.37017161759667,37.70575996517556,38.20294952392578,6819000,0.0,0.0
2014-03-04 00:00:00-05:00,38.44931908668541,38.677757302824006,37.865530952226436,38.374664306640625,6935000,0.0,0.0
2014-03-05 00:00:00-05:00,38.38658624712715,39.49593030658712,38.04169075585988,39.23464584350586,5446000,0.0,0.0
2014-03-06 00:00:00-05:00,39.12416150701268,39.69301553461321,38.98530625311525,39.43621063232422,4220500,0.0,0.0
2014-03-07 00:00:00-05:00,39.5078779970317,39.97819004514536,38.80166095684028,38.98231887817383,6431000,0.0,0.0
2014-03-10 00:00:00-04:00,38.95394898830956,39.664645541460224,38.467210942415356,39.48846435546875,4458500,0.0,0.0
2014-03-11 00:00:00-04:00,39.45116141360067,39.45116141360067,38.44035878923482,38.449317932128906,5753000,0.0,0.0
2014-03-12 00:00:00-04:00,38.07306613198653,38.37167955449012,37.596779175465514,38.18355178833008,6832500,0.0,0.0
2014-03-13 00:00:00-04:00,38.29700528814812,38.43586054439166,37.392212033504144,37.554954528808594,5756500,0.0,0.0
2014-03-14 00:00:00-04:00,37.47582481258416,37.735617060097574,37.32054636030173,37.672908782958984,5250500,0.0,0.0
2014-03-17 00:00:00-04:00,37.80131820548174,38.1611447314749,37.40565511840101,37.460899353027344,3351500,0.0,0.0
2014-03-18 00:00:00-04:00,37.47582261466122,38.06558225063277,37.46238390701083,38.022281646728516,3366500,0.0,0.0
2014-03-19 00:00:00-04:00,37.99541742752126,38.27014068274775,37.478817303221156,37.66992950439453,2403000,0.0,0.0
2014-03-20 00:00:00-04:00,37.57287642585757,37.83266868629151,37.31457640606192,37.54301452636719,3137000,0.0,0.0
2014-03-21 00:00:00-04:00,37.88193106003694,38.26116799859155,37.70127030456858,37.923736572265625,6171500,0.0,0.0
2014-03-24 00:00:00-04:00,38.079018464167746,38.313428371584685,37.45342511643859,37.732627868652344,4399500,0.0,0.0
2014-03-25 00:00:00-04:00,37.88642290064355,38.358230154180596,37.77593727507858,38.03125,2831000,0.0,0.0
2014-03-26 00:00:00-04:00,38.353746557529895,38.42690621994693,37.55346699298693,37.56541061401367,2648500,0.0,0.0
2014-03-27 00:00:00-04:00,37.516156954219625,38.08053173224942,37.375809380369375,38.02976989746094,3607000,0.0,0.0
2014-03-28 00:00:00-04:00,37.90284022085151,38.66579379573339,37.90284022085151,38.4896125793457,3178000,0.0,0.0
2014-03-31 00:00:00-04:00,38.53292050290676,39.01368406605245,37.85507007852057,38.91514205932617,5067500,0.0,0.0
2014-04-01 00:00:00-04:00,39.05846047784592,39.85575533688385,38.635925812988845,39.77214431762695,5828500,0.0,0.0
2014-04-02 00:00:00-04:00,39.28093523293016,39.85128439297112,39.02711479191672,39.631805419921875,4946500,0.0,0.0
2014-04-03 00:00:00-04:00,39.136093436414924,39.41529610128143,38.65682239251157,38.79269027709961,4240000,0.0,0.0
2014-04-04 00:00:00-04:00,38.96887404598033,39.09429056326737,38.01630085418998,38.16560745239258,4025500,0.0,0.0
2014-04-07 00:00:00-04:00,38.21339991838978,38.42989442923622,37.41759990545296,37.60273742675781,3089500,0.0,0.0
2014-04-08 00:00:00-04:00,37.68187200310244,38.158155943270046,37.56690396810925,37.98794937133789,3372500,0.0,0.0
2014-04-09 00:00:00-04:00,37.987961781476066,38.4702205376689,37.90285561991934,38.134281158447266,3270000,0.0,0.0
2014-04-10 00:00:00-04:00,37.69828494851687,37.92373569168854,36.581474067112424,36.69345474243164,5645500,0.0,0.0
2014-04-11 00:00:00-04:00,36.45008728965447,36.50980823067911,35.44227255964747,35.49303436279297,7857000,0.0,0.0
2014-04-14 00:00:00-04:00,34.9465776258296,36.0111288849767,34.698729012240356,35.98126983642578,4398500,0.0,0.0
2014-04-15 00:00:00-04:00,36.012629132926136,36.351552876782264,35.639363918582234,35.96186447143555,3759000,0.0,0.0
2014-04-16 00:00:00-04:00,36.270923020735985,37.01596114106869,36.145506466881336,36.98609924316406,3509500,0.0,0.0
2014-04-17 00:00:00-04:00,36.84873743490588,36.89651476076181,36.17835408906833,36.182830810546875,3128500,0.0,0.0
2014-04-21 00:00:00-04:00,36.29481250159623,36.29481250159623,35.887205860598414,36.01560974121094,2634500,0.0,0.0
2014-04-22 00:00:00-04:00,35.97081084662531,36.199251760354265,35.134697794382866,36.121612548828125,4145500,0.0,0.0
2014-04-23 00:00:00-04:00,36.23807456213353,36.55609549798443,36.10369887706139,36.30974197387695,2712000,0.0,0.0
2014-04-24 00:00:00-04:00,36.439643729834415,36.439643729834415,35.833460812712,35.87675857543945,2679000,0.0,0.0
2014-04-25 00:00:00-04:00,35.802098172463076,36.106683223319806,35.58411147429208,35.93647384643555,3173000,0.0,0.0
2014-04-28 00:00:00-04:00,36.02306766925897,36.37692223725574,35.833447800519714,36.13206100463867,2120500,0.0,0.0
2014-04-29 00:00:00-04:00,36.36051121557564,36.65912167180042,36.03651558137717,36.49787139892578,2828000,0.0,0.0
2014-04-30 00:00:00-04:00,36.48293749662042,36.759155777204896,36.26345853003852,36.605369567871094,2026000,0.0,0.0
2014-05-01 00:00:00-04:00,36.54115978429982,36.62775527830934,36.09323997812139,36.13206100463867,2867500,0.0,0.0
2014-05-02 00:00:00-04:00,36.16790601053236,36.50533749887619,36.064884451380664,36.33662033081055,1950000,0.0,0.0
2014-05-05 00:00:00-04:00,36.20223874142984,36.58894258548723,36.16192546870575,36.50831604003906,1468500,0.0,0.0
2014-05-06 00:00:00-04:00,36.37543100775528,36.60386906157222,35.94393437473515,36.359004974365234,2264000,0.0,0.0
2014-05-07 00:00:00-04:00,36.43815646266623,36.6307609079599,36.04249334235857,36.5590934753418,2594500,0.0,0.0
2014-05-08 00:00:00-04:00,36.01263015987325,37.06225065116616,34.93762448932357,36.03800964355469,7675500,0.0,0.0
2014-05-09 00:00:00-04:00,35.90960597604611,36.06786891627442,34.989878842818094,35.18547058105469,5447500,0.0,0.0
2014-05-12 00:00:00-04:00,35.42138432359036,36.412776272416636,35.237736160719024,36.08430099487305,5475500,0.0,0.0
2014-05-13 00:00:00-04:00,36.44412561545772,37.326524051700055,36.178361516025596,37.17124557495117,5239000,0.0,0.0
2014-05-14 00:00:00-04:00,37.25218664725526,37.55949832948225,37.12776257219138,37.17723083496094,3882500,0.2,0.0
2014-05-15 00:00:00-04:00,36.94487089601518,37.03181562572009,35.66915256177061,35.858036041259766,5513500,0.0,0.0
2014-05-16 00:00:00-04:00,35.75910448769396,36.20283207941331,35.47427808859916,36.08890151977539,8121500,0.0,0.0
2014-05-19 00:00:00-04:00,36.11138720739382,37.13675931421272,35.88502436234181,36.914894104003906,4061500,0.0,0.0
2014-05-20 00:00:00-04:00,36.89841040605248,37.42458801597542,36.865428698510236,36.99435043334961,3406000,0.0,0.0
2014-05-21 00:00:00-04:00,37.057307596772745,37.38710748082278,36.706523514593265,36.80246353149414,3942000,0.0,0.0
2014-05-22 00:00:00-04:00,36.790473022902404,37.03482356797296,36.43668955196699,36.66904830932617,3803000,0.0,0.0
2014-05-23 00:00:00-04:00,36.69903850011272,36.99135911792642,36.475674965320785,36.97636795043945,2806500,0.0,0.0
2014-05-27 00:00:00-04:00,36.992861586270315,37.33764989988505,36.85194802698586,37.07830810546875,2874000,0.0,0.0
2014-05-28 00:00:00-04:00,37.01533601742763,37.26568246480084,36.243309616468856,36.25830078125,3987500,0.0,0.0
2014-05-29 00:00:00-04:00,36.32576935094286,36.6630635009416,35.974982291234944,36.328765869140625,3622000,0.0,0.0
2014-05-30 00:00:00-04:00,36.145868084988,36.59859096311296,36.10689334439545,36.47416687011719,4403000,0.0,0.0
2014-06-02 00:00:00-04:00,36.47567703374349,36.97337066987829,36.47567703374349,36.65256881713867,3580000,0.0,0.0
2014-06-03 00:00:00-04:00,36.63605767755293,37.064796865399344,36.552109465483525,36.6435546875,3298500,0.0,0.0
2014-06-04 00:00:00-04:00,36.63007813013586,36.862436934561586,36.43519867362636,36.71702575683594,4229000,0.0,0.0
2014-06-05 00:00:00-04:00,36.91489901871403,37.08579486914827,36.42769616206774,36.70952606201172,2516000,0.0,0.0
2014-06-06 00:00:00-04:00,36.90740840914953,37.00484670241553,36.65256429739106,36.80097198486328,2434500,0.0,0.0
2014-06-09 00:00:00-04:00,36.77248648243976,37.02582944651933,36.37372950630436,36.5416259765625,2819000,0.0,0.0
2014-06-10 00:00:00-04:00,36.46967173373377,36.46967173373377,36.05142879150229,36.40970993041992,2596500,0.0,0.0
2014-06-11 00:00:00-04:00,36.150362116916746,36.150362116916746,35.73661687989779,35.865535736083984,3085000,0.0,0.0
2014-06-12 00:00:00-04:00,35.70064002794903,35.853545322847594,35.22243248524477,35.36784362792969,3154500,0.0,0.0
2014-06-13 00:00:00-04:00,35.34236045058749,35.36484576746442,34.98557760150048,35.264408111572266,2969000,0.0,0.0
2014-06-16 00:00:00-04:00,35.25541500432633,35.93150140349269,35.22843205056394,35.89102554321289,4368000,0.0,0.0
2014-06-17 00:00:00-04:00,35.807080120616114,36.2628024307378,35.625690723739325,36.21033477783203,2268500,0.0,0.0
2014-06-18 00:00:00-04:00,36.41120936038035,36.610589296547786,36.15786637283994,36.55961990356445,2682500,0.0,0.0
2014-06-19 00:00:00-04:00,36.68703677027427,36.98235670830027,36.2687938574148,36.87592315673828,3479000,0.0,0.0
2014-06-20 00:00:00-04:00,37.02582908413168,37.121771965677524,36.63307086515443,36.87592315673828,3683000,0.0,0.0
2014-06-23 00:00:00-04:00,36.80846599228471,37.0258307404376,36.622578974132935,36.80696487426758,1648500,0.0,0.0
2014-06-24 00:00:00-04:00,36.74849932916881,36.751498705767254,36.10539181294252,36.13237762451172,2562000,0.0,0.0
2014-06-25 00:00:00-04:00,35.95398038941182,36.44418254339427,35.926997440401756,36.237308502197266,2270000,0.0,0.0
2014-06-26 00:00:00-04:00,36.36773703169872,36.36773703169872,35.81457643934303,36.1998405456543,2136000,0.0,0.0
2014-06-27 00:00:00-04:00,35.97947789681574,36.08441321327566,35.75011845961822,36.018455505371094,3029500,0.0,0.0
2014-06-30 00:00:00-04:00,36.07991463184471,36.45768173126738,35.91501466092506,36.05742645263672,4273500,0.0,0.0
2014-07-01 00:00:00-04:00,36.31976905388121,36.66305905794712,36.147374922389595,36.591102600097656,2922500,0.0,0.0
2014-07-02 00:00:00-04:00,36.556624419285136,36.8009750205855,36.29578439126905,36.675052642822266,2516500,0.0,0.0
2014-07-03 00:00:00-04:00,36.68552723327271,36.832436598145996,36.511634924134924,36.790462493896484,1533000,0.0,0.0
2014-07-07 00:00:00-04:00,36.71851083320414,36.815951956112244,36.25679562656075,36.307762145996094,2680500,0.0,0.0
2014-07-08 00:00:00-04:00,36.24780276834927,36.746997342654026,35.95098460464957,36.727508544921875,3787000,0.0,0.0
2014-07-09 00:00:00-04:00,36.71702553961235,36.71702553961235,36.379731425271395,36.44868850708008,2170000,0.0,0.0
2014-07-10 00:00:00-04:00,36.02744246525303,36.199836568127594,35.80707549226039,36.04692840576172,2349000,0.0,0.0
2014-07-11 00:00:00-04:00,35.95698003721149,36.08740000780506,35.760599522439215,35.94498825073242,1730500,0.0,0.0
2014-07-14 00:00:00-04:00,36.05742641678753,36.14287577914767,35.852053442042944,36.13837814331055,2826500,0.0,0.0
2014-07-15 00:00:00-04:00,36.21632245974747,36.553616479990836,36.15785892537781,36.43518829345703,2214000,0.0,0.0
2014-07-16 00:00:00-04:00,36.55062229146228,36.78597758014039,36.55062229146228,36.77698516845703,2252000,0.0,0.0
2014-07-17 00:00:00-04:00,36.5761081276393,38.26857155597633,36.540129901966004,37.60447692871094,7626000,0.0,0.0
2014-07-18 00:00:00-04:00,37.66443744883545,37.926775670441856,37.42608280219182,37.857818603515625,4470500,0.0,0.0
2014-07-21 00:00:00-04:00,37.6704372264708,37.9252813219943,37.49804311174498,37.81435012817383,2247000,0.0,0.0
2014-07-22 00:00:00-04:00,37.95975467523344,38.273062260261625,37.8623135458787,38.05119705200195,2531000,0.0,0.0
2014-07-23 00:00:00-04:00,38.084181763006576,38.11266297331751,37.72889717816508,37.80535125732422,2258000,0.0,0.0
2014-07-24 00:00:00-04:00,38.162126575368795,38.569875865266525,38.01671545741416,38.16062545776367,4598000,0.0,0.0
2014-07-25 00:00:00-04:00,37.99423518440314,38.1261562862372,37.79785750884146,37.86831283569336,2133000,0.0,0.0
2014-07-28 00:00:00-04:00,37.730408177672714,38.23859533538248,37.72441228231441,38.22510528564453,2445000,0.0,0.0
2014-07-29 00:00:00-04:00,38.2236011619857,38.43047526158269,38.084188742865976,38.23109817504883,2035500,0.0,0.0
2014-07-30 00:00:00-04:00,38.318046325101484,38.4784458081635,38.0751939935768,38.16963577270508,2176500,0.0,0.0
2014-07-31 00:00:00-04:00,37.854815593346515,38.13664256572476,37.463552856700616,37.52801513671875,3498500,0.0,0.0
2014-08-01 00:00:00-04:00,37.02582648104359,37.92077864354072,37.02582648104359,37.86531448364258,2940500,0.0,0.0
2014-08-04 00:00:00-04:00,37.96575557725341,37.99723616576043,37.532521490968755,37.841331481933594,3333000,0.0,0.0
2014-08-05 00:00:00-04:00,37.534029672343145,38.10218153364916,37.378124947300634,37.42759323120117,4289500,0.0,0.0
2014-08-06 00:00:00-04:00,37.15774682996039,38.03171191779759,37.0722974854272,37.9372673034668,4784000,0.0,0.0
2014-08-07 00:00:00-04:00,38.10666751223609,38.10816577088205,36.07840844808587,36.54912185668945,10106000,0.0,0.0
2014-08-08 00:00:00-04:00,36.519149424368976,37.022841815311345,36.36324470477427,37.007850646972656,3829500,0.0,0.0
2014-08-11 00:00:00-04:00,37.16974139540479,37.24469435792908,36.82945082819252,37.019832611083984,2821500,0.0,0.0
2014-08-12 00:00:00-04:00,37.019839997472225,37.39760998059348,36.96287470524975,37.14876174926758,2206500,0.0,0.0
2014-08-13 00:00:00-04:00,37.20422406693359,37.247696445248756,36.76648946989314,36.907405853271484,2857500,0.0,0.0
2014-08-14 00:00:00-04:00,37.11402085300432,37.477512949397216,36.97676880581189,37.31914520263672,2964500,0.3,0.0
2014-08-15 00:00:00-04:00,37.40814450130563,38.15322973403832,37.37647094238862,38.070274353027344,4703000,0.0,0.0
2014-08-18 00:00:00-04:00,38.33272940233471,38.819901127544306,38.22564051591392,38.753536224365234,3237500,0.0,0.0
2014-08-19 00:00:00-04:00,38.95111926842803,39.38097648895379,38.62382284730908,38.69622039794922,4015000,0.0,0.0
2014-08-20 00:00:00-04:00,38.68415260721116,38.85458573976732,38.35534876402862,38.83196258544922,1801000,0.0,0.0
2014-08-21 00:00:00-04:00,39.0129425944303,39.254265761908975,38.63436734292797,39.018978118896484,2769500,0.0,0.0
2014-08-22 00:00:00-04:00,38.967716762336494,39.19848219838392,38.610257028349395,38.63740539550781,1711000,0.0,0.0
2014-08-25 00:00:00-04:00,38.70374853364508,38.970712621153574,38.613253061702984,38.90133285522461,1558000,0.0,0.0
2014-08-26 00:00:00-04:00,38.99936883819032,39.09288206658672,38.76106056236737,39.03707504272461,1640000,0.0,0.0
2014-08-27 00:00:00-04:00,39.14568955282031,39.32517312618657,39.04915851732896,39.166805267333984,2296500,0.0,0.0
2014-08-28 00:00:00-04:00,38.957141941016566,39.30404366579016,38.72335884294775,39.25276184082031,2332000,0.0,0.0
2014-08-29 00:00:00-04:00,39.24371111269608,39.364375583084154,38.676601910508836,38.86362838745117,2275000,0.0,0.0
2014-09-02 00:00:00-04:00,39.06120926135564,39.07176711390041,38.539346404944126,38.6901741027832,2837500,0.0,0.0
2014-09-03 00:00:00-04:00,38.99786843792535,39.047639946466816,38.53784517985652,38.56800842285156,2051500,0.0,0.0
2014-09-04 00:00:00-04:00,38.69470215936216,38.69470215936216,38.16831405923869,38.3809814453125,2156000,0.0,0.0
2014-09-05 00:00:00-04:00,38.27841974827322,38.334226780165956,37.98732504565295,38.29350280761719,3739000,0.0,0.0
2014-09-08 00:00:00-04:00,38.22562238429461,38.28746205146986,38.00692238531821,38.17132568359375,1836500,0.0,0.0
2014-09-09 00:00:00-04:00,38.340263847039694,38.36137955719483,37.756564054837106,37.853092193603516,3383000,0.0,0.0
2014-09-10 00:00:00-04:00,37.8817473433685,37.96922794541849,37.43680711790691,37.93302917480469,3606500,0.0,0.0
2014-09-11 00:00:00-04:00,37.641919404878436,38.05970822786409,37.4986318227121,37.82291030883789,1855500,0.0,0.0
2014-09-12 00:00:00-04:00,37.78372788415641,37.976787117534755,37.58765088660615,37.8033332824707,2155500,0.0,0.0
2014-09-15 00:00:00-04:00,37.78220488515594,38.074809962805894,37.7158428636518,38.01448059082031,2948000,0.0,0.0
2014-09-16 00:00:00-04:00,37.93303076734276,38.53633884156852,37.893817108998,38.379478454589844,2523500,0.0,0.0
2014-09-17 00:00:00-04:00,38.43377179752181,38.908878087268626,38.385507734796896,38.658504486083984,3059500,0.0,0.0
2014-09-18 00:00:00-04:00,38.872691738981054,39.25277459075723,38.717338770758104,39.171329498291016,2781000,0.0,0.0
2014-09-19 00:00:00-04:00,39.368901971373084,39.593634680086744,38.97071838378906,38.97071838378906,5362000,0.0,0.0
2014-09-22 00:00:00-04:00,38.94658014695487,39.029535524224805,38.424717292943406,38.57855987548828,3632500,0.0,0.0
2014-09-23 00:00:00-04:00,40.30856153439728,41.498587231682414,39.26483837531626,40.62831497192383,17822000,0.0,0.0
2014-09-24 00:00:00-04:00,40.40055851609421,41.44729928396917,40.14717001395483,41.07475662231445,6451000,0.0,0.0
2014-09-25 00:00:00-04:00,41.02196082471486,41.25875878632207,40.620759550023095,40.881690979003906,3924000,0.0,0.0
2014-09-26 00:00:00-04:00,40.83645739626755,42.2436728659993,40.70222015641019,41.908836364746094,4967500,0.0,0.0
2014-09-29 00:00:00-04:00,41.59058834876976,42.28288442467101,41.32663910647389,42.023460388183594,6573000,0.0,0.0
2014-09-30 00:00:00-04:00,41.96463617508814,42.20445193224534,41.6282922886196,42.113956451416016,5656000,0.0,0.0
2014-10-01 00:00:00-04:00,42.10490132076787,42.52570799241563,40.608695346554974,40.61020278930664,6556500,0.0,0.0
2014-10-02 00:00:00-04:00,40.325157732939175,41.68712707866073,39.791229340631034,41.62227249145508,5590500,0.0,0.0
2014-10-03 00:00:00-04:00,41.74593781352552,42.080774270608615,41.4638906287934,41.48048400878906,3864500,0.0,0.0
2014-10-06 00:00:00-04:00,41.72029844374119,41.72029844374119,40.92393124644323,41.192405700683594,3098000,0.0,0.0
2014-10-07 00:00:00-04:00,41.10039183077886,43.78360538940999,41.10039183077886,42.64787673950195,7929000,0.0,0.0
2014-10-08 00:00:00-04:00,42.63580750815506,42.68859676723261,40.7655516638109,42.27382278442383,6463500,0.0,0.0
2014-10-09 00:00:00-04:00,42.414095675650174,42.414095675650174,40.555904991855215,40.881690979003906,5076500,0.0,0.0
2014-10-10 00:00:00-04:00,40.67507311110127,41.05515593446371,39.66603836835564,40.136619567871094,4742500,0.0,0.0
2014-10-13 00:00:00-04:00,40.11548796360203,40.35681111747578,38.05368042685421,38.132110595703125,4321500,0.0,0.0
2014-10-14 00:00:00-04:00,37.94056856774824,38.29048518936944,36.7731662366791,38.1049690246582,5607000,0.0,0.0
2014-10-15 00:00:00-04:00,37.706794150297455,38.699238399226125,36.11707442011447,38.350826263427734,7247000,0.0,0.0
2014-10-16 00:00:00-04:00,37.58160009894039,38.797266540612576,37.299552918612065,38.287471771240234,4664000,0.0,0.0
2014-10-17 00:00:00-04:00,37.2558088057449,38.11703040848592,36.723388083070155,36.94661331176758,11429000,0.0,0.0
2014-10-20 00:00:00-04:00,37.04767720587362,37.66154316394964,36.81841926397989,37.45038604736328,3726500,0.0,0.0
2014-10-21 00:00:00-04:00,37.77919227136128,38.278429289852824,37.48809461938033,38.14570236206055,3710000,0.0,0.0
2014-10-22 00:00:00-04:00,38.227136898192946,38.95864943438968,38.162282333870074,38.39002990722656,4627000,0.0,0.0
2014-10-23 00:00:00-04:00,39.02803232607976,40.37793600280649,38.39606850369405,38.56650161743164,3069000,0.0,0.0
2014-10-24 00:00:00-04:00,38.75805602241253,39.42320377427284,38.506174941659964,39.27690124511719,3128500,0.0,0.0
2014-10-27 00:00:00-04:00,38.92245645888009,38.92245645888009,38.17284586651353,38.46394348144531,3724500,0.0,0.0
2014-10-28 00:00:00-04:00,38.70223273482417,39.31459095379221,38.656983570223105,39.266326904296875,3067500,0.0,0.0
2014-10-29 00:00:00-04:00,39.29198466060717,39.46392810767243,38.40361162250321,38.82140350341797,4776500,0.0,0.0
2014-10-30 00:00:00-04:00,38.51974091170892,39.39152328427496,38.397571877308195,39.100425720214844,3105000,0.0,0.0
2014-10-31 00:00:00-04:00,39.595142995040916,39.99634144830186,38.792740334920104,39.215057373046875,4045500,0.0,0.0
2014-11-03 00:00:00-05:00,39.403597679484406,39.474487783350604,38.463945641665994,38.62683868408203,3802500,0.0,0.0
2014-11-04 00:00:00-05:00,38.46091582198855,38.72787989497259,37.925480233329885,38.079322814941406,4622000,0.0,0.0
2014-11-05 00:00:00-05:00,38.26635683192978,38.86664709644473,38.00391791197808,38.25429153442383,5831000,0.0,0.0
2014-11-06 00:00:00-05:00,36.58161031224962,38.635875009979316,36.35386275829885,37.936038970947266,6183000,0.0,0.0
2014-11-07 00:00:00-05:00,38.089891532234994,38.53633922391156,37.65701658224327,37.845550537109375,3812500,0.0,0.0
2014-11-10 00:00:00-05:00,38.00542361553294,38.64643782579199,37.41870611836518,38.370426177978516,5035000,0.0,0.0
2014-11-11 00:00:00-05:00,38.37042756663271,40.54082900110626,38.37042756663271,40.242191314697266,6256000,0.0,0.0
2014-11-12 00:00:00-05:00,40.22550910104708,40.59864208483703,39.95855158153386,40.40449142456055,3353000,0.3,0.0
2014-11-13 00:00:00-05:00,40.302853898287154,40.75637924415658,40.28920442371846,40.5167236328125,2950500,0.0,0.0
2014-11-14 00:00:00-05:00,40.49701797403002,40.794312192441716,40.02377624166707,40.36354064941406,3101500,0.0,0.0
2014-11-17 00:00:00-05:00,40.32409686440375,41.24934510763308,40.31347931852533,40.95508575439453,2812500,0.0,0.0
2014-11-18 00:00:00-05:00,41.038512709938054,41.46321746457217,40.63352708260951,40.906551361083984,3126500,0.0,0.0
2014-11-19 00:00:00-05:00,41.76353693435551,42.264080400740795,40.964183353670286,41.261474609375,3425500,0.0,0.0
2014-11-20 00:00:00-05:00,41.3251885419424,41.68163432684116,41.01121004929594,41.419227600097656,2701000,0.0,0.0
2014-11-21 00:00:00-05:00,42.13970334537481,42.51283628734099,41.72106829128424,42.22464370727539,4875500,0.0,0.0
2014-11-24 00:00:00-05:00,42.1973474628224,42.294424241498035,41.77719349430786,42.03504943847656,3275000,0.0,0.0
2014-11-25 00:00:00-05:00,41.91673953404213,42.180662228601,41.34187316894531,41.34187316894531,4077000,0.0,0.0
2014-11-26 00:00:00-05:00,41.2872642801471,41.45411308195196,40.4226893854569,41.20232391357422,2916000,0.0,0.0
2014-11-28 00:00:00-05:00,40.92929925159232,41.16743894046883,40.50914821292977,40.6729621887207,2723500,0.0,0.0
2014-12-01 00:00:00-05:00,40.60773991871809,41.10373555194152,40.146634641686944,40.51521682739258,3268500,0.0,0.0
2014-12-02 00:00:00-05:00,40.449993392298225,41.09463468355441,40.19820710354295,40.6835823059082,2671500,0.0,0.0
2014-12-03 00:00:00-05:00,40.67599398924104,41.55877203272542,40.58498686810854,40.95205307006836,3803500,0.0,0.0
2014-12-04 00:00:00-05:00,40.80188462734674,41.231140096257626,40.518242852622315,40.9474983215332,2744500,0.0,0.0
2014-12-05 00:00:00-05:00,41.12800062950169,41.25237924661895,40.57892018430447,40.70026397705078,2442500,0.0,0.0
2014-12-08 00:00:00-05:00,40.38325483307043,40.504598629607074,39.69917820368588,40.03590774536133,3365000,0.0,0.0
2014-12-09 00:00:00-05:00,39.29266645211363,39.655178889058334,38.73296569564429,39.54445266723633,4742000,0.0,0.0
2014-12-10 00:00:00-05:00,39.41856390669154,39.424630661433675,38.22635836141594,38.29309844970703,4438500,0.0,0.0
2014-12-11 00:00:00-05:00,38.293093867198664,38.543364105478965,37.95029767424787,38.211185455322266,4560000,0.0,0.0
2014-12-12 00:00:00-05:00,38.11564077646498,38.290072310385405,37.60144775541314,37.73795700073242,3168500,0.0,0.0
2014-12-15 00:00:00-05:00,37.784970124766176,38.376523565851166,37.376952653234284,37.615089416503906,4260000,0.0,0.0
2014-12-16 00:00:00-05:00,37.163085652151004,38.23242866414463,37.13275187562532,37.74856948852539,4818000,0.0,0.0
2014-12-17 00:00:00-05:00,38.02765854081109,39.02722947612187,37.75766913861255,38.9453239440918,3574000,0.0,0.0
2014-12-18 00:00:00-05:00,39.48227768441085,39.580867533090576,38.705675048687205,39.339698791503906,2969500,0.0,0.0
2014-12-19 00:00:00-05:00,39.98281059561863,40.566778382956514,39.43979701706621,40.339256286621094,4308000,0.0,0.0
2014-12-22 00:00:00-05:00,40.591061625533335,41.10070681185785,40.17849322820934,41.02486801147461,2779000,0.0,0.0
2014-12-23 00:00:00-05:00,41.390405896994515,42.37935936456627,41.22355710288916,42.26559829711914,4757000,0.0,0.0
2014-12-24 00:00:00-05:00,42.26862471259121,42.26862471259121,41.63915194592034,41.78628158569336,2348500,0.0,0.0
2014-12-26 00:00:00-05:00,41.93796303694731,42.17609978254107,41.45713875668857,41.65280532836914,2241000,0.0,0.0
2014-12-29 00:00:00-05:00,41.652804444232345,41.989533897718594,41.25843648550684,41.3934326171875,2523500,0.0,0.0
2014-12-30 00:00:00-05:00,41.20837779093654,41.84543323420569,41.11888666225572,41.48746871948242,1816000,0.0,0.0
2014-12-31 00:00:00-05:00,41.41770645996814,41.9167339681593,41.18108564573756,41.33883285522461,1975000,0.0,0.0
2015-01-02 00:00:00-05:00,41.59517793295334,42.276219755886096,41.4070940307741,42.1518440246582,3689000,0.0,0.0
2015-01-05 00:00:00-05:00,42.34902800219984,42.764631180890326,41.73472336850381,42.007747650146484,4224000,0.0,0.0
2015-01-06 00:00:00-05:00,42.473402468028226,43.45932113828653,42.41727991557071,42.876869201660156,5571500,0.0,0.0
2015-01-07 00:00:00-05:00,43.1938856043866,44.39974096891637,43.1938856043866,44.09941482543945,6901000,0.0,0.0
2015-01-08 00:00:00-05:00,44.62422116265881,44.76528407707002,44.03570248300614,44.712196350097656,3931000,0.0,0.0
2015-01-09 00:00:00-05:00,44.786512956310986,45.41295094076687,44.631797693680085,45.07622146606445,4201000,0.0,0.0
2015-01-12 00:00:00-05:00,44.85781324013457,45.625314329889875,44.14036795291591,45.14297103881836,5121000,0.0,0.0
2015-01-13 00:00:00-05:00,45.43874292933261,45.97265502110038,44.74708072985458,45.38868713378906,4941500,0.0,0.0
2015-01-14 00:00:00-05:00,44.90785269019393,45.26278239695952,43.38043668207097,43.887046813964844,5592000,0.0,0.0
2015-01-15 00:00:00-05:00,44.49983611454721,44.92909155121322,43.6837983097157,43.796043395996094,6182000,0.0,0.0
2015-01-16 00:00:00-05:00,43.987170912994706,45.20667860267545,43.753584885815435,45.14448928833008,4406000,0.0,0.0
2015-01-20 00:00:00-05:00,45.919578501570825,46.47472581952881,45.25977167017305,46.00603485107422,5395000,0.0,0.0
2015-01-21 00:00:00-05:00,46.004507008564744,46.118268074604146,45.470594924324224,45.84675979614258,1938000,0.0,0.0
2015-01-22 00:00:00-05:00,46.11068076604035,46.6491436203021,45.80732275619023,46.603641510009766,2890000,0.0,0.0
2015-01-23 00:00:00-05:00,46.58240751628128,46.70830209143793,45.72389943893017,45.76940155029297,2938000,0.0,0.0
2015-01-26 00:00:00-05:00,45.63896448790093,46.22444839421467,45.44632979536529,46.0833854675293,1520500,0.0,0.0
2015-01-27 00:00:00-05:00,45.80732081386667,46.76593752330603,45.729963179360254,46.445892333984375,2736500,0.0,0.0
2015-01-28 00:00:00-05:00,46.76441772281179,46.76441772281179,45.60103286998148,45.67839050292969,1484000,0.0,0.0
2015-01-29 00:00:00-05:00,45.7466468587712,46.56723548041342,45.16874578865583,46.53386688232422,2644000,0.0,0.0
2015-01-30 00:00:00-05:00,46.075796164384236,47.114802482493744,45.97113668189168,46.31999969482422,2503000,0.0,0.0
2015-02-02 00:00:00-05:00,46.63093996446147,46.71739628218221,45.43873731523314,46.22747039794922,2370500,0.0,0.0
2015-02-03 00:00:00-05:00,46.26842001075205,46.55812849488675,45.211210715184286,45.66170120239258,3930000,0.0,0.0
2015-02-04 00:00:00-05:00,45.37504249657431,45.78457601902648,44.929102651251924,45.05802917480469,3811000,0.0,0.0
2015-02-05 00:00:00-05:00,45.449360358974424,45.77850426398488,44.94274722160871,45.44329071044922,3120000,0.0,0.0
2015-02-06 00:00:00-05:00,45.47211621348131,45.47211621348131,44.29356277214707,44.99432373046875,3735500,0.0,0.0
2015-02-09 00:00:00-05:00,44.73343513424235,45.29313315514123,44.5938881739191,45.050445556640625,2271000,0.0,0.0
2015-02-10 00:00:00-05:00,45.11718151623691,45.528233851598486,44.48619266084565,45.20667266845703,2367000,0.0,0.0
2015-02-11 00:00:00-05:00,45.296178984497125,45.625322998867496,45.02922140406269,45.3204460144043,3135500,0.0,0.0
2015-02-12 00:00:00-05:00,45.65733784633911,46.340292261834264,45.355496424861265,46.12991714477539,2420500,0.3,0.0
2015-02-13 00:00:00-05:00,46.10858428151952,46.4165231315243,45.735092192100936,45.946990966796875,2582000,0.0,0.0
2015-02-17 00:00:00-05:00,45.76252044932881,46.1009489589618,45.203048622880154,45.536903381347656,3932500,0.0,0.0
2015-02-18 00:00:00-05:00,44.453035751816806,45.721381379300404,44.40120376075859,45.1542854309082,6091500,0.0,0.0
2015-02-19 00:00:00-05:00,45.19847980799131,46.73817675199445,44.97133619304038,46.40127182006836,3864500,0.0,0.0
2015-02-20 00:00:00-05:00,46.22139242186492,47.05221902641231,45.878390079132146,47.0125846862793,3010500,0.0,0.0
2015-02-23 00:00:00-05:00,47.08879430278532,47.82053051161238,47.08879430278532,47.666561126708984,2911500,0.0,0.0
2015-02-24 00:00:00-05:00,47.440948030781044,47.93334596230518,47.00190568721916,47.54460906982422,2399000,0.0,0.0
2015-02-25 00:00:00-05:00,47.611693508009616,47.73517318732714,46.629944717557535,46.83727264404297,3061000,0.0,0.0
2015-02-26 00:00:00-05:00,46.793050536211574,47.09031819104703,45.98204275466338,46.74121856689453,2460000,0.0,0.0
2015-02-27 00:00:00-05:00,46.79763127608378,47.062885620247194,46.47749772542507,46.68329620361328,3321000,0.0,0.0
2015-03-02 00:00:00-05:00,46.68329347129869,47.73059243886225,46.238153755867664,47.466861724853516,4309000,0.0,0.0
2015-03-03 00:00:00-05:00,47.334222149880794,47.668076848920045,47.07506525537145,47.44550704956055,3154000,0.0,0.0
2015-03-04 00:00:00-05:00,47.337289935866664,47.80986930523564,46.37078605164368,46.48664474487305,3243500,0.0,0.0
2015-03-05 00:00:00-05:00,46.49426822543076,46.718361720604314,46.10248405874235,46.235111236572266,2231500,0.0,0.0
2015-03-06 00:00:00-05:00,45.94241627849068,46.038459259504776,45.27623313208028,45.434776306152344,3336000,0.0,0.0
2015-03-09 00:00:00-04:00,45.64056848755001,46.53542167451649,45.51556521106605,46.38450241088867,2410500,0.0,0.0
2015-03-10 00:00:00-04:00,45.64970254524921,45.91038304688409,44.51093759927097,44.65423583984375,5369000,0.0,0.0
2015-03-11 00:00:00-04:00,44.946943673752465,45.116157946498646,44.2777104714051,44.32649230957031,5811500,0.0,0.0
2015-03-12 00:00:00-04:00,44.738098589073054,45.00182932959163,44.14966053244315,44.49876022338867,2365000,0.0,0.0
2015-03-13 00:00:00-04:00,44.30514566045175,44.721322127217896,44.05818344957652,44.6115608215332,2303500,0.0,0.0
2015-03-16 00:00:00-04:00,44.62375775804244,44.97438392622307,44.46369099663082,44.66796875,2199000,0.0,0.0
2015-03-17 00:00:00-04:00,44.36308105610323,44.6999859993949,44.04599473480795,44.12221908569336,3147000,0.0,0.0
2015-03-18 00:00:00-04:00,43.8691570533889,45.1618917333775,43.42401733636757,44.94084548950195,4174500,0.0,0.0
2015-03-19 00:00:00-04:00,44.60852314703358,44.90884102630857,44.2091179589535,44.21369171142578,3447000,0.0,0.0
2015-03-20 00:00:00-04:00,44.55820729840435,44.68016334114223,43.94842708471495,44.244171142578125,5802000,0.0,0.0
2015-03-23 00:00:00-04:00,44.36154994923095,44.64052550179862,44.15727221255221,44.20758056640625,2793000,0.0,0.0
2015-03-24 00:00:00-04:00,43.98959281226707,45.07500258515931,43.904220955998966,44.972862243652344,3950000,0.0,0.0
2015-03-25 00:00:00-04:00,45.186293892333275,45.823513867203495,44.771640916515956,44.78078842163086,2591500,0.0,0.0
2015-03-26 00:00:00-04:00,44.72285527589224,45.4469706726202,44.61157033197239,44.85700607299805,3369500,0.0,0.0
2015-03-27 00:00:00-04:00,44.74875941526155,44.8569941931831,43.89811442855185,44.004825592041016,2519500,0.0,0.0
2015-03-30 00:00:00-04:00,44.16033155888147,44.68931665359502,44.16033155888147,44.3585090637207,2027500,0.0,0.0
2015-03-31 00:00:00-04:00,43.89507252917567,44.238071908418405,43.10235677892181,43.24565505981445,4118500,0.0,0.0
2015-04-01 00:00:00-04:00,43.3996259691061,43.58103497537822,42.751734999470436,43.31578063964844,3446000,0.0,0.0
2015-04-02 00:00:00-04:00,43.049000604335646,43.58408300155337,42.45598886817068,42.71819305419922,2750000,0.0,0.0
2015-04-06 00:00:00-04:00,42.60233400508122,43.227361995958915,42.379764154134186,42.88588333129883,2843000,0.0,0.0
2015-04-07 00:00:00-04:00,42.916382116160044,43.446890869140624,42.77765756063474,42.875221252441406,2309500,0.0,0.0
2015-04-08 00:00:00-04:00,42.91332834114804,43.72433627390538,42.91332834114804,43.439266204833984,3686000,0.0,0.0
2015-04-09 00:00:00-04:00,43.16028202293866,43.85085737506666,43.16028202293866,43.41791534423828,2999000,0.0,0.0
2015-04-10 00:00:00-04:00,43.417929264554935,43.669462393285585,42.93315220195319,43.37371826171875,2990000,0.0,0.0
2015-04-13 00:00:00-04:00,43.63591836682151,43.88745145490569,43.18925210406558,43.295963287353516,2145500,0.0,0.0
2015-04-14 00:00:00-04:00,43.25174945740382,43.28986017385271,42.529160736403824,43.05052185058594,2496000,0.0,0.0
2015-04-15 00:00:00-04:00,43.04137174007779,43.96823814841871,43.04137174007779,43.70298385620117,2995500,0.0,0.0
2015-04-16 00:00:00-04:00,43.44383372497999,45.09176836155235,43.29748821087282,44.66034698486328,3791000,0.0,0.0
2015-04-17 00:00:00-04:00,44.54905985524888,45.29451736689276,44.35240599049107,44.39661407470703,4181000,0.0,0.0
2015-04-20 00:00:00-04:00,44.43015155700992,44.791445914848794,43.79445539050209,43.89964294433594,3357000,0.0,0.0
2015-04-21 00:00:00-04:00,43.783786703901484,44.049041024961504,43.5383480954456,43.5718879699707,3734500,0.0,0.0
2015-04-22 00:00:00-04:00,43.565798722186706,43.748734286972045,42.98345796014143,43.544456481933594,2095000,0.0,0.0
2015-04-23 00:00:00-04:00,43.59169740258079,44.42405025720758,43.45297289603,44.17403793334961,2699500,0.0,0.0
2015-04-24 00:00:00-04:00,44.18776417000866,44.93626888866418,44.110016213624746,44.885963439941406,2612000,0.0,0.0
2015-04-27 00:00:00-04:00,44.93170176101229,45.0551814250542,43.94842947734745,43.98806381225586,3453000,0.0,0.0
2015-04-28 00:00:00-04:00,43.75939316673059,44.02769761747831,43.18162631887554,43.879825592041016,2579500,0.0,0.0
2015-04-29 00:00:00-04:00,44.02770978627408,44.62072166647105,43.64354655533529,44.43778610229492,2321500,0.0,0.0
2015-04-30 00:00:00-04:00,44.51705090067616,44.535345908132406,43.71976424547628,43.82342529296875,3720000,0.0,0.0
2015-05-01 00:00:00-04:00,44.180147082837884,45.13292963240531,43.85391326784653,44.89511489868164,2690500,0.0,0.0
2015-05-04 00:00:00-04:00,44.79144506458503,45.32043005271586,44.72436822819267,44.788394927978516,2145000,0.0,0.0
2015-05-05 00:00:00-04:00,44.87834691516595,45.05213495389347,44.17557668631339,44.241127014160156,2902000,0.0,0.0
2015-05-06 00:00:00-04:00,44.24721880707505,45.03841093190469,44.190815990388,44.91035461425781,3096500,0.0,0.0
2015-05-07 00:00:00-04:00,44.87987406689446,45.96985763428036,44.154235067731044,45.74728775024414,5851500,0.0,0.0
2015-05-08 00:00:00-04:00,47.33271627734947,47.76566130918601,46.54762432073407,47.389122009277344,5826000,0.0,0.0
2015-05-11 00:00:00-04:00,47.51870104946409,47.71535495058769,46.619273976370145,47.0125846862793,4730500,0.0,0.0
2015-05-12 00:00:00-04:00,46.7275092953808,46.87080759224545,46.207671702091915,46.23968505859375,3069000,0.0,0.0
2015-05-13 00:00:00-04:00,46.17687072290169,46.9183713482932,46.120184664964036,46.77895736694336,2431000,0.3,0.0
2015-05-14 00:00:00-04:00,46.823385482048785,47.01335785298114,46.360712816209045,46.61809539794922,3494000,0.0,0.0
2015-05-15 00:00:00-04:00,46.56905255849638,47.15428718794105,46.36069724846086,46.99189376831055,3747000,0.0,0.0
2015-05-18 00:00:00-04:00,47.01334870598112,47.453041794410176,46.88619008780168,47.12059020996094,3205500,0.0,0.0
2015-05-19 00:00:00-04:00,47.22783598685929,47.55569111907027,46.959732202653186,47.53117752075195,3025500,0.0,0.0
2015-05-20 00:00:00-04:00,47.50820230412781,47.95248903250129,47.23243671722108,47.639957427978516,3211000,0.0,0.0
2015-05-21 00:00:00-04:00,47.705823121035074,49.11222380089511,47.44078174428425,48.579078674316406,5429500,0.0,0.0
2015-05-22 00:00:00-04:00,48.91307223378753,49.39106260730074,48.27421665274347,49.165855407714844,3883500,0.0,0.0
2015-05-26 00:00:00-04:00,48.87936656281291,49.10763904879806,48.56683204830886,48.885494232177734,3857500,0.0,0.0
2015-05-27 00:00:00-04:00,49.00344962578482,49.3466224151395,48.60052549790216,49.22865676879883,3289500,0.0,0.0
2015-05-28 00:00:00-04:00,49.25471139839294,49.51362221331092,48.76292870891787,49.27769088745117,3170500,0.0,0.0
2015-05-29 00:00:00-04:00,49.342042666763426,49.43396063579847,48.393714904785156,48.393714904785156,4641000,0.0,0.0
2015-06-01 00:00:00-04:00,48.52394394734596,49.0233856145391,48.11642318096429,48.505558013916016,3301000,0.0,0.0
2015-06-02 00:00:00-04:00,48.53771865046462,49.22866373058488,48.441201289809385,48.91306686401367,2634500,0.0,0.0
2015-06-03 00:00:00-04:00,49.05094775207943,49.5902235402568,48.61738521336775,49.303733825683594,3247000,0.0,0.0
2015-06-04 00:00:00-04:00,49.0126415916818,49.31598014917903,48.690914186096464,48.790496826171875,4398000,0.0,0.0
2015-06-05 00:00:00-04:00,48.568357778264385,49.21334385182547,48.412091999625595,48.69858169555664,3168000,0.0,0.0
2015-06-08 00:00:00-04:00,48.66793846895303,49.02183542817538,48.27114198650103,48.30791091918945,1880500,0.0,0.0
2015-06-09 00:00:00-04:00,48.21140613742418,48.657227005667814,48.1271440997972,48.34928894042969,1668000,0.0,0.0
2015-06-10 00:00:00-04:00,48.60973179305799,49.30680171261704,48.539259207646104,49.089256286621094,1777000,0.0,0.0
2015-06-11 00:00:00-04:00,49.10763719323603,49.63465180404439,48.81195451118587,48.911537170410156,2527000,0.0,0.0
2015-06-12 00:00:00-04:00,48.78744583731346,49.00652829414427,48.41363168343962,48.43661117553711,1686500,0.0,0.0
2015-06-15 00:00:00-04:00,48.1302066612339,48.71850385999349,47.799289121667584,48.65569305419922,2345000,0.0,0.0
2015-06-16 00:00:00-04:00,48.68786672163591,49.302208723383856,48.25889769020692,49.15053939819336,2503000,0.0,0.0
2015-06-17 00:00:00-04:00,48.78897286405177,48.79510053291411,47.70889306056932,48.51626968383789,4303500,0.0,0.0
2015-06-18 00:00:00-04:00,48.5423220492354,49.81390558328871,48.5423220492354,49.21641540527344,2587700,0.0,5.0
2015-06-19 00:00:00-04:00,49.11683473746081,49.25471753320793,48.22825542170724,48.44274139404297,3696500,0.0,0.0
2015-06-22 00:00:00-04:00,48.64956686785481,49.17045974731445,48.32784226472955,49.17045974731445,2793300,0.0,0.0
2015-06-23 00:00:00-04:00,49.25470229172581,49.469185275579065,48.74147139479075,48.74913024902344,1383700,0.0,0.0
2015-06-24 00:00:00-04:00,48.51168466170281,48.9253301427749,48.266557409283685,48.33549880981445,1244600,0.0,0.0
2015-06-25 00:00:00-04:00,48.39678014970967,49.11683540892437,48.335497607601,48.99427032470703,1939800,0.0,0.0
2015-06-26 00:00:00-04:00,49.53814146099384,50.31947928951805,48.795109605789776,48.879371643066406,5489300,0.0,0.0
2015-06-29 00:00:00-04:00,48.58061803932936,49.13981096387259,47.875886394220295,47.92184829711914,1527300,0.0,0.0
2015-06-30 00:00:00-04:00,48.24357719927109,49.82156760900936,48.090373764578906,49.23939514160156,3076200,0.0,0.0
2015-07-01 00:00:00-04:00,49.27003682211907,50.36543744441294,49.07087147873155,49.86752700805664,2593200,0.0,0.0
2015-07-02 00:00:00-04:00,50.08199419439301,50.21222101854639,49.36960092670803,49.43854522705078,1819000,0.0,0.0
2015-07-06 00:00:00-04:00,49.00192613207302,49.25471220429771,48.43507437509502,48.680198669433594,2214200,0.0,0.0
2015-07-07 00:00:00-04:00,48.56529979373588,48.61125877401774,46.86474739261491,47.57714080810547,3043900,0.0,0.0
2015-07-08 00:00:00-04:00,47.19412830790179,47.19412830790179,46.075748443603516,46.075748443603516,2792800,0.0,0.0
2015-07-09 00:00:00-04:00,46.60430307286709,47.186472566995484,46.35151698952551,46.57366180419922,2407200,0.0,0.0
2015-07-10 00:00:00-04:00,47.140500463127694,47.370304069939515,46.864734966108955,47.270721435546875,1324300,0.0,0.0
2015-07-13 00:00:00-04:00,47.51586013548909,47.967808632699764,47.232435698221735,47.569480895996094,1463800,0.0,0.0
2015-07-14 00:00:00-04:00,47.46223988923836,48.396778163250154,47.27073633617774,48.013771057128906,1558300,0.0,0.0
2015-07-15 00:00:00-04:00,47.99077983968507,48.09802133565747,47.51584904021929,47.60777282714844,1120600,0.0,0.0
2015-07-16 00:00:00-04:00,47.81460330592876,48.121010144165126,47.54649951405607,48.059730529785156,1322700,0.0,0.0
2015-07-17 00:00:00-04:00,47.944822053209805,53.8661106235948,46.69621826719278,52.7936897277832,9629500,0.0,0.0
2015-07-20 00:00:00-04:00,51.682976162431835,51.790217676987126,49.48451342560002,49.79092025756836,5547800,0.0,0.0
2015-07-21 00:00:00-04:00,49.72963250158588,50.19690155633205,48.89467996245743,48.978939056396484,2083700,0.0,0.0
2015-07-22 00:00:00-04:00,48.43507031917556,48.43507031917556,47.27839033475703,47.89120101928711,2108900,0.0,0.0
2015-07-23 00:00:00-04:00,47.967810276432004,48.45040005964444,47.52352354241908,47.738006591796875,1355700,0.0,0.0
2015-07-24 00:00:00-04:00,47.40094631397084,47.40094631397084,46.24426355770111,46.6119499206543,1619200,0.0,0.0
2015-07-27 00:00:00-04:00,46.22128863498143,46.22128863498143,45.00332615906855,45.263771057128906,2620100,0.0,0.0
2015-07-28 00:00:00-04:00,45.52422312360998,45.531881979709624,44.58968488539414,45.11823654174805,2096300,0.0,0.0
2015-07-29 00:00:00-04:00,45.27143479901691,45.715724405714624,44.88842772653077,45.37101745605469,1472500,0.0,0.0
2015-07-30 00:00:00-04:00,45.47825814091117,45.98382735050484,45.15653360849338,45.2867546081543,1081600,0.0,0.0
2015-07-31 00:00:00-04:00,45.401654656605665,45.86126193357791,45.1565303859389,45.3480339050293,1251500,0.0,0.0
2015-08-03 00:00:00-04:00,45.19483485340594,45.64678331882449,44.58202411778218,45.21015548706055,1400100,0.0,0.0
2015-08-04 00:00:00-04:00,45.53953527453505,46.742177083886,45.30206987011169,46.36682891845703,1855700,0.0,0.0
2015-08-05 00:00:00-04:00,46.841765202018685,47.523517309943145,46.13703068316607,47.20178985595703,2368600,0.0,0.0
2015-08-06 00:00:00-04:00,50.51097555891315,51.44551376878868,48.189950668071226,48.25889205932617,5808100,0.0,0.0
2015-08-07 00:00:00-04:00,48.00609665581941,48.73381055052593,44.26028861042065,45.14886474609375,4121900,0.0,0.0
2015-08-10 00:00:00-04:00,45.63145274152905,47.699691080413395,45.263766380278064,46.68855285644531,4793600,0.0,0.0
2015-08-11 00:00:00-04:00,45.371007986328465,45.723373718163906,43.463634799832526,43.86962127685547,4470500,0.0,0.0
2015-08-12 00:00:00-04:00,43.80032849039305,47.75067238341518,43.569314691458985,47.465755462646484,6556300,0.3,0.0
2015-08-13 00:00:00-04:00,47.71217198529198,49.20606694177944,46.74191282605263,48.68243408203125,2862000,0.0,0.0
2015-08-14 00:00:00-04:00,48.98274535885556,50.14551928466288,48.62852404453656,49.152156829833984,3147300,0.0,0.0
2015-08-17 00:00:00-04:00,49.152160367836224,49.321571851009,48.34360769814778,49.30616760253906,1763700,0.0,0.0
2015-08-18 00:00:00-04:00,49.0443589815184,49.129064736559904,48.35901669072825,48.87495040893555,2097000,0.0,0.0
2015-08-19 00:00:00-04:00,48.73633348001878,48.936544646382956,47.650566032140716,47.68906784057617,1767800,0.0,0.0
2015-08-20 00:00:00-04:00,47.511955949982365,48.13569286809624,46.564797386828296,47.026824951171875,2102700,0.0,0.0
2015-08-21 00:00:00-04:00,46.81892013133711,46.83432144459991,45.60224575857793,45.83325958251953,2531400,0.0,0.0
2015-08-24 00:00:00-04:00,43.16118642819899,46.10276932254727,42.660657029945874,43.04568099975586,3180600,0.0,0.0
2015-08-25 00:00:00-04:00,45.47132662285353,45.71004252260924,42.930169212145714,42.96097183227539,2338100,0.0,0.0
2015-08-26 00:00:00-04:00,43.87733070828636,43.900431206191385,42.06771924739913,43.20738983154297,3260000,0.0,0.0
2015-08-27 00:00:00-04:00,44.270059111393444,44.86299346360954,43.399904082329726,44.570377349853516,2321000,0.0,0.0
2015-08-28 00:00:00-04:00,44.223858933624726,44.43177225580311,43.63092159352344,44.254661560058594,2415100,0.0,0.0
2015-08-31 00:00:00-04:00,44.23925162774949,45.0786039407912,43.838826374624134,44.18534851074219,2285200,0.0,0.0
2015-09-01 00:00:00-04:00,43.045694730297434,43.946649697035866,41.8136158714021,42.22944259643555,3155400,0.0,0.0
2015-09-02 00:00:00-04:00,42.79156250468474,43.184288587281095,41.921407536137615,42.776161193847656,2107300,0.0,0.0
2015-09-03 00:00:00-04:00,42.806965725765075,44.06984389576429,42.72225998113101,43.869632720947266,2438700,0.0,0.0
2015-09-04 00:00:00-04:00,43.03797906058737,43.561611896782544,42.506647037462756,42.722259521484375,1546300,0.0,0.0
2015-09-08 00:00:00-04:00,43.78493110866855,44.23155743502759,43.376806596004236,43.82343292236328,1569300,0.0,0.0
2015-09-09 00:00:00-04:00,44.56267049364169,45.355821816450295,43.746421611673036,43.8619270324707,1631200,0.0,0.0
2015-09-10 00:00:00-04:00,43.77722525541343,43.95433887082657,43.12268566584254,43.43070602416992,872200,0.0,0.0
2015-09-11 00:00:00-04:00,43.02258275626619,43.43840939884513,42.35264179044465,43.0302848815918,1358100,0.0,0.0
2015-09-14 00:00:00-04:00,43.0610741547278,43.12267939243099,41.32076731460443,41.46707534790039,2836600,0.0,0.0
2015-09-15 00:00:00-04:00,41.49788905739531,42.35264286522071,41.05896190270123,42.183231353759766,2067400,0.0,0.0
2015-09-16 00:00:00-04:00,42.167830040217844,42.54515487824444,41.96761883917325,42.183231353759766,1620000,0.0,0.0
2015-09-17 00:00:00-04:00,42.121617779749435,42.922468244894446,41.366971242881824,41.46707534790039,2014800,0.0,0.0
2015-09-18 00:00:00-04:00,41.089758898406245,41.089758898406245,39.69597105763392,40.06559371948242,4422700,0.0,0.0
2015-09-21 00:00:00-04:00,40.44292306254586,40.81254576604017,39.603570588725404,39.82688522338867,1375200,0.0,0.0
2015-09-22 00:00:00-04:00,39.218538613916316,39.557358622325054,38.4253902405393,39.34944534301758,4703800,0.0,0.0
2015-09-23 00:00:00-04:00,39.51116779867882,39.73447950800167,36.46947731393347,36.7620964050293,3225600,0.0,0.0
2015-09-24 00:00:00-04:00,36.400163179761044,36.75438449508145,35.037178096898245,35.74562072753906,5144800,0.0,0.0
2015-09-25 00:00:00-04:00,36.24614921344024,36.323152817383495,35.514603225982505,35.707115173339844,3829500,0.0,0.0
2015-09-28 00:00:00-04:00,35.33750044969182,35.49920981645335,33.920612084376764,33.928314208984375,2524200,0.0,0.0
2015-09-29 00:00:00-04:00,34.074615791604096,34.77535918529869,33.78969892273907,34.028411865234375,2486600,0.0,0.0
2015-09-30 00:00:00-04:00,34.55205372749911,35.06028530161933,33.866711461829425,34.575157165527344,3822400,0.0,0.0
2015-10-01 00:00:00-04:00,34.6290519012056,34.99097238428791,33.90520506004227,34.49814224243164,2517400,0.0,0.0
2015-10-02 00:00:00-04:00,33.882108932399774,36.515671443963704,33.76660056785761,36.27695846557617,3561200,0.0,0.0
2015-10-05 00:00:00-04:00,36.73128126006893,38.37918310955118,36.69277945692669,37.763145446777344,3874300,0.0,0.0
2015-10-06 00:00:00-04:00,37.59373773802154,38.61790284126424,37.59373773802154,38.1558723449707,2780700,0.0,0.0
2015-10-07 00:00:00-04:00,38.0865687514167,40.25810361279956,38.02496644639501,40.2119026184082,4222700,0.0,0.0
2015-10-08 00:00:00-04:00,39.83457980276094,41.0589561515941,39.58046550866338,40.704734802246094,2981000,0.0,0.0
2015-10-09 00:00:00-04:00,41.07435081965069,41.328465072648044,39.01832161358445,39.10302734375,2529400,0.0,0.0
2015-10-12 00:00:00-04:00,38.795013427734375,39.0645290135887,37.9325576780014,38.795013427734375,2107900,0.0,0.0
2015-10-13 00:00:00-04:00,38.44848548284621,39.73446385181525,37.91715357777802,39.334041595458984,3530900,0.0,0.0
2015-10-14 00:00:00-04:00,39.58045919139777,40.58152077162782,39.20313446644603,40.45061111450195,2660300,0.0,0.0
2015-10-15 00:00:00-04:00,40.67393692327265,41.31307820153031,39.94239070342959,41.128265380859375,2668800,0.0,0.0
2015-10-16 00:00:00-04:00,41.24376679075658,41.33617171672552,39.84227984064589,40.28890609741211,2153600,0.0,0.0
2015-10-19 00:00:00-04:00,40.042499936829266,40.20420932772793,39.36485680770592,39.64207458496094,2130100,0.0,0.0
2015-10-20 00:00:00-04:00,39.742167986567146,40.80483478800247,39.62665963994401,39.86537551879883,1593600,0.0,0.0
2015-10-21 00:00:00-04:00,40.46603251013199,40.81255478923889,39.37256547106219,40.20421600341797,2615900,0.0,0.0
2015-10-22 00:00:00-04:00,40.47373098532,41.574900052070085,40.250416321433505,41.351585388183594,2228000,0.0,0.0
2015-10-23 00:00:00-04:00,41.74429603630264,41.790499967893595,41.14365961311831,41.674991607666016,2087900,0.0,0.0
2015-10-26 00:00:00-04:00,41.397769251800874,41.63648513200771,40.7201292894383,40.8895378112793,1701300,0.0,0.0
2015-10-27 00:00:00-04:00,40.51223072829434,40.71244194039704,39.411061717978576,39.71138000488281,1807700,0.0,0.0
2015-10-28 00:00:00-04:00,39.74216180337743,40.35050018428043,39.28783354817756,40.24269104003906,2016500,0.0,0.0
2015-10-29 00:00:00-04:00,40.204207341899476,40.204207341899476,39.2955504224455,39.50346374511719,1664500,0.0,0.0
2015-10-30 00:00:00-04:00,39.56506665927528,39.91158884324372,38.887423603681434,39.0953369140625,2875200,0.0,0.0
2015-11-02 00:00:00-05:00,39.28014356179762,40.550723819518375,38.98752746380717,40.312007904052734,2798200,0.0,0.0
2015-11-03 00:00:00-05:00,40.142594075918325,40.91264190353042,39.54195477288133,40.01168441772461,2132500,0.0,0.0
2015-11-04 00:00:00-05:00,40.211905569912034,40.75093679403965,39.503459916415956,39.85768127441406,2423000,0.0,0.0
2015-11-05 00:00:00-05:00,37.432035200521874,37.716952149062635,35.19119555118751,36.06904983520508,9152000,0.0,0.0
2015-11-06 00:00:00-05:00,36.03824816470774,36.49257663186165,35.42990950000162,35.822635650634766,3656800,0.0,0.0
2015-11-09 00:00:00-05:00,35.71482838899075,37.20102131918971,35.514614256554566,37.09321212768555,4186300,0.0,0.0
2015-11-10 00:00:00-05:00,36.969990169154,37.21640814488215,36.3000494675621,36.45405960083008,2767400,0.0,0.0
2015-11-11 00:00:00-05:00,36.59268286424858,37.00850950688211,35.476112629399324,36.6619873046875,2469200,0.0,0.0
2015-11-12 00:00:00-05:00,36.367508352539865,37.072695372279135,36.16602465768472,36.506996154785156,2677600,0.3,0.0
2015-11-13 00:00:00-05:00,36.52250035554265,37.70814388820647,36.204778750757626,37.235435485839844,2304000,0.0,0.0
2015-11-16 00:00:00-05:00,37.010697479937136,37.405913883653746,36.37525439565426,37.17343521118164,2307400,0.0,0.0
2015-11-17 00:00:00-05:00,38.56055853559218,39.41298426063306,37.41366121030917,38.3513298034668,3720600,0.0,0.0
2015-11-18 00:00:00-05:00,38.25058817639103,39.03326705358113,38.01035854273532,38.42107391357422,2529700,0.0,0.0
2015-11-19 00:00:00-05:00,37.93287987837764,37.97162584413591,35.987801062358756,36.08854293823242,4682900,0.0,0.0
2015-11-20 00:00:00-05:00,35.925803689178466,36.26677228448788,33.76374536596345,34.019474029541016,6019000,0.0,0.0
2015-11-23 00:00:00-05:00,33.93422532817026,35.23610949613826,33.82573547352739,34.871891021728516,3765400,0.0,0.0
2015-11-24 00:00:00-05:00,34.80213352026409,35.64680800203562,34.096946784555804,35.4918212890625,2698300,0.0,0.0
2015-11-25 00:00:00-05:00,35.406600454122675,35.763071002342976,34.910645029275756,35.15862274169922,1358000,0.0,0.0
2015-11-27 00:00:00-05:00,35.034626156314786,35.12761999505336,34.561917822504384,34.95713424682617,1031100,0.0,0.0
2015-11-30 00:00:00-05:00,34.902891003273275,36.11953236894276,34.8176481250461,35.755313873291016,3049500,0.0,0.0
2015-12-01 00:00:00-05:00,35.99554143476513,36.228020117017955,34.716904248184356,34.871891021728516,2580600,0.0,0.0
2015-12-02 00:00:00-05:00,36.10402384149614,36.10402384149614,34.29068576419533,34.91838073730469,2812700,0.0,0.0
2015-12-03 00:00:00-05:00,35.1431249968527,36.166033835482246,35.06563306755225,35.5383415222168,3297600,0.0,0.0
2015-12-04 00:00:00-05:00,35.25161484472588,35.54608651597853,34.197708141367826,34.43793487548828,3110400,0.0,0.0
2015-12-07 00:00:00-05:00,34.18220728460963,34.18995529400471,32.83382602807065,33.51576614379883,2816800,0.0,0.0
2015-12-08 00:00:00-05:00,32.99656201079922,33.61650619349317,32.41536378524981,32.60909652709961,2465400,0.0,0.0
2015-12-09 00:00:00-05:00,33.07405145304862,33.91872626262567,32.77957687973114,33.41501998901367,2196300,0.0,0.0
2015-12-10 00:00:00-05:00,33.39177966903019,33.87223610103805,32.62459661490463,32.733089447021484,1298700,0.0,0.0
2015-12-11 00:00:00-05:00,32.73307731440659,32.810569209640036,31.25295964888772,31.857404708862305,2740700,0.0,0.0
2015-12-14 00:00:00-05:00,31.624937247280855,32.066647709745645,30.71826638066072,31.05148696899414,2195700,0.0,0.0
2015-12-15 00:00:00-05:00,31.26845898621299,32.14413168482287,31.144470166986277,31.624929428100586,2161800,0.0,0.0
2015-12-16 00:00:00-05:00,32.15188556132685,32.578096981269155,31.12122600628955,32.10538864135742,2483100,0.0,0.0
2015-12-17 00:00:00-05:00,32.01240152063746,32.58584882036862,31.40795331448893,31.95815658569336,3183600,0.0,0.0
2015-12-18 00:00:00-05:00,31.857426467304602,33.32204616287849,31.834179474082266,32.24489212036133,4144300,0.0,0.0
2015-12-21 00:00:00-05:00,32.361121667899084,33.93423382237255,31.857418222955253,32.0201530456543,2648400,0.0,0.0
2015-12-22 00:00:00-05:00,32.03563641713201,33.34526828338425,31.74891287545719,33.120540618896484,2161000,0.0,0.0
2015-12-23 00:00:00-05:00,33.283273851206715,34.561907720813295,33.112788152808776,34.22868728637695,2343500,0.0,0.0
2015-12-24 00:00:00-05:00,34.16670830969226,34.37594003688592,33.47702018456901,33.51576614379883,1650100,0.0,0.0
2015-12-28 00:00:00-05:00,33.35303370705217,33.639757373042464,32.61684860495999,32.733089447021484,1373300,0.0,0.0
2015-12-29 00:00:00-05:00,32.84157573409268,33.31428410449845,32.58584709195431,33.04305648803711,1612000,0.0,0.0
2015-12-30 00:00:00-05:00,32.84932687383,32.996565665866974,31.81867011020808,31.896162033081055,1568700,0.0,0.0
2015-12-31 00:00:00-05:00,31.578432512343085,31.99689588578072,31.361452817727997,31.624929428100586,2020100,0.0,0.0
2016-01-04 00:00:00-05:00,31.04374357044516,31.733431835122044,30.865509757021858,31.38471221923828,3262500,0.0,0.0
2016-01-05 00:00:00-05:00,31.29170916838631,31.508688864708787,30.338544558806866,30.400537490844727,2690000,0.0,0.0
2016-01-06 00:00:00-05:00,29.95108020479829,29.997574166469427,27.331812958052144,27.773523330688477,4711800,0.0,0.0
2016-01-07 00:00:00-05:00,27.362811210607784,28.408966745734038,26.107421021104127,26.456140518188477,5010600,0.0,0.0
2016-01-08 00:00:00-05:00,26.657623640212112,27.200072895090756,26.122919437364978,26.208162307739258,4130100,0.0,0.0
2016-01-11 00:00:00-05:00,26.355403522726988,26.40190044960279,24.99927419485312,25.146512985229492,3657100,0.0,0.0
2016-01-12 00:00:00-05:00,25.673466533424083,25.867199296069032,24.549815918857917,25.216257095336914,4327700,0.0,0.0
2016-01-13 00:00:00-05:00,25.471975261123312,25.890438613975867,24.456816299368644,24.61180305480957,5147200,0.0,0.0
2016-01-14 00:00:00-05:00,24.774539251320157,25.68895938765776,24.154595149810472,25.278244018554688,3893000,0.0,0.0
2016-01-15 00:00:00-05:00,24.511062622515006,25.154255181681318,23.960862417545545,24.464567184448242,4766300,0.0,0.0
2016-01-19 00:00:00-05:00,24.828791000240017,24.906282921068655,23.154938609583073,23.44166374206543,3758300,0.0,0.0
2016-01-20 00:00:00-05:00,23.15493067432937,23.15493067432937,20.22569332018002,22.643476486206055,10964700,0.0,0.0
2016-01-21 00:00:00-05:00,22.61248974670299,24.108107007000964,22.565994294535738,23.457164764404297,5881700,0.0,0.0
2016-01-22 00:00:00-05:00,24.108096216409457,24.821031090749322,22.98444603251393,23.2169246673584,6338700,0.0,0.0
2016-01-25 00:00:00-05:00,22.852710990631998,22.899206428591153,21.884047411113535,22.163022994995117,4118900,0.0,0.0
2016-01-26 00:00:00-05:00,22.062282738858453,23.131688235134792,21.69806573891521,22.852712631225586,4090400,0.0,0.0
2016-01-27 00:00:00-05:00,23.131687372157952,23.99960914161937,22.45749684721729,23.294422149658203,4075500,0.0,0.0
2016-01-28 00:00:00-05:00,23.41841350719052,23.635394712059842,22.78297034486465,23.5036563873291,3438100,0.0,0.0
2016-01-29 00:00:00-05:00,23.54240559456569,23.906624148660434,23.030951199260986,23.24793243408203,4995800,0.0,0.0
2016-02-01 00:00:00-05:00,23.178185117097712,23.74388436857444,22.449749593871076,23.43391227722168,3907600,0.0,0.0
2016-02-02 00:00:00-05:00,23.325421113703964,23.325421113703964,22.271514583826516,22.82171630859375,3132800,0.0,0.0
2016-02-03 00:00:00-05:00,23.069690999916656,23.426158469713464,21.860797849500734,23.286670684814453,5209200,0.0,0.0
2016-02-04 00:00:00-05:00,23.40291842933092,23.891124343155298,22.937959501173044,23.705141067504883,5454100,0.0,0.0
2016-02-05 00:00:00-05:00,23.511403116709197,23.774879735266655,22.798466644976678,23.22467803955078,4216800,0.0,0.0
2016-02-08 00:00:00-05:00,22.627986509395228,22.775222339862434,20.721655420298795,21.70581817626953,5207100,0.0,0.0
2016-02-09 00:00:00-05:00,21.481091805882386,23.04645314628622,21.233114064444933,22.06229019165039,4988200,0.0,0.0
2016-02-10 00:00:00-05:00,22.226751854473985,22.743654449977377,21.741178816540554,21.796001434326172,2537700,0.3,0.0
2016-02-11 00:00:00-05:00,21.075470447821527,23.041261452941566,20.589897454855684,22.74365234375,5154700,0.0,0.0
2016-02-12 00:00:00-05:00,23.346704785744805,23.99674717212911,22.696662399360502,23.49551010131836,6065900,0.0,0.0
2016-02-16 00:00:00-05:00,23.855771108702378,24.819088046542625,23.252720887926184,24.388336181640625,6133300,0.0,0.0
2016-02-17 00:00:00-05:00,24.50581441419557,25.28899797754391,24.137717183387224,24.826919555664062,5982800,0.0,0.0
2016-02-18 00:00:00-05:00,25.84506135425198,27.012006348128125,25.63360140284052,26.91802215576172,7372000,0.0,0.0
2016-02-19 00:00:00-05:00,26.777051765069317,26.777051765069317,25.696260323868156,25.845064163208008,5569800,0.0,0.0
2016-02-22 00:00:00-05:00,25.845062560351032,26.65957433988517,25.845062560351032,26.267982482910156,3942600,0.0,0.0
2016-02-23 00:00:00-05:00,25.884216101971052,26.19749072151651,25.140191121256734,25.16368865966797,3902300,0.0,0.0
2016-02-24 00:00:00-05:00,24.936564061279668,25.046209278986257,23.526834285208466,24.866077423095703,5881600,0.0,0.0
2016-02-25 00:00:00-05:00,25.16368745098066,26.354126765421565,24.725103602205156,25.970365524291992,4092700,0.0,0.0
2016-02-26 00:00:00-05:00,26.260150019747233,27.513245804595634,26.260150019747233,27.372272491455078,5623300,0.0,0.0
2016-02-29 00:00:00-05:00,27.474086832633716,29.087443413183145,27.35660807744801,28.55487823486328,6216700,0.0,0.0
2016-03-01 00:00:00-05:00,28.977793358112205,29.541686509223656,28.06146997516445,28.390405654907227,3386900,0.0,0.0
2016-03-02 00:00:00-05:00,27.41143017869012,28.139791276732588,26.933687631844112,27.20780372619629,5036700,0.0,0.0
2016-03-03 00:00:00-05:00,27.61505329655079,28.500051629126,27.293948129879563,28.343414306640625,3969700,0.0,0.0
2016-03-04 00:00:00-05:00,28.5313865522632,28.922978458840944,27.027672077447903,27.090328216552734,6190100,0.0,0.0
2016-03-07 00:00:00-05:00,27.239124601184706,29.04044926791325,27.098151314438848,28.883811950683594,5204700,0.0,0.0
2016-03-08 00:00:00-05:00,28.695847410976036,28.9934580236477,27.59155862427184,27.615053176879883,3753100,0.0,0.0
2016-03-09 00:00:00-05:00,27.826510929623538,28.343411959698003,27.176470128406468,27.740360260009766,3198900,0.0,0.0
2016-03-10 00:00:00-05:00,27.709035108025155,27.74036017975102,25.758906734799712,26.346294403076172,4271400,0.0,0.0
2016-03-11 00:00:00-05:00,27.105991778067164,28.695853934979404,26.98851301310132,27.912670135498047,4947100,0.0,0.0
2016-03-14 00:00:00-04:00,27.787352774036037,28.366909931821716,27.5602288211465,27.8343448638916,3345200,0.0,0.0
2016-03-15 00:00:00-04:00,27.756025110320824,27.787353170671707,25.946872945377248,26.338464736938477,3642000,0.0,0.0
2016-03-16 00:00:00-04:00,26.173998878496,26.76138667725157,25.71192334491277,26.745725631713867,3973000,0.0,0.0
2016-03-17 00:00:00-04:00,27.00417375406917,27.56023346685553,26.620415412189075,27.45058822631836,3742700,0.0,0.0
2016-03-18 00:00:00-04:00,27.60722330990331,28.139788424110126,27.051163642531296,27.403596878051758,3921100,0.0,0.0
2016-03-21 00:00:00-04:00,27.270448726687274,27.787349707624063,27.176467544955468,27.45841407775879,2339700,0.0,0.0
2016-03-22 00:00:00-04:00,27.12164868398651,27.1843018179207,26.56558606192588,26.57341957092285,3007200,0.0,0.0
2016-03-23 00:00:00-04:00,26.440278434536133,26.46377597536561,25.75107898078031,25.821565628051758,3035300,0.0,0.0
2016-03-24 00:00:00-04:00,25.406475260349968,25.406475260349968,24.631125158671754,25.01488494873047,4183300,0.0,0.0
2016-03-28 00:00:00-04:00,24.654619538534572,25.320327395664087,24.16121452442531,24.89740753173828,3901000,0.0,0.0
2016-03-29 00:00:00-04:00,24.64678712190595,25.27333489228251,24.09855950335613,24.99138832092285,2598300,0.0,0.0
2016-03-30 00:00:00-04:00,25.101033855827314,25.375149909193325,24.76426616163873,25.04621124267578,2715600,0.0,0.0
2016-03-31 00:00:00-04:00,24.99139554055328,25.202855530160573,24.122061023593037,24.544981002807617,4166300,0.0,0.0
2016-04-01 00:00:00-04:00,24.176877193229608,25.281164401291374,23.4171881827772,25.16368865966797,3874600,0.0,0.0
2016-04-04 00:00:00-04:00,24.97572418309063,25.312493365475788,24.341345894065185,24.443159103393555,2445500,0.0,0.0
2016-04-05 00:00:00-04:00,23.52684241127372,24.544980768562866,23.237063743784272,23.5816650390625,4790600,0.0,0.0
2016-04-06 00:00:00-04:00,23.205732467829673,23.605156335705935,22.4773728786717,22.96294593811035,4996900,0.0,0.0
2016-04-07 00:00:00-04:00,22.79064501852535,23.221395438043853,22.516530436193438,22.86113166809082,5144500,0.0,0.0
2016-04-08 00:00:00-04:00,23.150912629575284,23.94192844409296,23.135250088920973,23.31538200378418,3354500,0.0,0.0
2016-04-11 00:00:00-04:00,23.612987518310547,24.082898022386264,23.35453696513955,23.612987518310547,3028300,0.0,0.0
2016-04-12 00:00:00-04:00,23.644315741331585,24.082898184309077,23.111750599385328,23.91843032836914,3270700,0.0,0.0
2016-04-13 00:00:00-04:00,24.161217360110847,24.638958399669864,23.926261354641685,24.45099449157715,4429600,0.0,0.0
2016-04-14 00:00:00-04:00,23.957590103149414,24.23170470378266,23.612988848244633,23.957590103149414,4094700,0.0,0.0
2016-04-15 00:00:00-04:00,23.840110406446758,24.568471430245477,23.573827849492293,24.302188873291016,3523800,0.0,0.0
2016-04-18 00:00:00-04:00,24.004580584644916,24.78776430025359,23.887103326064494,24.56847381591797,2509400,0.0,0.0
2016-04-19 00:00:00-04:00,24.52930987244049,26.534260944317595,24.497983305525864,26.393287658691406,4677200,0.0,0.0
2016-04-20 00:00:00-04:00,26.565594651523234,27.56807200708153,26.213164310522536,27.309619903564453,6447000,0.0,0.0
2016-04-21 00:00:00-04:00,27.411424159889282,28.06929845923095,26.777044410935773,26.816205978393555,3663600,0.0,0.0
2016-04-22 00:00:00-04:00,27.01199936313022,27.434916168982998,25.884213247235174,26.03302001953125,3580000,0.0,0.0
2016-04-25 00:00:00-04:00,26.001702272308556,26.62041817978899,25.88422350945717,25.97820472717285,2275400,0.0,0.0
2016-04-26 00:00:00-04:00,26.00953017200221,26.706563192666994,25.899884931125786,26.38545799255371,2266500,0.0,0.0
2016-04-27 00:00:00-04:00,26.36979524902396,26.50293803917467,25.445641178912226,26.46377944946289,3059800,0.0,0.0
2016-04-28 00:00:00-04:00,25.939043252789496,27.54456923688327,25.602274023490715,26.878864288330078,3609600,0.0,0.0
2016-04-29 00:00:00-04:00,26.73005902133431,27.06682823249259,25.617936676028037,25.899883270263672,2902900,0.0,0.0
2016-05-02 00:00:00-04:00,25.97036629166306,26.220984787623454,25.226341324702076,26.111339569091797,2476200,0.0,0.0
2016-05-03 00:00:00-04:00,25.805898403143228,25.868551533181833,24.427495184800428,24.803422927856445,3431500,0.0,0.0
2016-05-04 00:00:00-04:00,24.39617219136796,25.218515980576274,24.122057594965188,25.148029327392578,5012600,0.0,0.0
2016-05-05 00:00:00-04:00,24.278693237640887,25.09320495360715,23.519005632168113,24.114225387573242,7510900,0.0,0.0
2016-05-06 00:00:00-04:00,23.879266543637993,24.873910022455206,23.847939978044334,24.278690338134766,2945400,0.0,0.0
2016-05-09 00:00:00-04:00,24.263028582633144,24.396169859944862,23.746127504553346,23.816614151000977,2339800,0.0,0.0
2016-05-10 00:00:00-04:00,23.800951444665085,24.129888648462227,22.61834391419927,23.887102127075195,5296000,0.0,0.0
2016-05-11 00:00:00-04:00,23.76845894831952,23.958291566855184,23.03286396322894,23.301790237426758,3785100,0.3,0.0
2016-05-12 00:00:00-04:00,23.95828709093458,24.0611116905083,21.814775046816784,22.028335571289062,5469800,0.0,0.0
2016-05-13 00:00:00-04:00,22.083710208744375,22.35263803181609,21.474667697161742,21.870149612426758,4671700,0.0,0.0
2016-05-16 00:00:00-04:00,21.980878970864936,22.77975087208872,21.972969153898728,22.637378692626953,3367900,0.0,0.0
2016-05-17 00:00:00-04:00,22.42381934871332,23.127776500932132,22.38427026178656,23.032861709594727,3500500,0.0,0.0
2016-05-18 00:00:00-04:00,22.99331351593303,23.52325923219214,22.431730037546824,22.605741500854492,3720900,0.0,0.0
2016-05-19 00:00:00-04:00,22.645287602345988,23.111956255242415,22.328902458511976,22.7322940826416,3459100,0.0,0.0
2016-05-20 00:00:00-04:00,22.779750999576116,22.969583590540864,22.400088834933293,22.613649368286133,4374900,0.0,0.0
2016-05-23 00:00:00-04:00,23.776365456755432,24.330040581683924,23.333426261998643,23.61026382446289,8479100,0.0,0.0
2016-05-24 00:00:00-04:00,23.341337320823964,23.412524169491746,21.656583913877725,21.8385066986084,12225600,0.0,0.0
2016-05-25 00:00:00-04:00,22.146980076606667,23.491618756143673,22.067883417461555,23.349245071411133,7885300,0.0,0.0
2016-05-26 00:00:00-04:00,23.69727089257942,23.84755441270248,22.827212060161724,22.906307220458984,6052400,0.0,0.0
2016-05-27 00:00:00-04:00,22.858852178148055,23.222696289312065,21.7673228619433,21.909696578979492,6984100,0.0,0.0
2016-05-31 00:00:00-04:00,21.909689113977937,21.94132686884889,21.356014071626664,21.878049850463867,6090900,0.0,0.0
2016-06-01 00:00:00-04:00,21.878055658906238,21.933422876112278,21.356019741472828,21.86223602294922,3921000,0.0,0.0
2016-06-02 00:00:00-04:00,21.86223488078716,22.36054282689516,21.751500452160247,22.131162643432617,6262400,0.0,0.0
2016-06-03 00:00:00-04:00,22.091611570273542,22.700653848683242,21.838503482789825,22.629467010498047,4223300,0.0,0.0
2016-06-06 00:00:00-04:00,23.293878277564737,24.64642528933186,23.096137380501006,24.63851547241211,7725100,0.0,0.0
2016-06-07 00:00:00-04:00,24.828348650846618,25.643040250068584,24.757161801196073,25.279197692871094,6240700,0.0,0.0
2016-06-08 00:00:00-04:00,25.287104124976935,25.374112106798584,24.187665274347623,24.583147048950195,3669000,0.0,0.0
2016-06-09 00:00:00-04:00,24.195577378873093,24.195577378873093,23.309697456189213,23.562807083129883,4885900,0.0,0.0
2016-06-10 00:00:00-04:00,23.254335043706263,23.752643074520343,22.80348592635123,23.119871139526367,4878800,0.0,0.0
2016-06-13 00:00:00-04:00,23.278058780456554,23.784274997147268,22.60573942476212,22.637378692626953,3452300,0.0,0.0
2016-06-14 00:00:00-04:00,22.605737574594205,23.072406176902685,21.696129818933727,21.93341827392578,4068000,0.0,0.0
2016-06-15 00:00:00-04:00,22.00460763861286,22.407999265329355,21.55375861717777,21.89387321472168,4606300,0.0,0.0
2016-06-16 00:00:00-04:00,21.67240173943163,21.988786868960787,21.000082396280117,21.82268524169922,4312900,0.0,0.0
2016-06-17 00:00:00-04:00,21.870143459206204,22.724384095490116,21.854323824971992,22.423818588256836,6613200,0.0,0.0
2016-06-20 00:00:00-04:00,22.574099568742927,23.13568294339104,22.07579170666047,22.115339279174805,3462700,0.0,0.0
2016-06-21 00:00:00-04:00,22.044156062085193,22.18652824196117,21.47466130800796,21.601215362548828,4617900,0.0,0.0
2016-06-22 00:00:00-04:00,21.751503678246245,21.965064258252596,21.332292336971964,21.371841430664062,3785900,0.0,0.0
2016-06-23 00:00:00-04:00,21.50630326577745,21.878055658906238,21.22155585312522,21.86223602294922,4862500,0.0,0.0
2016-06-24 00:00:00-04:00,20.992170496325883,21.05544751140496,19.5842550250126,20.114200592041016,11112200,0.0,0.0
2016-06-27 00:00:00-04:00,19.726632671786966,19.750360614333854,18.310807098946636,18.57182502746582,7575800,0.0,0.0
2016-06-28 00:00:00-04:00,18.872392516009878,19.36278911712982,18.666741793118376,19.03058433532715,6589500,0.0,0.0
2016-06-29 00:00:00-04:00,19.354876901511474,19.481430944740723,18.95148532297704,19.252052307128906,5769300,0.0,0.0
2016-06-30 00:00:00-04:00,19.26787415550649,19.64753632885554,18.690469569647682,19.062223434448242,4517800,0.0,0.0
2016-07-01 00:00:00-04:00,18.919854103283143,19.315336002173975,18.793300016329574,19.157142639160156,4839400,0.0,0.0
2016-07-05 00:00:00-04:00,19.05431304820412,19.172957285251996,18.389903510364018,18.61928367614746,3709800,0.0,0.0
2016-07-06 00:00:00-04:00,18.445272421934273,18.80911649224045,17.994423374376797,18.78538703918457,4798300,0.0,0.0
2016-07-07 00:00:00-04:00,18.91194147255985,19.236236460744703,18.49273017894952,18.587646484375,3029800,0.0,0.0
2016-07-08 00:00:00-04:00,19.101769953300575,19.75035984065984,18.864481485266843,19.663354873657227,3839000,0.0,0.0
2016-07-11 00:00:00-04:00,19.78991054195819,20.058838298987013,19.473525389172345,19.513072967529297,3699000,0.0,0.0
2016-07-12 00:00:00-04:00,19.77409570024423,20.952631622941535,19.679179377079798,20.588788986206055,4371900,0.0,0.0
2016-07-13 00:00:00-04:00,20.620420516039946,21.363926711838577,20.272396114591583,21.292739868164062,4906700,0.0,0.0
2016-07-14 00:00:00-04:00,21.71986243129002,22.40009169459774,21.617037814313605,22.044158935546875,7391400,0.0,0.0
2016-07-15 00:00:00-04:00,22.139073773415653,22.162803227518165,21.379749345857697,21.704044342041016,4032100,0.0,0.0
2016-07-18 00:00:00-04:00,21.624945421667153,22.004607595966856,20.889349016059363,21.901782989501953,3904700,0.0,0.0
2016-07-19 00:00:00-04:00,21.514213447478827,21.577490483733147,20.84189399437445,21.000085830688477,5392000,0.0,0.0
2016-07-20 00:00:00-04:00,21.031724843341063,21.43511651022076,20.715339665977638,21.047544479370117,4148300,0.0,0.0
2016-07-21 00:00:00-04:00,21.150368245575063,21.41138619498183,20.723248650474652,20.794435501098633,3071900,0.0,0.0
2016-07-22 00:00:00-04:00,20.715341243195198,20.889352726833028,19.89273821077569,19.916467666625977,4531400,0.0,0.0
2016-07-25 00:00:00-04:00,19.90064468965234,20.106295413244766,19.410248086860953,20.03510856628418,5723900,0.0,0.0
2016-07-26 00:00:00-04:00,20.011374809339607,20.509682630862017,19.821543761164474,20.406856536865234,2880600,0.0,0.0
2016-07-27 00:00:00-04:00,20.454319078897214,20.826071425970525,19.92437340913895,20.098384857177734,3841800,0.0,0.0
2016-07-28 00:00:00-04:00,19.869005307802524,19.916462699022535,19.259963004013187,19.50516128540039,3735700,0.0,0.0
2016-07-29 00:00:00-04:00,19.41815093307132,19.576344217070492,18.785380814360572,19.520977020263672,4340600,0.0,0.0
2016-08-01 00:00:00-04:00,19.346968263784078,19.600077874304397,18.967306110968533,19.315330505371094,3612200,0.0,0.0
2016-08-02 00:00:00-04:00,19.259966400923453,19.86900881213055,19.022676385685653,19.37070083618164,3772600,0.0,0.0
2016-08-03 00:00:00-04:00,19.370698801549448,19.892734668138797,19.212506983317045,19.394428253173828,3937200,0.0,0.0
2016-08-04 00:00:00-04:00,17.97069204427132,18.152614814744197,16.428313964184564,16.950349807739258,25849300,0.0,0.0
2016-08-05 00:00:00-04:00,16.831705336315792,17.52775261508886,16.649782568391775,17.47238540649414,8896600,0.0,0.0
2016-08-08 00:00:00-04:00,17.591029388294352,18.413632214606107,17.527752363858315,18.342445373535156,6405100,0.0,0.0
2016-08-09 00:00:00-04:00,18.310812226171176,18.484825233005047,17.40120413018568,17.49612045288086,7150500,0.0,0.0
2016-08-10 00:00:00-04:00,17.48820581888545,17.654307452067492,16.989897902052622,17.061084747314453,8197500,0.0,0.0
2016-08-11 00:00:00-04:00,17.141296686558476,17.863204027371207,17.02899890115437,17.855182647705078,6181100,0.3,0.0
2016-08-12 00:00:00-04:00,17.823095582072536,18.25624086691807,17.638608455529408,17.927371978759766,9086300,0.0,0.0
2016-08-15 00:00:00-04:00,18.103842251135937,18.62521977511832,18.079779638133694,18.60917854309082,4954400,0.0,0.0
2016-08-16 00:00:00-04:00,18.68136944194152,18.801687096718688,18.488859358391668,18.60917854309082,6010200,0.0,0.0
2016-08-17 00:00:00-04:00,18.841788536344417,19.22680556318488,18.40062338432993,18.697406768798828,5654300,0.0,0.0
2016-08-18 00:00:00-04:00,18.665325945473185,18.71345269950577,18.111862919371735,18.240201950073242,5635100,0.0,0.0
2016-08-19 00:00:00-04:00,18.079777105611036,18.585111796859234,17.911331188580455,18.464794158935547,5068300,0.0,0.0
2016-08-22 00:00:00-04:00,18.47281559922888,19.0262770414731,18.288326921892363,19.002214431762695,3705700,0.0,0.0
2016-08-23 00:00:00-04:00,19.563694862063596,20.494153395180348,19.539632255295036,19.916627883911133,7825300,0.0,0.0
2016-08-24 00:00:00-04:00,19.996843074347016,20.012885834492195,19.22680741651823,19.282957077026367,6321200,0.0,0.0
2016-08-25 00:00:00-04:00,19.20274415298056,19.724121600588173,19.20274415298056,19.43535804748535,4955300,0.0,0.0
2016-08-26 00:00:00-04:00,19.70005828741787,19.892566820919722,19.15461667753505,19.23482894897461,5168800,0.0,0.0
2016-08-29 00:00:00-04:00,19.611824841313545,20.141223655172062,19.531612575290982,20.03694725036621,4905700,0.0,0.0
2016-08-30 00:00:00-04:00,20.036947568906495,21.440656891891024,19.956735301608745,20.991470336914062,13912700,0.0,0.0
2016-08-31 00:00:00-04:00,20.83105174447267,21.456705771959744,20.598437785868903,20.85511589050293,8891500,0.0,0.0
2016-09-01 00:00:00-04:00,20.943346766553493,20.999494903205598,20.429989095901444,20.534265518188477,4141100,0.0,0.0
2016-09-02 00:00:00-04:00,20.71875409605467,20.983453565322094,20.429990482336724,20.806987762451172,3713600,0.0,0.0
2016-09-06 00:00:00-04:00,20.823024171893056,20.98344870455709,20.462071268281573,20.57436752319336,3120100,0.0,0.0
2016-09-07 00:00:00-04:00,20.63854385966001,20.959391501236254,20.277590836607576,20.478120803833008,3876500,0.0,0.0
2016-09-08 00:00:00-04:00,20.373836321517526,21.232103997652388,20.365814942404292,20.823022842407227,5459500,0.0,0.0
2016-09-09 00:00:00-04:00,20.630519444345264,20.798965387609787,20.052993774414062,20.052993774414062,4990700,0.0,0.0
2016-09-12 00:00:00-04:00,19.988819795219307,20.582388094902246,19.81235404015303,20.46207046508789,4649100,0.0,0.0
2016-09-13 00:00:00-04:00,20.0529942632578,20.0529942632578,18.97815364835342,19.258895874023438,6289300,0.0,0.0
2016-09-14 00:00:00-04:00,19.307016846976648,19.371186348195288,18.729491336008905,19.274932861328125,6467400,0.0,0.0
2016-09-15 00:00:00-04:00,19.202747148158167,19.57172149696598,18.90596216896414,19.32306480407715,5359100,0.0,0.0
2016-09-16 00:00:00-04:00,19.042324085045976,19.411299992803155,19.02628132168216,19.266918182373047,3944100,0.0,0.0
2016-09-19 00:00:00-04:00,19.37920915917699,19.483485562564113,18.970127984957205,18.994192123413086,3471200,0.0,0.0
2016-09-20 00:00:00-04:00,19.130553072826935,19.130553072826935,18.56104735213311,18.68938636779785,5300100,0.0,0.0
2016-09-21 00:00:00-04:00,18.94607110526261,19.130558299443795,18.35250108324306,18.472820281982422,8173500,0.0,0.0
2016-09-22 00:00:00-04:00,18.58511109138684,19.018254877454762,18.553025573200177,18.633237838745117,4750500,0.0,0.0
2016-09-23 00:00:00-04:00,18.55302784932519,18.705431019565548,17.879248713883506,18.151968002319336,6960800,0.0,0.0
2016-09-26 00:00:00-04:00,18.079781460031292,18.37656493639368,17.855187359872133,18.159992218017578,4950600,0.0,0.0
2016-09-27 00:00:00-04:00,17.999568332657773,18.384585460755186,17.80705976860907,18.36052131652832,5472400,0.0,0.0
2016-09-28 00:00:00-04:00,18.48885694437293,19.274935348120636,18.47281571443987,19.210765838623047,5773800,0.0,0.0
2016-09-29 00:00:00-04:00,19.178679518709465,19.796311978055023,19.02627636629083,19.41129493713379,4468900,0.0,0.0
2016-09-30 00:00:00-04:00,19.49150930549979,19.83642104265404,19.210768617045876,19.5316162109375,4186300,0.0,0.0
2016-10-03 00:00:00-04:00,19.467449353284866,19.563702879648837,19.114516186798465,19.419321060180664,4257700,0.0,0.0
2016-10-04 00:00:00-04:00,19.475472311185285,19.820382593471347,19.37119586427829,19.571725845336914,3865700,0.0,0.0
2016-10-05 00:00:00-04:00,19.70807937819276,20.173308709805355,19.419315817218806,19.94069480895996,4704200,0.0,0.0
2016-10-06 00:00:00-04:00,19.868505186059707,20.14122600439285,19.25889403507515,19.780271530151367,4226500,0.0,0.0
2016-10-07 00:00:00-04:00,19.788291424101356,19.86850369345379,19.202744458695626,19.210765838623047,3901500,0.0,0.0
2016-10-10 00:00:00-04:00,19.37921180529775,19.53161497648472,19.090448224084952,19.13857650756836,3346600,0.0,0.0
2016-10-11 00:00:00-04:00,19.050339635714284,19.114509139606138,18.64927985390977,18.817724227905273,4050600,0.0,0.0
2016-10-12 00:00:00-04:00,18.83376714316546,18.905958026885052,18.095817077304243,18.384580612182617,4706800,0.0,0.0
2016-10-13 00:00:00-04:00,18.13592705698671,18.585113664333935,17.6466335463537,18.480838775634766,6075200,0.0,0.0
2016-10-14 00:00:00-04:00,18.64928480421041,18.89794150655504,17.823100883617535,17.87122917175293,4740900,0.0,0.0
2016-10-17 00:00:00-04:00,17.863207340920386,18.280309981399576,17.83112181630413,18.127906799316406,5070700,0.0,0.0
2016-10-18 00:00:00-04:00,18.336453713677184,18.954084614915672,18.232177313651885,18.817724227905273,5603400,0.0,0.0
2016-10-19 00:00:00-04:00,18.745540465079124,19.579744264452874,18.665328178812658,19.371192932128906,6426100,0.0,0.0
2016-10-20 00:00:00-04:00,19.090445877127735,20.341753555267612,18.87387474776505,20.03694725036621,8322600,0.0,0.0
2016-10-21 00:00:00-04:00,20.07705708651316,21.023557068345355,19.868505776302765,20.790943145751953,8578300,0.0,0.0
2016-10-24 00:00:00-04:00,20.79094834300686,20.806991108553813,20.052997956992638,20.333740234375,4582100,0.0,0.0
2016-10-25 00:00:00-04:00,20.36582011017779,20.69468908766188,20.213418458119715,20.48613929748535,4860100,0.0,0.0
2016-10-26 00:00:00-04:00,20.413943245041498,20.85510838742216,20.245497343276146,20.49415397644043,4572000,0.0,0.0
2016-10-27 00:00:00-04:00,20.7508332770851,20.815002779410214,19.619843312482352,19.675992965698242,4568300,0.0,0.0
2016-10-28 00:00:00-04:00,19.748186744200186,19.996843410948827,19.32306277272774,19.6679744720459,4721800,0.0,0.0
2016-10-31 00:00:00-04:00,19.61984885280885,19.892569697182918,19.202747734873842,19.258895874023438,3501100,0.0,0.0
2016-11-01 00:00:00-04:00,19.371189552376794,20.061012952021787,19.186702397097452,19.964757919311523,7449100,0.0,0.0
2016-11-02 00:00:00-04:00,19.8845497576225,20.141227838266325,19.700061048477966,19.812358856201172,5569300,0.0,0.0
2016-11-03 00:00:00-04:00,18.905962412196338,18.905962412196338,17.791016440455834,18.127906799316406,19321100,0.0,0.0
2016-11-04 00:00:00-04:00,18.168013305601164,18.785645923595755,18.11186516395113,18.536989212036133,7892000,0.0,0.0
2016-11-07 00:00:00-05:00,18.85782594955192,18.978143545094436,18.54499989515713,18.681360244750977,5833500,0.0,0.0
2016-11-08 00:00:00-05:00,18.609170648885215,19.643903876930537,18.480831667576048,19.52358627319336,8295300,0.0,0.0
2016-11-09 00:00:00-05:00,19.29098007065167,21.432639941519934,19.034301986190197,21.240131378173828,10914600,0.0,0.0
2016-11-10 00:00:00-05:00,21.524088276703395,22.90331648970719,21.524088276703395,22.010873794555664,9181500,0.3,0.0
2016-11-11 00:00:00-05:00,21.986537044385937,22.716716921662968,21.83238746055909,22.53822898864746,7297400,0.0,0.0
2016-11-14 00:00:00-05:00,22.578794756904415,22.960110533448045,22.246157227962325,22.87898063659668,5719800,0.0,0.0
2016-11-15 00:00:00-05:00,22.749165116852243,22.91953971353818,22.238038231888048,22.5544490814209,5607000,0.0,0.0
2016-11-16 00:00:00-05:00,22.473323631037943,22.59502001655838,22.26238250732422,22.26238250732422,3502500,0.0,0.0
2016-11-17 00:00:00-05:00,22.40841768995128,22.5382273678006,21.864839083662186,21.978422164916992,5538600,0.0,0.0
2016-11-18 00:00:00-05:00,21.88106206665409,23.55236421919267,21.88106206665409,23.49557113647461,7934300,0.0,0.0
2016-11-21 00:00:00-05:00,23.99858852952653,24.534053871258994,23.836325648263685,24.233869552612305,7051100,0.0,0.0
2016-11-22 00:00:00-05:00,24.144623969734443,24.144623969734443,22.65181108509698,23.033126831054688,9453200,0.0,0.0
2016-11-23 00:00:00-05:00,22.968221429136207,23.09803110745889,22.530114151660506,23.025012969970703,6702000,0.0,0.0
2016-11-25 00:00:00-05:00,23.10614752315873,23.471238259855998,22.854641430908185,23.162939071655273,1755200,0.0,0.0
2016-11-28 00:00:00-05:00,23.089913881213977,23.357648038094286,22.643693381319792,22.870861053466797,3159800,0.0,0.0
2016-11-29 00:00:00-05:00,22.635586330585717,22.82218756949139,22.18125240837298,22.254270553588867,3933600,0.0,0.0
2016-11-30 00:00:00-05:00,22.700491338334295,23.779535378435142,22.57068164534875,23.479351043701172,6436700,0.0,0.0
2016-12-01 00:00:00-05:00,23.6010453063761,24.298773503761918,23.171049770029626,23.300859451293945,5958900,0.0,0.0
2016-12-02 00:00:00-05:00,23.35765201155769,24.0229269998248,22.765393613325337,23.025012969970703,5097300,0.0,0.0
2016-12-05 00:00:00-05:00,23.357653017504486,23.76330866659665,22.960109119635092,23.18727684020996,7761800,0.0,0.0
2016-12-06 00:00:00-05:00,22.951993034204925,23.349535309549754,22.570675805695217,23.17915916442871,6881700,0.0,0.0
2016-12-07 00:00:00-05:00,23.17105019302228,24.428583630975442,23.12237194852289,24.112171173095703,6748400,0.0,0.0
2016-12-08 00:00:00-05:00,24.274433761814617,24.947822067928865,24.112170885480843,24.639524459838867,4430700,0.0,0.0
2016-12-09 00:00:00-05:00,24.688206050689875,25.110088348388672,24.37179510114262,25.110088348388672,4674500,0.0,0.0
2016-12-12 00:00:00-05:00,25.004614856030397,25.04518135086142,23.260295812088614,23.52802848815918,6049600,0.0,0.0
2016-12-13 00:00:00-05:00,23.58482185404647,23.771423102312802,22.75728386505622,23.04935646057129,6542500,0.0,0.0
2016-12-14 00:00:00-05:00,22.943884594631506,23.39821849872171,22.74105676544526,22.80596160888672,3011900,0.0,0.0
2016-12-15 00:00:00-05:00,22.692378083114917,23.59293418397115,22.513890141776923,23.244070053100586,4453900,0.0,0.0
2016-12-16 00:00:00-05:00,23.187273996542565,24.02292508827215,22.895201469830614,23.91745376586914,10461700,0.0,0.0
2016-12-19 00:00:00-05:00,23.65783379974313,23.933679723745268,22.83029602773671,22.951993942260742,5416900,0.0,0.0
2016-12-20 00:00:00-05:00,23.098030502500603,23.601044153416694,22.951995778802438,23.519912719726562,3921800,0.0,0.0
2016-12-21 00:00:00-05:00,23.617273693445195,23.617273693445195,23.162938227130706,23.446897506713867,3782400,0.0,0.0
2016-12-22 00:00:00-05:00,23.50368356305839,24.47725756637416,23.381987199507225,24.428579330444336,4335200,0.0,0.0
2016-12-23 00:00:00-05:00,24.428577886339426,24.99649473182331,24.02292233351388,24.915363311767578,5475500,0.0,0.0
2016-12-27 00:00:00-05:00,25.07763361894937,26.051207854601618,24.923484029689487,25.921398162841797,6222900,0.0,0.0
2016-12-28 00:00:00-05:00,26.051206186790772,26.45686183443334,25.37781787360225,25.661775588989258,3653400,0.0,0.0
2016-12-29 00:00:00-05:00,25.57253125982405,25.99441348597132,25.507626420990118,25.880828857421875,4220100,0.0,0.0
2016-12-30 00:00:00-05:00,25.8078117814514,26.091771043320545,25.215554909308043,25.54007911682129,4181300,0.0,0.0
2017-01-03 00:00:00-05:00,25.978189387299327,26.440636601888798,25.686116810736053,25.85649299621582,6719700,0.0,0.0
2017-01-04 00:00:00-05:00,26.05120166180809,26.805721282958984,25.99441012859514,26.805721282958984,5479500,0.0,0.0
2017-01-05 00:00:00-05:00,26.805725300391074,27.097797854920636,26.221580191331952,26.8138370513916,5949600,0.0,0.0
2017-01-06 00:00:00-05:00,26.830070497544128,27.178934682856998,26.78950554237215,27.15459632873535,2840200,0.0,0.0
2017-01-09 00:00:00-05:00,27.154588884461905,27.544017918187038,26.830063142237538,27.397981643676758,4523200,0.0,0.0
2017-01-10 00:00:00-05:00,27.105912166953345,27.406096500845578,26.286489062574915,26.55422019958496,6816000,0.0,0.0
2017-01-11 00:00:00-05:00,26.667800748630768,27.779299423961923,26.659688997637993,27.738731384277344,6500000,0.0,0.0
2017-01-12 00:00:00-05:00,27.527791223285153,28.047029933064493,27.10590899786273,27.998350143432617,5902000,0.0,0.0
2017-01-13 00:00:00-05:00,27.88476837791727,28.152502591161944,27.0491187333784,27.568357467651367,4144900,0.0,0.0
2017-01-17 00:00:00-05:00,27.771185910175486,27.79552425922816,26.659690276435608,26.68402862548828,4777800,0.0,0.0
2017-01-18 00:00:00-05:00,26.684033513573006,26.708371867084075,26.197247873905923,26.221586227416992,5392300,0.0,0.0
2017-01-19 00:00:00-05:00,26.43252533894617,26.546108433063498,25.95384996992156,26.164791107177734,5020000,0.0,0.0
2017-01-20 00:00:00-05:00,27.35742186022172,27.86043407013957,26.805729851315398,27.746850967407227,7960500,0.0,0.0
2017-01-23 00:00:00-05:00,27.584588882770944,28.63118138021859,27.519682482197048,28.59872817993164,7577100,0.0,0.0
2017-01-24 00:00:00-05:00,28.90701316915403,30.123979726938774,28.85022164404989,29.89681053161621,10489100,0.0,0.0
2017-01-25 00:00:00-05:00,30.1077584820898,30.156435172306608,29.223429169241363,29.64531135559082,4964000,0.0,0.0
2017-01-26 00:00:00-05:00,28.241754044509626,29.5966427455001,27.990246368768407,29.377588272094727,6072700,0.0,0.0
2017-01-27 00:00:00-05:00,29.588533014133876,29.856264214429185,29.03684091635865,29.620983123779297,4210200,0.0,0.0
2017-01-30 00:00:00-05:00,29.434365731068496,29.434365731068496,28.49324497843507,28.712299346923828,4156200,0.0,0.0
2017-01-31 00:00:00-05:00,28.996257033810092,29.288326399448348,28.525695159620955,28.631166458129883,4355300,0.0,0.0
2017-02-01 00:00:00-05:00,28.67173266280889,29.767001343569365,28.60682629318152,29.718324661254883,4594800,0.0,0.0
2017-02-02 00:00:00-05:00,29.539840401413556,29.539840401413556,28.655511077604142,28.907018661499023,3911000,0.0,0.0
2017-02-03 00:00:00-05:00,29.036832706754463,29.32079042904288,28.834004878003576,28.947587966918945,3189400,0.0,0.0
2017-02-06 00:00:00-05:00,28.963818335363438,29.004383287413294,28.209298466587782,28.79344367980957,3882500,0.0,0.0
2017-02-07 00:00:00-05:00,28.436459843195053,28.850230330571463,27.868541326252938,28.306650161743164,4909000,0.0,0.0
2017-02-08 00:00:00-05:00,28.314765552658518,28.53381687971251,27.91722165467592,28.34721565246582,3068300,0.0,0.0
2017-02-09 00:00:00-05:00,28.31476565304387,28.40400729646408,27.949674948481196,27.982128143310547,3718800,0.0,0.0
2017-02-10 00:00:00-05:00,28.193065124673225,29.126074273236608,28.055143701704868,29.077394485473633,4172300,0.0,0.0
2017-02-13 00:00:00-05:00,29.27211730936913,30.09965222831982,29.22343751035132,29.783241271972656,6424300,0.0,0.0
2017-02-14 00:00:00-05:00,29.596629419170494,29.669647544094772,29.028711013637928,29.466819763183594,7961300,0.0,0.0
2017-02-15 00:00:00-05:00,29.61407961037627,29.66316172195574,28.076109993653084,28.21518325805664,9226000,0.3,0.0
2017-02-16 00:00:00-05:00,27.55254840252528,29.213226523571766,27.30712846710559,27.42165756225586,10609500,0.0,0.0
2017-02-17 00:00:00-05:00,27.413467373782115,27.9370337074209,27.249856210245586,27.90431022644043,6668800,0.0,0.0
2017-02-21 00:00:00-05:00,27.96158002562076,28.256085168562294,27.35620799616499,27.757062911987305,5137500,0.0,0.0
2017-02-22 00:00:00-05:00,27.617985918285353,27.79796195257055,27.15168721189468,27.176231384277344,3145900,0.0,0.0
2017-02-23 00:00:00-05:00,27.192593995797303,27.208952616998456,25.42556488082983,26.030935287475586,7986100,0.0,0.0
2017-02-24 00:00:00-05:00,25.703705039724166,25.77733130866217,25.01652756986373,25.482826232910156,5696400,0.0,0.0
2017-02-27 00:00:00-05:00,25.441930576760992,25.801881152449784,25.29467799760004,25.760976791381836,3897800,0.0,0.0
2017-02-28 00:00:00-05:00,25.482829810854895,26.292717322544686,25.376481607646614,25.70370864868164,5672500,0.0,0.0
2017-03-01 00:00:00-05:00,26.170012823664376,26.39907258023128,25.654630321816253,26.300905227661133,5653800,0.0,0.0
2017-03-02 00:00:00-05:00,26.300901270870245,26.423609662951325,25.793698157756598,25.818239212036133,4037600,0.0,0.0
2017-03-03 00:00:00-05:00,25.744617883514778,25.793703122204562,25.229235360008065,25.319223403930664,5302300,0.0,0.0
2017-03-06 00:00:00-05:00,25.18832833581413,25.42556737504333,24.885642322627373,25.221050262451172,3378200,0.0,0.0
2017-03-07 00:00:00-05:00,25.090155226484164,25.155600629121878,24.443880510137934,24.705663681030273,5349400,0.0,0.0
2017-03-08 00:00:00-05:00,24.640222039440044,24.910184561569988,24.165742407807365,24.23118782043457,4775900,0.0,0.0
2017-03-09 00:00:00-05:00,24.46842931530017,25.2701360906451,23.72398708671675,24.00213050842285,5520000,0.0,0.0
2017-03-10 00:00:00-05:00,24.043029027056868,24.223005068064076,23.723982860313683,24.06757164001465,3142400,0.0,0.0
2017-03-13 00:00:00-04:00,24.28026960462397,24.28026960462397,23.887597159349035,24.06757164001465,4511600,0.0,0.0
2017-03-14 00:00:00-04:00,23.87123627406979,23.87123627406979,23.306768638515923,23.462202072143555,4798400,0.0,0.0
2017-03-15 00:00:00-04:00,23.584912747293302,24.043030630669424,23.306769356586663,23.601274490356445,6407100,0.0,0.0
2017-03-16 00:00:00-04:00,23.8057897431642,23.854873408188343,23.192238469166885,23.48674201965332,4926600,0.0,0.0
2017-03-17 00:00:00-04:00,23.691265196508994,24.198468399847908,23.666724137863902,23.96122932434082,9977100,0.0,0.0
2017-03-20 00:00:00-04:00,24.525689427987242,24.869278206779725,24.25572692753183,24.86109733581543,6302000,0.0,0.0
2017-03-21 00:00:00-04:00,24.918360420208472,24.9756265136216,24.05120843296349,24.165739059448242,5078300,0.0,0.0
2017-03-22 00:00:00-04:00,23.961227033207447,24.198466086030127,23.494926679091883,23.912141799926758,4495800,0.0,0.0
2017-03-23 00:00:00-04:00,23.77306727547486,24.149379550985017,23.617635402866117,24.04302978515625,3676400,0.0,0.0
2017-03-24 00:00:00-04:00,24.12483564743385,24.296630813687074,23.707620598352097,23.871234893798828,6549100,0.0,0.0
2017-03-27 00:00:00-04:00,23.51128629920035,24.141199359644773,23.43766001627351,23.920320510864258,3387200,0.0,0.0
2017-03-28 00:00:00-04:00,23.936681409425102,24.88564062218265,23.83033164435272,24.738388061523438,3948200,0.0,0.0
2017-03-29 00:00:00-04:00,24.762929750419275,25.441926430061375,24.762929750419275,25.245590209960938,4344400,0.0,0.0
2017-03-30 00:00:00-04:00,25.049256561515207,25.24559280177229,24.116657469866894,24.272090911865234,6368400,0.0,0.0
2017-03-31 00:00:00-04:00,24.27209472890159,24.37026364463907,23.64218155046954,24.010313034057617,7377700,0.0,0.0
2017-04-03 00:00:00-04:00,24.06756854391382,24.27208561122772,23.02044059754373,23.249500274658203,5237500,0.0,0.0
2017-04-04 00:00:00-04:00,23.249506754055755,23.928503544353656,23.13497766375114,23.912141799926758,5140800,0.0,0.0
2017-04-05 00:00:00-04:00,24.043033869259496,24.149383653153517,23.527651376082193,23.560373306274414,3893000,0.0,0.0
2017-04-06 00:00:00-04:00,23.601273425487662,24.30481118170113,23.52764714536717,24.26390838623047,3638700,0.0,0.0
2017-04-07 00:00:00-04:00,24.165739816821795,24.419340568519118,23.88759645289252,24.141197204589844,2923000,0.0,0.0
2017-04-10 00:00:00-04:00,24.157565811441422,24.5993220347689,24.018494089953847,24.427528381347656,2306900,0.0,0.0
2017-04-11 00:00:00-04:00,24.394801376757275,24.550234822003684,24.149381461392856,24.25572967529297,4062100,0.0,0.0
2017-04-12 00:00:00-04:00,24.051212676988783,24.116658092096355,23.306770495011975,23.41312026977539,5074600,0.0,0.0
2017-04-13 00:00:00-04:00,23.314945673784997,23.60126988009274,23.134971216271666,23.249500274658203,2695900,0.0,0.0
2017-04-17 00:00:00-04:00,23.314951616368756,23.314951616368756,22.398714234718963,22.505064010620117,4606900,0.0,0.0
2017-04-18 00:00:00-04:00,22.308734735262213,22.308734735262213,21.875157744818296,22.153301239013672,4645600,0.0,0.0
2017-04-19 00:00:00-04:00,22.145115592015564,22.284187309142354,21.564287665413172,21.760623931884766,3468300,0.0,0.0
2017-04-20 00:00:00-04:00,21.842427779097996,22.04694488729052,21.703356083113412,21.744258880615234,3749900,0.0,0.0
2017-04-21 00:00:00-04:00,21.64609575788815,21.678819252894474,21.122532320523952,21.269784927368164,3916300,0.0,0.0
2017-04-24 00:00:00-04:00,21.52338501017129,21.646094991415683,21.187976999943636,21.605192184448242,3341800,0.0,0.0
2017-04-25 00:00:00-04:00,21.81788380679435,22.537783296286598,21.637909324506687,22.365989685058594,5093800,0.0,0.0
2017-04-26 00:00:00-04:00,22.235099329278494,22.45597817143887,22.07148502538007,22.30054473876953,3773900,0.0,0.0
2017-04-27 00:00:00-04:00,22.554146237221964,22.60322990584724,22.00604032982435,22.439617156982422,3005100,0.0,0.0
2017-04-28 00:00:00-04:00,22.545964609834737,22.545964609834737,21.850606159532706,21.87514877319336,3567800,0.0,0.0
2017-05-01 00:00:00-04:00,21.9896800219986,22.022403510112287,21.57246647094164,21.86697006225586,3794400,0.0,0.0
2017-05-02 00:00:00-04:00,21.776983010846642,21.785162322315507,21.220696210458623,21.572465896606445,7617700,0.0,0.0
2017-05-03 00:00:00-04:00,21.417032943075426,21.466116614720796,20.484435380104447,20.868927001953125,8303500,0.0,0.0
2017-05-04 00:00:00-04:00,21.433390611901945,22.47233619262493,21.31885998604961,22.145109176635742,13283800,0.0,0.0
2017-05-05 00:00:00-04:00,22.390529216076366,23.46219821190563,22.218734068155165,23.249500274658203,6661600,0.0,0.0
2017-05-08 00:00:00-04:00,23.527645909602896,23.99394461897976,22.627770413438686,22.709577560424805,6447400,0.0,0.0
2017-05-09 00:00:00-04:00,22.82410901281441,22.914097039927956,22.349629383169585,22.43143653869629,3804900,0.0,0.0
2017-05-10 00:00:00-04:00,22.472341195502956,22.840472645659048,22.431438394526428,22.59505271911621,3696000,0.0,0.0
2017-05-11 00:00:00-04:00,22.47099171746727,22.810082742476094,22.032653807771997,22.495803833007812,2958500,0.3,0.0
2017-05-12 00:00:00-04:00,22.47926355859188,22.785271778343496,22.032654921147955,22.1484432220459,2755900,0.0,0.0
2017-05-15 00:00:00-04:00,22.36347810267892,23.190529779657115,22.305583160210702,22.942413330078125,3953300,0.0,0.0
2017-05-16 00:00:00-04:00,22.992033446609927,23.331124470477196,22.8927881397333,23.2153377532959,5121400,0.0,0.0
2017-05-17 00:00:00-04:00,23.215338396461956,23.29804387280092,22.60332039551484,22.71083641052246,3669700,0.0,0.0
2017-05-18 00:00:00-04:00,22.330395928280353,22.75219248511165,22.148445121941254,22.66948699951172,2674200,0.0,0.0
2017-05-19 00:00:00-04:00,22.80181126201937,23.926601888668856,22.78526985222143,23.62059211730957,4975700,0.0,0.0
2017-05-22 00:00:00-04:00,23.72811151734073,23.860439650888345,22.975494666235228,23.39729118347168,2727200,0.0,0.0
2017-05-23 00:00:00-04:00,23.488266400751584,24.07547388894518,23.430373038002035,23.943145751953125,4142100,0.0,0.0
2017-05-24 00:00:00-04:00,23.95141460478768,24.22434315885548,23.413831357255063,23.52134895324707,3147800,0.0,0.0
2017-05-25 00:00:00-04:00,23.70329741407593,24.04238842505556,22.909328679336014,23.23187828063965,4854000,0.0,0.0
2017-05-26 00:00:00-04:00,23.149176419190113,23.31458738678988,22.851437308500884,23.264963150024414,2486500,0.0,0.0
2017-05-30 00:00:00-04:00,23.157444489047197,23.463454271027494,23.06646830947657,23.083009719848633,2743900,0.0,0.0
2017-05-31 00:00:00-04:00,23.091279345952948,23.2566902869923,22.098816854668108,22.2476863861084,4788400,0.0,0.0
2017-06-01 00:00:00-04:00,22.24768794344418,22.735648518444254,22.123630517718478,22.355205535888672,4141700,0.0,0.0
2017-06-02 00:00:00-04:00,22.272501616620044,22.322124274884224,21.32966322222126,21.834163665771484,6658200,0.0,0.0
2017-06-05 00:00:00-04:00,21.77626672517926,21.867242898285564,21.4371757240247,21.734914779663086,3496500,0.0,0.0
2017-06-06 00:00:00-04:00,21.660477158264836,21.84242790299858,21.21386863372465,21.586042404174805,3795500,0.0,0.0
2017-06-07 00:00:00-04:00,21.602589296509795,21.701834608846564,21.31312091015525,21.685293197631836,4920300,0.0,0.0
2017-06-08 00:00:00-04:00,21.68529173809107,22.537155428604812,21.503340959402756,22.14017105102539,3705300,0.0,0.0
2017-06-09 00:00:00-04:00,22.140176399925203,22.727382403108187,21.99957753504707,22.537160873413086,5114900,0.0,0.0
2017-06-12 00:00:00-04:00,22.504070969854524,23.562697477128854,22.39655496697518,22.628129959106445,5512400,0.0,0.0
2017-06-13 00:00:00-04:00,22.69430080972854,23.570975236479757,22.396561670370144,23.554433822631836,3257100,0.0,0.0
2017-06-14 00:00:00-04:00,23.570971694793844,23.570971694793844,22.603321214750643,22.636404037475586,3376000,0.0,0.0
2017-06-15 00:00:00-04:00,22.46272349349472,22.561970389143873,22.024385535381118,22.123632431030273,3486600,0.0,0.0
2017-06-16 00:00:00-04:00,22.12363061461924,22.810083389282227,22.016114599179584,22.810083389282227,4027500,0.0,0.0
2017-06-19 00:00:00-04:00,22.9589554269177,23.380751984052942,22.9589554269177,23.355939865112305,3114900,0.0,0.0
2017-06-20 00:00:00-04:00,23.173986793331775,23.173986793331775,22.437909778138735,22.479263305664062,3732600,0.0,0.0
2017-06-21 00:00:00-04:00,22.57850307190923,22.75218468991104,22.01610943296029,22.082273483276367,2810000,0.0,0.0
2017-06-22 00:00:00-04:00,21.991302626247943,22.834895654336332,21.92513855997488,22.611591339111328,3179400,0.0,0.0
2017-06-23 00:00:00-04:00,22.578505252884842,22.72737477484494,22.148439673025777,22.702564239501953,4262400,0.0,0.0
2017-06-26 00:00:00-04:00,22.81008585178882,22.876249924773575,22.396560001265108,22.66948699951172,3752900,0.0,0.0
2017-06-27 00:00:00-04:00,22.735648618354507,23.00030488172588,22.198065386196927,22.222877502441406,3353900,0.0,0.0
2017-06-28 00:00:00-04:00,22.43791021932144,22.785271969985253,22.363477023263872,22.470993041992188,2460700,0.0,0.0
2017-06-29 00:00:00-04:00,22.661213503638418,23.190527599834528,22.628132259956264,22.686025619506836,4403900,0.0,0.0
2017-06-30 00:00:00-04:00,22.73564924519721,23.223609835795116,22.29731131098064,23.12436294555664,4521400,0.0,0.0
2017-07-03 00:00:00-04:00,23.32285342929986,24.29050376807343,23.30631202035231,24.166444778442383,4050700,0.0,0.0
2017-07-05 00:00:00-04:00,24.265690861696797,24.265690861696797,23.44691007525617,23.752918243408203,5108500,0.0,0.0
2017-07-06 00:00:00-04:00,23.661947117287813,23.86871002022818,22.76873143968446,22.810083389282227,3710200,0.0,0.0
2017-07-07 00:00:00-04:00,22.82662504283115,23.099552014515485,22.553698071146815,23.066469192504883,3339400,0.0,0.0
2017-07-10 00:00:00-04:00,23.033391171991664,24.778469262942007,22.934144269543893,24.57997703552246,7721300,0.0,0.0
2017-07-11 00:00:00-04:00,24.571700929474094,24.861169289073292,23.71983883783797,24.348398208618164,4628500,0.0,0.0
2017-07-12 00:00:00-04:00,24.538621772221905,25.167181196400474,23.6536767860349,23.918333053588867,6523100,0.0,0.0
2017-07-13 00:00:00-04:00,23.868710623286372,24.563434120916696,23.40556057321562,24.406293869018555,4243700,0.0,0.0
2017-07-14 00:00:00-04:00,24.44764861753886,24.712304917881344,24.224345850047374,24.389755249023438,3695800,0.0,0.0
2017-07-17 00:00:00-04:00,24.364938574529372,24.69576046558959,23.926602250583247,24.207799911499023,3076300,0.0,0.0
2017-07-18 00:00:00-04:00,24.1747170000413,24.373209187441876,23.835625982714195,24.34012794494629,3003500,0.0,0.0
2017-07-19 00:00:00-04:00,24.488997717314508,25.506270779159465,24.4807270122415,25.48145866394043,5647400,0.0,0.0
2017-07-20 00:00:00-04:00,25.597242980380553,25.903251133158257,25.142363736894808,25.746110916137695,4044000,0.0,0.0
2017-07-21 00:00:00-04:00,25.588977524598814,25.8949857401353,25.547623997177823,25.75438690185547,2669300,0.0,0.0
2017-07-24 00:00:00-04:00,25.59724473936878,25.646867388031122,24.919061179430816,24.99349594116211,4873200,0.0,0.0
2017-07-25 00:00:00-04:00,25.274696145417156,25.622057876270972,24.72884222228626,24.952146530151367,6840900,0.0,0.0
2017-07-26 00:00:00-04:00,24.687491172538646,24.819819305540815,23.686757892049478,23.885250091552734,8457200,0.0,0.0
2017-07-27 00:00:00-04:00,23.9266013100643,24.149905604509485,23.521346244668756,23.827354431152344,4933600,0.0,0.0
2017-07-28 00:00:00-04:00,23.769460115251047,24.17471516427091,23.769460115251047,23.97622299194336,2708000,0.0,0.0
2017-07-31 00:00:00-04:00,24.017582157270706,24.455918549271633,23.96795791942175,24.273967742919922,6794500,0.0,0.0
2017-08-01 00:00:00-04:00,24.381478362333798,24.414561180228898,23.37247607866693,24.166444778442383,6144200,0.0,0.0
2017-08-02 00:00:00-04:00,24.141633453595283,24.216068213951296,23.56269677915418,23.752918243408203,5361500,0.0,0.0
2017-08-03 00:00:00-04:00,23.47999111554371,25.456645234109512,22.96722007907765,25.39875030517578,9932000,0.0,0.0
2017-08-04 00:00:00-04:00,25.5228133970245,26.771659950105406,25.514542691560127,26.639331817626953,8358500,0.0,0.0
2017-08-07 00:00:00-04:00,26.755116949429432,26.755116949429432,25.853632192038216,26.407756805419922,4184000,0.0,0.0
2017-08-08 00:00:00-04:00,26.34986546462921,26.64760455653827,25.87017558181784,26.043855667114258,5247800,0.0,0.0
2017-08-09 00:00:00-04:00,25.83709294430149,26.399488309720894,25.746116759461348,26.366405487060547,3585900,0.0,0.0
2017-08-10 00:00:00-04:00,26.13483473301815,26.953615748573807,25.357405672575776,25.44011116027832,6247600,0.0,0.0
2017-08-11 00:00:00-04:00,25.531980133748274,25.75748377759987,25.231308608612814,25.481868743896484,3853800,0.3,0.0
2017-08-14 00:00:00-04:00,25.724074603219147,25.724074603219147,25.22295752878958,25.239660263061523,2369400,0.0,0.0
2017-08-15 00:00:00-04:00,25.114381603625986,25.40670096614192,24.721839460998076,25.306476593017578,2819900,0.0,0.0
2017-08-16 00:00:00-04:00,25.30647203675787,25.673959214700382,25.089322187940834,25.231304168701172,2348500,0.0,0.0
2017-08-17 00:00:00-04:00,25.206248650544005,25.306471410129873,24.270827200674322,24.354347229003906,4758700,0.0,0.0
2017-08-18 00:00:00-04:00,24.28753635609225,24.529744327125584,23.844881233003235,24.245777130126953,3399500,0.0,0.0
2017-08-21 00:00:00-04:00,24.295889625807003,24.529745443689638,24.12884952831763,24.371057510375977,2154000,0.0,0.0
2017-08-22 00:00:00-04:00,24.387760312058088,24.73854322041688,24.329295166488013,24.421167373657227,2849100,0.0,0.0
2017-08-23 00:00:00-04:00,24.279183343871484,24.546446203939674,24.145551913837387,24.162256240844727,1873200,0.0,0.0
2017-08-24 00:00:00-04:00,24.170609248979527,24.362704237239676,23.928401277946193,24.245777130126953,3038000,0.0,0.0
2017-08-25 00:00:00-04:00,24.379407981294847,24.379407981294847,24.078736463901905,24.204015731811523,2082800,0.0,0.0
2017-08-28 00:00:00-04:00,24.304240683683314,24.60491061526065,24.045329978071273,24.245777130126953,4411800,0.0,0.0
2017-08-29 00:00:00-04:00,23.970162314607922,24.095441586653898,23.7780657315909,24.078737258911133,2052700,0.0,0.0
2017-08-30 00:00:00-04:00,24.05367602766368,24.34599533351276,23.853228913284557,24.170604705810547,2158500,0.0,0.0
2017-08-31 00:00:00-04:00,24.312592382090145,24.487983039401925,24.04532951779849,24.21236801147461,3119700,0.0,0.0
2017-09-01 00:00:00-04:00,24.212366249579603,25.122731310459965,24.128846212312997,25.03921127319336,3970000,0.0,0.0
2017-09-05 00:00:00-04:00,25.055912272457014,25.381638622235116,24.17895598012582,24.28753089904785,4924000,0.0,0.0
2017-09-06 00:00:00-04:00,24.43787193492925,26.183434329782223,24.396111116265097,26.058155059814453,5988900,0.0,0.0
2017-09-07 00:00:00-04:00,26.058154925813273,26.559272003107406,25.815946957843746,26.459049224853516,3975400,0.0,0.0
2017-09-08 00:00:00-04:00,26.433989963563715,26.95181290698332,26.283654218925374,26.75971794128418,3834900,0.0,0.0
2017-09-11 00:00:00-04:00,26.976871920388284,27.361061910432507,26.692904713393677,26.985225677490234,3500300,0.0,0.0
2017-09-12 00:00:00-04:00,27.143906764481244,28.029216870537656,26.65949249209714,26.884994506835938,5621500,0.0,0.0
2017-09-13 00:00:00-04:00,26.976869794516634,27.118854979837423,26.517511956877993,26.809829711914062,2184900,0.0,0.0
2017-09-14 00:00:00-04:00,26.784777186536004,27.093799295799982,26.642793581654264,27.02698516845703,3406300,0.0,0.0
2017-09-15 00:00:00-04:00,26.96016421520655,27.561507210230303,26.926758749057566,27.469635009765625,4864000,0.0,0.0
2017-09-18 00:00:00-04:00,27.95404738483833,30.49304409553489,27.828766547990817,29.31541633605957,10287800,0.0,0.0
2017-09-19 00:00:00-04:00,29.440704844729805,30.17567936130931,29.39894561690679,29.682912826538086,5590000,0.0,0.0
2017-09-20 00:00:00-04:00,29.75808529771464,30.07545802690685,29.11498289483776,29.390596389770508,4621300,0.0,0.0
2017-09-21 00:00:00-04:00,29.348829937546462,30.150618507829936,29.248607162767172,30.03369140625,3249500,0.0,0.0
2017-09-22 00:00:00-04:00,29.92511812606205,30.058749554732792,29.34047943086832,29.42399787902832,3144600,0.0,0.0
2017-09-25 00:00:00-04:00,29.60774007744611,30.07544844985838,29.423995681984525,29.99193000793457,3658600,0.0,0.0
2017-09-26 00:00:00-04:00,29.88335706777769,29.9668787057405,28.672323584551823,29.131681442260742,5100100,0.0,0.0
2017-09-27 00:00:00-04:00,29.13168292353664,29.52422349083506,28.722434841771406,29.30707359313965,3814900,0.0,0.0
2017-09-28 00:00:00-04:00,29.465765692464498,29.891718185910783,28.755849118088026,29.09827995300293,4499000,0.0,0.0
2017-09-29 00:00:00-04:00,28.998051969605676,29.39894630087823,28.48858109464735,29.365537643432617,4052800,0.0,0.0
2017-10-02 00:00:00-04:00,29.323780535686723,29.674561906163586,28.9729959791847,29.565988540649414,3315700,0.0,0.0
2017-10-03 00:00:00-04:00,29.67454998606926,29.833239463657147,29.25695146361504,29.5576229095459,3332800,0.0,0.0
2017-10-04 00:00:00-04:00,29.58267914771184,29.95016790325173,29.156730037273544,29.31541633605957,2334400,0.0,0.0
2017-10-05 00:00:00-04:00,29.37388894043304,29.440706256974916,29.089924903205095,29.256961822509766,2199000,0.0,0.0
2017-10-06 00:00:00-04:00,29.123329994969527,29.148388081357865,28.380004881289867,28.563749313354492,3331500,0.0,0.0
2017-10-09 00:00:00-04:00,28.69737655397365,28.964639405440558,28.338241499935396,28.764190673828125,2712400,0.0,0.0
2017-10-10 00:00:00-04:00,28.764191139000697,28.86441709944001,28.43846473263431,28.79759979248047,2979800,0.0,0.0
2017-10-11 00:00:00-04:00,28.8143075078728,29.198497509998454,28.35494961958996,29.15673828125,5852100,0.0,0.0
2017-10-12 00:00:00-04:00,29.165081065183667,29.958518943647114,29.156730496073642,29.93346405029297,4026600,0.0,0.0
2017-10-13 00:00:00-04:00,30.125553276361686,30.902286683005595,30.00862621489245,30.735246658325195,6124100,0.0,0.0
2017-10-16 00:00:00-04:00,30.7018482744635,31.144504965673097,30.459643503074705,30.8104248046875,4278200,0.0,0.0
2017-10-17 00:00:00-04:00,30.818771915014747,31.228016678643463,30.45963693451061,30.90229034423828,4643600,0.0,0.0
2017-10-18 00:00:00-04:00,30.919010851144467,31.161218883104425,30.284258987113226,30.760324478149414,3160900,0.0,0.0
2017-10-19 00:00:00-04:00,30.518112621896346,30.710207634405503,30.075455849916434,30.342721939086914,3192800,0.0,0.0
2017-10-20 00:00:00-04:00,30.693500754947014,30.919004408122667,30.367774317923796,30.893949508666992,3194000,0.0,0.0
2017-10-23 00:00:00-04:00,30.818770382695924,31.060975089811222,30.30094595198007,30.326004028320312,2501000,0.0,0.0
2017-10-24 00:00:00-04:00,30.685143543696107,31.47022768832607,30.53480780744422,31.41176414489746,3257400,0.0,0.0
2017-10-25 00:00:00-04:00,31.294850839109603,31.745855060446317,31.044289044335734,31.47024154663086,3350300,0.0,0.0
2017-10-26 00:00:00-04:00,31.161210103450042,31.344951329352813,30.584921970050356,31.27813720703125,2317400,0.0,0.0
2017-10-27 00:00:00-04:00,31.02758170736731,31.34495439497778,30.626684190130526,30.994173049926758,2659100,0.0,0.0
2017-10-30 00:00:00-04:00,31.328249898815887,31.78761097110601,31.177917313186747,31.211322784423828,3952100,0.0,0.0
2017-10-31 00:00:00-04:00,31.420126903286015,31.821021293471713,31.25308677753562,31.72079849243164,4838600,0.0,0.0
2017-11-01 00:00:00-04:00,31.946295201002652,32.155094516041885,31.386714565989365,31.770904541015625,4439000,0.0,0.0
2017-11-02 00:00:00-04:00,32.35555082266536,32.606109422069565,30.660097821778457,32.196861267089844,5965800,0.0,0.0
2017-11-03 00:00:00-04:00,32.36390548128535,32.447423962955746,31.578820921095737,32.238624572753906,3506300,0.0,0.0
2017-11-06 00:00:00-05:00,32.297077720097064,32.839957233764885,32.23861416459743,32.748085021972656,3938600,0.0,0.0
2017-11-07 00:00:00-05:00,31.520344350275757,31.73749422469922,30.417881093433103,30.8104248046875,6080500,0.0,0.0
2017-11-08 00:00:00-05:00,30.877245126840297,31.620570212302393,30.501405705532253,31.553752899169922,3320500,0.0,0.0
2017-11-09 00:00:00-05:00,31.33659614807049,31.745840950389937,30.710198311601655,31.01922035217285,3156500,0.0,0.0
2017-11-10 00:00:00-05:00,31.119438408609877,31.670668293914606,30.902288593318058,31.13614273071289,3391300,0.0,0.0
2017-11-13 00:00:00-05:00,30.86889201255068,31.503643756428897,30.76031865548658,31.211322784423828,2634900,0.0,0.0
2017-11-14 00:00:00-05:00,30.041006774256108,30.832444691050625,29.476894275455148,29.906293869018555,3518800,0.3,0.0
2017-11-15 00:00:00-05:00,29.561087811163375,29.889450272094194,28.205537580708604,29.737897872924805,4213100,0.0,0.0
2017-11-16 00:00:00-05:00,29.763154055937452,31.00925221200857,29.721056883107252,30.45355796813965,3147300,0.0,0.0
2017-11-17 00:00:00-05:00,30.217810128320554,30.344104854011594,29.678958627414275,29.872608184814453,4330200,0.0,0.0
2017-11-20 00:00:00-05:00,29.754736827993597,30.192554504971202,29.49372920946603,30.12519645690918,2332800,0.0,0.0
2017-11-21 00:00:00-05:00,30.276751924492764,31.059771647695925,30.276751924492764,30.689311981201172,2559800,0.0,0.0
2017-11-22 00:00:00-05:00,30.89137509843082,30.98399080414395,30.453557442574066,30.571434020996094,2567900,0.0,0.0
2017-11-24 00:00:00-05:00,30.158867214162562,30.57984526373134,29.7968258345888,30.25990104675293,1893100,0.0,0.0
2017-11-27 00:00:00-05:00,30.352531570166935,30.65563642792632,30.175721473743693,30.24307632446289,3235600,0.0,0.0
2017-11-28 00:00:00-05:00,30.150460389278315,30.765088187053372,30.07468418342611,30.689311981201172,3180700,0.0,0.0
2017-11-29 00:00:00-05:00,30.79034197576201,31.177641107226187,30.546173875218255,31.02608871459961,2799900,0.0,0.0
2017-11-30 00:00:00-05:00,30.958738900093934,31.68282195743243,30.958738900093934,31.54810905456543,2683600,0.0,0.0
2017-12-01 00:00:00-05:00,31.64913558959961,31.86804280156742,30.95031035990997,31.64913558959961,2837100,0.0,0.0
2017-12-04 00:00:00-05:00,31.952245079882065,32.57529099889147,31.017672989559273,31.068191528320312,4266400,0.0,0.0
2017-12-05 00:00:00-05:00,31.00082538811291,31.969076251646918,30.908209697120007,31.455482482910156,3051800,0.0,0.0
2017-12-06 00:00:00-05:00,31.169230569055905,31.35446203012498,30.74825231157834,30.773509979248047,3585900,0.0,0.0
2017-12-07 00:00:00-05:00,31.303933964255382,32.24692407495951,30.739821600626712,32.179569244384766,2349700,0.0,0.0
2017-12-08 00:00:00-05:00,32.33954838760937,33.408833506570424,32.331130235974314,33.05521011352539,4567200,0.0,0.0
2017-12-11 00:00:00-05:00,33.04678191086118,33.37514432551292,32.920487192083684,33.17307662963867,3051100,0.0,0.0
2017-12-12 00:00:00-05:00,33.07205117983153,35.1937820021931,33.00469632816458,34.183433532714844,7533700,0.0,0.0
2017-12-13 00:00:00-05:00,34.32655232794019,34.86540374545185,34.18341811352177,34.73910903930664,3007900,0.0,0.0
2017-12-14 00:00:00-05:00,34.57914551312617,34.90750796126086,34.45285078147047,34.53704833984375,3845500,0.0,0.0
2017-12-15 00:00:00-05:00,34.46969448029776,34.66334407036693,33.63615942790476,34.59598922729492,5468800,0.0,0.0
2017-12-18 00:00:00-05:00,34.899087011655276,35.0590575420187,34.183422276032374,34.46126937866211,4759000,0.0,0.0
2017-12-19 00:00:00-05:00,34.579147222119154,35.04222257472907,34.36865813349568,34.688602447509766,3126600,0.0,0.0
2017-12-20 00:00:00-05:00,34.76437614636659,34.8233128299956,34.39391332148895,34.41917419433594,2258100,0.0,0.0
2017-12-21 00:00:00-05:00,34.46127187078819,34.78963431632711,34.41917469783856,34.73069763183594,3096000,0.0,0.0
2017-12-22 00:00:00-05:00,34.82332036332094,35.42110869048233,34.60440988093484,35.118003845214844,5559700,0.0,0.0
2017-12-26 00:00:00-05:00,35.19377022830633,36.237797380249006,35.11799403815074,36.077823638916016,1853400,0.0,0.0
2017-12-27 00:00:00-05:00,35.816829431495464,36.28832300475689,35.53898225141577,36.263065338134766,3087400,0.0,0.0
2017-12-28 00:00:00-05:00,36.153603038787864,36.55774168489434,35.74946439268139,35.87575912475586,1870800,0.0,0.0
2017-12-29 00:00:00-05:00,36.153602647541895,36.44828928192381,35.60633297536133,35.81682205200195,1426200,0.0,0.0
2018-01-02 00:00:00-05:00,36.086251831878826,36.473551005194864,35.79156516467932,36.321998596191406,2330600,0.0,0.0
2018-01-03 00:00:00-05:00,36.49881016527332,36.65878394344923,36.22096621191916,36.330421447753906,1757500,0.0,0.0
2018-01-04 00:00:00-05:00,36.54090847226084,36.785073383461,36.07782989006857,36.70929718017578,1718700,0.0,0.0
2018-01-05 00:00:00-05:00,36.91978283065642,37.02923805003118,36.49880467654719,36.76823043823242,2077100,0.0,0.0
2018-01-08 00:00:00-05:00,36.92820588103969,36.99556071863685,35.85050278501651,35.96837615966797,3349500,0.0,0.0
2018-01-09 00:00:00-05:00,35.95995269201639,36.26305747297729,35.6063325887676,35.75788497924805,3381100,0.0,0.0
2018-01-10 00:00:00-05:00,35.547404877080226,35.892606917679714,35.10958710649883,35.71579360961914,2251700,0.0,0.0
2018-01-11 00:00:00-05:00,35.757880385974076,36.810325622558594,35.67368283996253,36.810325622558594,2639900,0.0,0.0
2018-01-12 00:00:00-05:00,36.65035540536374,36.90294485581066,36.33041433526533,36.641937255859375,2260500,0.0,0.0
2018-01-16 00:00:00-05:00,36.15359720437569,36.1788580737991,34.124482939529194,34.27603530883789,6781100,0.0,0.0
2018-01-17 00:00:00-05:00,34.54546625092379,34.54546625092379,33.13097939811706,33.30779266357422,5651600,0.0,0.0
2018-01-18 00:00:00-05:00,33.96450882442077,34.54545737070361,33.60246744850596,33.745601654052734,6375600,0.0,0.0
2018-01-19 00:00:00-05:00,33.98978279913836,34.20869328642117,33.29937873027866,34.006622314453125,3539900,0.0,0.0
2018-01-22 00:00:00-05:00,33.90558693761916,34.40234137614365,33.90558693761916,34.385501861572266,2273200,0.0,0.0
2018-01-23 00:00:00-05:00,34.225526930157756,35.10115909364206,33.964519305269896,34.772796630859375,2560900,0.0,0.0
2018-01-24 00:00:00-05:00,34.9075067550398,35.421100602040156,34.54546529606605,35.059059143066406,2422200,0.0,0.0
2018-01-25 00:00:00-05:00,35.362151462833985,35.4379276301552,33.94766514737605,34.023441314697266,1814400,0.0,0.0
2018-01-26 00:00:00-05:00,34.1834233716574,35.5558129948529,33.90557947193058,35.47161865234375,2758300,0.0,0.0
2018-01-29 00:00:00-05:00,35.2779690422847,35.79998103103777,34.90750622745946,35.44635772705078,2208000,0.0,0.0
2018-01-30 00:00:00-05:00,35.20220060261151,35.656854648147906,34.9327747934755,35.3621711730957,2245800,0.0,0.0
2018-01-31 00:00:00-05:00,35.429522485246544,35.93469497823581,34.90750726910814,35.73262405395508,2730400,0.0,0.0
2018-02-01 00:00:00-05:00,35.51371591159242,36.17886213921095,34.949603537596865,35.0001220703125,1961700,0.0,0.0
2018-02-02 00:00:00-05:00,34.781218210041196,34.781218210041196,33.32463410010464,33.60247802734375,1911100,0.0,0.0
2018-02-05 00:00:00-05:00,33.30778829734604,34.090807817213296,32.07852980920313,32.16272735595703,3665800,0.0,0.0
2018-02-06 00:00:00-05:00,31.295515386930038,33.114144151346984,31.017671466905355,32.86997604370117,3752500,0.0,0.0
2018-02-07 00:00:00-05:00,32.59212977433043,33.989777197006966,32.55003259888647,33.24043655395508,3264400,0.0,0.0
2018-02-08 00:00:00-05:00,33.25727603113428,33.669836058387176,31.480747607733683,31.539684295654297,4103200,0.0,0.0
2018-02-09 00:00:00-05:00,31.82594699610034,32.14589128436476,30.226231978394928,31.674394607543945,4032900,0.0,0.0
2018-02-12 00:00:00-05:00,32.13746712179375,32.73525847424437,31.691231356498324,32.36479568481445,3115600,0.0,0.0
2018-02-13 00:00:00-05:00,32.2974445571711,33.046785158988754,31.910145425504872,32.83629608154297,2372700,0.0,0.0
2018-02-14 00:00:00-05:00,32.53319103248755,33.74561016430742,32.39847815248628,33.39198684692383,2757800,0.0,0.0
2018-02-15 00:00:00-05:00,34.698480360046034,34.87663803330655,33.16292303095752,34.68999481201172,3996000,0.3,0.0
2018-02-16 00:00:00-05:00,34.596679485953814,34.808772917302306,34.10462440809555,34.24036407470703,2884800,0.0,0.0
2018-02-20 00:00:00-05:00,34.410031786629546,35.58927048391161,34.18945285493914,35.478981018066406,3877400,0.0,0.0
2018-02-21 00:00:00-05:00,35.80984583362861,37.13330970213056,35.69107405753641,36.16616439819336,4653400,0.0,0.0
2018-02-22 00:00:00-05:00,36.403720581628576,37.03151863403211,36.327366808178,36.45462417602539,2980100,0.0,0.0
2018-02-23 00:00:00-05:00,36.84486403867156,37.49811206944894,36.48006314828564,37.430240631103516,2733400,0.0,0.0
2018-02-26 00:00:00-05:00,37.633857365541225,37.735661302070355,35.95407784951095,36.200103759765625,3492000,0.0,0.0
2018-02-27 00:00:00-05:00,35.71652315740173,36.22554920062708,35.31778981193983,35.436561584472656,2721900,0.0,0.0
2018-02-28 00:00:00-05:00,35.428078435662655,36.17464807449757,34.96995917291897,34.9869270324707,2944400,0.0,0.0
2018-03-01 00:00:00-05:00,35.10570130745044,36.05587885584365,34.82573645938657,35.33476257324219,2841200,0.0,0.0
2018-03-02 00:00:00-05:00,35.19054661483014,35.68260499712675,34.3845908168243,35.52141189575195,2348500,0.0,0.0
2018-03-05 00:00:00-05:00,36.17465252838272,38.0071395138413,36.055880733185475,37.803531646728516,9383200,0.0,0.0
2018-03-06 00:00:00-05:00,38.125910457055724,38.176814040840746,36.53097033392174,36.649742126464844,5640100,0.0,0.0
2018-03-07 00:00:00-05:00,36.072863742366636,36.57340454394587,35.13965037798176,35.555355072021484,3685100,0.0,0.0
2018-03-08 00:00:00-05:00,35.01237767526051,35.01237767526051,33.604077676379994,34.68999481201172,7437300,0.0,0.0
2018-03-09 00:00:00-05:00,35.03782510950479,35.68259078563094,34.23186963249113,35.20750045776367,4000800,0.0,0.0
2018-03-12 00:00:00-04:00,35.07177315205529,35.64866759710672,34.791808243593906,35.5298957824707,3971400,0.0,0.0
2018-03-13 00:00:00-04:00,35.20750559144102,35.5977566839381,34.10462052137649,34.257328033447266,3633000,0.0,0.0
2018-03-14 00:00:00-04:00,34.27429840273661,34.537292175659026,33.765272246484805,34.19794464111328,3796300,0.0,0.0
2018-03-15 00:00:00-04:00,34.21490361823676,34.418511438832844,32.97627589174407,33.07808303833008,3669800,0.0,0.0
2018-03-16 00:00:00-04:00,33.07810374403591,33.18839003410739,32.30608353208555,32.5181770324707,4597400,0.0,0.0
2018-03-19 00:00:00-04:00,32.34000349860517,32.68783657497613,31.567983585865296,31.975202560424805,4161400,0.0,0.0
2018-03-20 00:00:00-04:00,32.119427947338586,32.484228887559674,31.695241108596743,32.19578170776367,3274600,0.0,0.0
2018-03-21 00:00:00-04:00,32.18729988135297,33.222316923202406,32.11094611209704,32.79813003540039,2502500,0.0,0.0
2018-03-22 00:00:00-04:00,32.314553095452844,32.87447958604752,31.601919085942455,31.618886947631836,2163100,0.0,0.0
2018-03-23 00:00:00-04:00,31.584947886435042,32.12790645796184,31.220146989386404,31.321950912475586,3327700,0.0,0.0
2018-03-26 00:00:00-04:00,31.712207636614803,31.907333185873984,31.075927405265404,31.68675422668457,2579000,0.0,0.0
2018-03-27 00:00:00-04:00,31.839455066377607,32.24667394071837,31.483139764937416,31.81400489807129,4438400,0.0,0.0
2018-03-28 00:00:00-04:00,31.288026209238076,31.70372755305789,30.8553537650135,30.95716094970703,2522600,0.0,0.0
2018-03-29 00:00:00-04:00,31.16076629604247,32.12791181744705,31.126830570588893,32.00914001464844,3083900,0.0,0.0
2018-04-02 00:00:00-04:00,31.907343066484614,32.0176325802322,30.872325867367884,31.06745147705078,3022800,0.0,0.0
2018-04-03 00:00:00-04:00,31.271054112859265,31.534047880334054,30.991089247276605,31.37285804748535,2036600,0.0,0.0
2018-04-04 00:00:00-04:00,30.71960908800929,31.534047015252785,30.286939950501385,31.48314666748047,3302000,0.0,0.0
2018-04-05 00:00:00-04:00,31.754631591863898,32.99325656311395,31.60192404896576,32.730262756347656,4174100,0.0,0.0
2018-04-06 00:00:00-04:00,32.21274508663204,32.61147845888145,30.99108508984871,31.2455997467041,3400200,0.0,0.0
2018-04-09 00:00:00-04:00,31.483149968735177,32.02610864383097,31.008059509881864,31.52556800842285,1960400,0.0,0.0
2018-04-10 00:00:00-04:00,31.93278429816358,32.08549181707929,31.38982566925828,31.618886947631836,2852400,0.0,0.0
2018-04-11 00:00:00-04:00,31.525573611318478,32.08550024906033,31.525573611318478,31.737667083740234,1913700,0.0,0.0
2018-04-12 00:00:00-04:00,31.94127018662857,32.66238651650341,31.389826002873406,32.407875061035156,2122700,0.0,0.0
2018-04-13 00:00:00-04:00,32.56057879457544,32.704800749261,32.0515527065531,32.602996826171875,1955700,0.0,0.0
2018-04-16 00:00:00-04:00,32.83205799331777,32.942347464206875,32.51816067679008,32.619964599609375,1634700,0.0,0.0
2018-04-17 00:00:00-04:00,32.79812323871124,33.425921126528145,32.39938661119422,33.154441833496094,1805900,0.0,0.0
2018-04-18 00:00:00-04:00,33.34107815140443,34.23186968579046,33.08656674676387,33.951908111572266,2064700,0.0,0.0
2018-04-19 00:00:00-04:00,33.8755686872979,33.94343691362527,33.29019188553034,33.629539489746094,1192400,0.0,0.0
2018-04-20 00:00:00-04:00,33.57014196762689,33.63801340676989,32.68783267649789,32.84902572631836,2575400,0.0,0.0
2018-04-23 00:00:00-04:00,32.80660589545285,33.417435929337394,32.59451249327498,33.086570739746094,1899300,0.0,0.0
2018-04-24 00:00:00-04:00,33.281704230828474,33.782244908975386,32.59452027857244,33.035675048828125,1958800,0.0,0.0
2018-04-25 00:00:00-04:00,33.027185869491554,33.731334303672305,32.84054263417899,33.60408020019531,2016800,0.0,0.0
2018-04-26 00:00:00-04:00,33.8076919976908,34.01978543114254,33.638019839960585,33.78224182128906,1782100,0.0,0.0
2018-04-27 00:00:00-04:00,33.76527421939667,33.79072763228423,33.137479463846034,33.53621292114258,2162900,0.0,0.0
2018-04-30 00:00:00-04:00,33.48530884580207,33.84162422373087,32.738739131103955,32.91689682006836,2701200,0.0,0.0
2018-05-01 00:00:00-04:00,32.679352191650004,32.857509874927565,32.34848699805208,32.80660629272461,2255200,0.0,0.0
2018-05-02 00:00:00-04:00,32.82357883412753,33.76527420329336,32.82357883412753,33.14596176147461,3195900,0.0,0.0
2018-05-03 00:00:00-04:00,31.746138942866953,33.128988833767046,31.686753049051166,32.46725845336914,2831400,0.0,0.0
2018-05-04 00:00:00-04:00,32.552096126428545,32.95931509110083,32.03458768081732,32.670867919921875,2611900,0.0,0.0
2018-05-07 00:00:00-04:00,32.63693799038397,32.67087047954864,31.53404956716509,32.00914001464844,3183900,0.0,0.0
2018-05-08 00:00:00-04:00,31.729178105275277,32.14487941159715,31.40679518873769,32.06004333496094,3292800,0.0,0.0
2018-05-09 00:00:00-04:00,32.535130423289395,33.281700192857535,32.34000485870807,32.874481201171875,3209200,0.0,0.0
2018-05-10 00:00:00-04:00,32.823572456125426,33.74829978245202,32.823572456125426,33.43440246582031,1378200,0.0,0.0
2018-05-11 00:00:00-04:00,33.23079638564045,33.86707666274779,33.12899244746416,33.51076126098633,1939700,0.0,0.0
2018-05-14 00:00:00-04:00,33.895449273536855,34.758862780634495,33.895449273536855,34.596439361572266,2573000,0.3,0.0
2018-05-15 00:00:00-04:00,34.61353468702363,35.938576675979334,34.59643697129478,35.6821174621582,3740100,0.0,0.0
2018-05-16 00:00:00-04:00,35.63937635490302,35.74196266312897,34.47676087784869,34.66482925415039,3478000,0.0,0.0
2018-05-17 00:00:00-04:00,34.68192405997408,35.28033109681927,34.5964387380202,35.13500213623047,2315900,0.0,0.0
2018-05-18 00:00:00-04:00,35.06661636449341,35.5282449537171,34.852899787377574,35.34872055053711,1973000,0.0,0.0
2018-05-21 00:00:00-04:00,35.622274158692264,36.40020555685663,35.49404618111412,35.9642219543457,1944400,0.0,0.0
2018-05-22 00:00:00-04:00,36.03261814114366,36.323272832071915,35.741963450215394,35.784706115722656,1790600,0.0,0.0
2018-05-23 00:00:00-04:00,35.46841554698971,35.46841554698971,34.27160104042236,35.271793365478516,2050700,0.0,0.0
2018-05-24 00:00:00-04:00,35.06662319588378,35.699222561193,35.03242775423009,35.400020599365234,2513000,0.0,0.0
2018-05-25 00:00:00-04:00,35.2888888236973,35.69922436105925,34.52805814435596,35.613739013671875,1920300,0.0,0.0
2018-05-29 00:00:00-04:00,35.27178138811891,35.81889854831511,34.981126721568714,35.19484329223633,3015600,0.0,0.0
2018-05-30 00:00:00-04:00,35.323078712163,35.81890277999594,35.12645983524678,35.51115036010742,1700100,0.0,0.0
2018-05-31 00:00:00-04:00,35.485504380647626,35.62228288018566,34.9041982034035,35.16920471191406,1958000,0.0,0.0
2018-06-01 00:00:00-04:00,35.43420792383273,35.5453414532206,34.45111039836411,34.596439361572266,2212000,0.0,0.0
2018-06-04 00:00:00-04:00,34.79306409014779,35.00678069603192,34.416920776715486,34.68193054199219,1822500,0.0,0.0
2018-06-05 00:00:00-04:00,34.90419521775788,36.22923743013878,34.7930616773092,35.34017562866211,4019100,0.0,0.0
2018-06-06 00:00:00-04:00,35.40855603549972,36.417298400897735,35.109354173329,36.38310623168945,2597500,0.0,0.0
2018-06-07 00:00:00-04:00,36.536994154832215,36.97297461718725,36.29762932707518,36.66522216796875,2031500,0.0,0.0
2018-06-08 00:00:00-04:00,36.5711838466564,37.11829782534843,35.767610598084566,36.91313171386719,3296300,0.0,0.0
2018-06-11 00:00:00-04:00,36.77635294375518,36.998616773037945,36.52844090493694,36.819095611572266,2822000,0.0,0.0
2018-06-12 00:00:00-04:00,36.810544669807406,37.537179732580775,36.699411135846425,37.229427337646484,2614000,0.0,0.0
2018-06-13 00:00:00-04:00,37.21232956079321,37.98171054690413,36.81054461120745,37.879127502441406,3118900,0.0,0.0
2018-06-14 00:00:00-04:00,38.12704342264978,38.53738219975633,37.451701386829015,38.40060043334961,3474300,0.0,0.0
2018-06-15 00:00:00-04:00,38.1868820530588,38.34930876264434,37.63976805690187,38.109947204589844,5347200,0.0,0.0
2018-06-18 00:00:00-04:00,37.82783910395876,39.35805077917926,37.73380327594258,39.28111267089844,3374500,0.0,0.0
2018-06-19 00:00:00-04:00,38.47753074383631,38.73399324278587,36.96442026194828,38.639957427978516,4574200,0.0,0.0
2018-06-20 00:00:00-04:00,38.75964425976204,38.83658236928765,37.83638694545473,38.109947204589844,1817400,0.0,0.0
2018-06-21 00:00:00-04:00,38.54592025691589,39.152874526154136,38.20397244438549,38.39204406738281,2833600,0.0,0.0
2018-06-22 00:00:00-04:00,38.83658215734152,39.49482969945572,38.57157239018698,38.72544860839844,4035600,0.0,0.0
2018-06-25 00:00:00-04:00,38.1099352863534,38.25526096942216,37.46878566116755,37.60556411743164,2567600,0.0,0.0
2018-06-26 00:00:00-04:00,37.759448237686634,38.033008492487596,37.48589124394228,37.699607849121094,1605900,0.0,0.0
2018-06-27 00:00:00-04:00,37.94752451272595,38.58867440630268,37.35766778461586,37.46025085449219,2074200,0.0,0.0
2018-06-28 00:00:00-04:00,38.964804437018444,39.30674897333544,37.61411422455707,37.86202621459961,3690200,0.0,0.0
2018-06-29 00:00:00-04:00,38.272373451695096,38.793842536493564,37.93897603972411,37.95607376098633,2382600,0.0,0.0
2018-07-02 00:00:00-04:00,37.72525213463385,37.802190234936475,36.85328808488949,37.101200103759766,3049100,0.0,0.0
2018-07-03 00:00:00-04:00,37.42604835636248,37.921872412577315,37.08410376754267,37.83638381958008,1363000,0.0,0.0
2018-07-05 00:00:00-04:00,37.91331595460642,38.16977843217058,36.55407851995097,36.8019905090332,3234600,0.0,0.0
2018-07-06 00:00:00-04:00,36.579739128945086,36.84474566274617,36.12665765637763,36.65667724609375,2979100,0.0,0.0
2018-07-09 00:00:00-04:00,36.81909667337616,37.41750382324206,36.81909667337616,37.27217483520508,2168800,0.0,0.0
2018-07-10 00:00:00-04:00,37.28926824894008,37.827834947732356,36.97296862122993,37.306365966796875,2721100,0.0,0.0
2018-07-11 00:00:00-04:00,36.955865013860745,37.24651964899333,36.21213234142517,36.38310623168945,3550300,0.0,0.0
2018-07-12 00:00:00-04:00,36.90457050606602,36.97296136406925,36.075352549638225,36.8618278503418,2833800,0.0,0.0
2018-07-13 00:00:00-04:00,36.69085342724471,36.92166767803058,35.998413935942665,36.16938781738281,2997700,0.0,0.0
2018-07-16 00:00:00-04:00,36.07535885579234,36.4344011399049,35.46840455966519,36.109554290771484,2755800,0.0,0.0
2018-07-17 00:00:00-04:00,36.562634004603936,36.887484129134016,36.22068616182951,36.528438568115234,2178700,0.0,0.0
2018-07-18 00:00:00-04:00,37.06701278386763,37.280729413607595,36.460058338059824,36.65667724609375,2011600,0.0,0.0
2018-07-19 00:00:00-04:00,36.596830213951996,36.79344908632982,36.14374882354917,36.588279724121094,2225500,0.0,0.0
2018-07-20 00:00:00-04:00,36.29762157792442,37.0413575917751,36.29762157792442,36.7934455871582,2204100,0.0,0.0
2018-07-23 00:00:00-04:00,36.870385763766706,37.178138164650974,36.79344766354564,36.99006652832031,1705100,0.0,0.0
2018-07-24 00:00:00-04:00,37.46880005131149,38.451894564193786,37.058461263870235,37.212337493896484,3060400,0.0,0.0
2018-07-25 00:00:00-04:00,37.37474668287797,37.964603113910506,36.85327784363433,37.870567321777344,2713700,0.0,0.0
2018-07-26 00:00:00-04:00,37.767997890328694,38.88787405060537,37.69105978372867,38.69980239868164,2165800,0.0,0.0
2018-07-27 00:00:00-04:00,38.7425436604254,38.913517586781914,37.973162622349285,38.04155349731445,1881100,0.0,0.0
2018-07-30 00:00:00-04:00,38.135584590100564,38.61430761125753,37.49443489157447,37.571372985839844,1901100,0.0,0.0
2018-07-31 00:00:00-04:00,37.870572941907085,38.24671616626075,37.69959904547868,37.9731559753418,2248500,0.0,0.0
2018-08-01 00:00:00-04:00,37.76798908735723,38.16977724607032,37.35765370148368,37.72524642944336,2426600,0.0,0.0
2018-08-02 00:00:00-04:00,40.22146046084189,42.53814744899336,39.43498499694574,42.31588363647461,7277600,0.0,0.0
2018-08-03 00:00:00-04:00,42.63219196412491,42.700582850269974,41.57215931733196,41.948299407958984,2990500,0.0,0.0
2018-08-06 00:00:00-04:00,41.88844504077686,42.5124969939352,41.58069267789201,41.97393035888672,2722700,0.0,0.0
2018-08-07 00:00:00-04:00,42.06797427168493,42.657834167895274,41.503762584694485,41.640541076660156,2113500,0.0,0.0
2018-08-08 00:00:00-04:00,42.14490694289272,42.22184503851872,41.486659516104936,41.52085494995117,2239300,0.0,0.0
2018-08-09 00:00:00-04:00,41.520855745680315,42.572340898682896,41.30713917162964,42.529598236083984,2565700,0.0,0.0
2018-08-10 00:00:00-04:00,42.221845737493396,43.2049432799833,41.93119106710077,42.1192626953125,2631000,0.0,0.0
2018-08-13 00:00:00-04:00,41.81151317321631,42.358627117085035,41.2729464580084,41.426822662353516,2147800,0.0,0.0
2018-08-14 00:00:00-04:00,41.65047105639678,41.934335827827454,41.25478375201176,41.28919219970703,2196400,0.3,0.0
2018-08-15 00:00:00-04:00,40.93651590959279,40.93651590959279,40.08492483308224,40.50642013549805,3622000,0.0,0.0
2018-08-16 00:00:00-04:00,40.92792318057046,41.383823737318664,40.59244565696055,40.678466796875,2506800,0.0,0.0
2018-08-17 00:00:00-04:00,40.81609528693529,41.461239037683356,40.6526567700018,40.87630844116211,4033000,0.0,0.0
2018-08-20 00:00:00-04:00,41.16876784638986,42.44185093853492,41.09995094776943,41.9859504699707,2487600,0.0,0.0
2018-08-21 00:00:00-04:00,41.76229700734657,42.41604439021463,41.43542331591254,41.47843551635742,2689000,0.0,0.0
2018-08-22 00:00:00-04:00,41.63326998835658,42.01175306775249,41.51284042178636,41.85691833496094,2029800,0.0,0.0
2018-08-23 00:00:00-04:00,41.83111341209481,42.63969223786946,41.75369604612074,42.54507064819336,2448500,0.0,0.0
2018-08-24 00:00:00-04:00,42.639690504159006,43.04398154129312,42.40743841568005,42.9665641784668,1367400,0.0,0.0
2018-08-27 00:00:00-04:00,43.22462471042244,43.91277728336904,43.06118949977584,43.55149841308594,1935100,0.0,0.0
2018-08-28 00:00:00-04:00,43.766546003601455,43.775146475106084,43.28483756508532,43.62031173706055,1927200,0.0,0.0
2018-08-29 00:00:00-04:00,43.65471068579157,44.557910940258175,43.59449755425177,44.42028045654297,2154800,0.0,0.0
2018-08-30 00:00:00-04:00,44.29985601423719,44.62672965700926,44.18803021619444,44.325660705566406,2294700,0.0,0.0
2018-08-31 00:00:00-04:00,44.041807035461126,44.76436805262448,44.041807035461126,44.68695068359375,2340300,0.0,0.0
2018-09-04 00:00:00-04:00,44.618133484518935,44.79017244579897,43.9643893692991,44.600929260253906,3020800,0.0,0.0
2018-09-05 00:00:00-04:00,44.40308424358554,44.42028846732376,43.0611876057063,44.07621383666992,2609300,0.0,0.0
2018-09-06 00:00:00-04:00,44.01599924463421,44.49770768524015,43.56009878139468,43.826759338378906,1620200,0.0,0.0
2018-09-07 00:00:00-04:00,43.43966864939045,44.076211772412044,43.19021233892455,43.80955123901367,1578100,0.0,0.0
2018-09-10 00:00:00-04:00,44.06760808682549,44.64393807113897,43.97298650123894,44.27405548095703,1788100,0.0,0.0
2018-09-11 00:00:00-04:00,44.351472830650735,45.340691040198806,43.99879446353012,45.01382064819336,2356500,0.0,0.0
2018-09-12 00:00:00-04:00,45.013822518049636,45.50413140779505,44.497705652117,45.2288703918457,2149700,0.0,0.0
2018-09-13 00:00:00-04:00,45.45252249017738,45.73638400071648,44.05901307168906,44.12782669067383,2505100,0.0,0.0
2018-09-14 00:00:00-04:00,43.83535948676822,44.47190266139884,43.77514634230766,44.342872619628906,1859400,0.0,0.0
2018-09-17 00:00:00-04:00,44.50631124964548,45.340694803231884,44.47190280088287,44.68695068359375,1911600,0.0,0.0
2018-09-18 00:00:00-04:00,45.01382607718531,45.47832702747047,44.68695236438653,45.160057067871094,2207700,0.0,0.0
2018-09-19 00:00:00-04:00,45.40090019353287,46.47613942343935,45.28907767620879,45.701969146728516,2167800,0.0,0.0
2018-09-20 00:00:00-04:00,45.89981662527382,46.28690343681609,45.70197298412333,45.856807708740234,1907500,0.0,0.0
2018-09-21 00:00:00-04:00,46.23528694201205,46.424530096743254,45.34929086553367,45.42670822143555,3890500,0.0,0.0
2018-09-24 00:00:00-04:00,45.44391244289927,46.03744331723386,45.31488242260623,45.42670822143555,1401000,0.0,0.0
2018-09-25 00:00:00-04:00,45.62456442404214,47.430965517916924,45.62456442404214,46.67399597167969,2711700,0.0,0.0
2018-09-26 00:00:00-04:00,46.639587241585396,47.67181448424741,46.32131400310657,47.207313537597656,2867200,0.0,0.0
2018-09-27 00:00:00-04:00,47.27612925781965,47.714828808690044,46.003046091410965,46.25250244140625,2807000,0.0,0.0
2018-09-28 00:00:00-04:00,46.46754424228813,47.31053150071834,46.089061171575615,46.82882308959961,2762500,0.0,0.0
2018-10-01 00:00:00-04:00,47.086883195355924,47.818044642925166,46.48474850133825,47.138492584228516,2513200,0.0,0.0
2018-10-02 00:00:00-04:00,47.49978053306473,48.523407341354854,47.27612888264707,48.007293701171875,2918100,0.0,0.0
2018-10-03 00:00:00-04:00,47.972887056294645,48.01589598103409,47.09549120985345,47.58580017089844,2974200,0.0,0.0
2018-10-04 00:00:00-04:00,47.76643587582183,48.60942320378155,47.37935230216723,48.22233963012695,2466600,0.0,0.0
2018-10-05 00:00:00-04:00,48.2567293296838,48.32554620690468,46.742794125886874,47.32772445678711,2227600,0.0,0.0
2018-10-08 00:00:00-04:00,47.3535502317719,47.904072369211235,46.88044547499563,47.59440612792969,2187100,0.0,0.0
2018-10-09 00:00:00-04:00,47.31913804932318,48.10191226707299,47.01807230456191,47.14710235595703,1828500,0.0,0.0
2018-10-10 00:00:00-04:00,47.73203182816216,47.99008864378044,43.276239217644225,43.30204391479492,6335700,0.0,0.0
2018-10-11 00:00:00-04:00,43.53428654210599,45.177251957040404,43.22461711832866,43.98158645629883,4174600,0.0,0.0
2018-10-12 00:00:00-04:00,45.09984588623047,46.13207646332214,44.79017638496591,45.09984588623047,2872600,0.0,0.0
2018-10-15 00:00:00-04:00,44.71276342983741,45.07404564415166,43.508497038655264,43.68913650512695,3843000,0.0,0.0
2018-10-16 00:00:00-04:00,43.91277485987531,45.03102313937003,43.525688033527494,44.988014221191406,1821200,0.0,0.0
2018-10-17 00:00:00-04:00,45.091248155320606,45.35790876844204,43.740747424379414,44.29987335205078,2331800,0.0,0.0
2018-10-18 00:00:00-04:00,44.0848140931822,44.678345043094716,43.577300980171735,43.71493148803711,2700200,0.0,0.0
2018-10-19 00:00:00-04:00,43.88696658397556,44.54071061850603,43.51708401135639,43.56009292602539,2838100,0.0,0.0
2018-10-22 00:00:00-04:00,43.7321322740439,43.86116230062447,41.745088896648404,42.200992584228516,3619300,0.0,0.0
2018-10-23 00:00:00-04:00,41.19457248068178,41.401019894862,39.878480469565076,40.592437744140625,4975300,0.0,0.0
2018-10-24 00:00:00-04:00,40.592438696960194,40.76447766592024,37.9688550847733,38.09788513183594,5598000,0.0,0.0
2018-10-25 00:00:00-04:00,38.51077467869358,39.044092501403235,38.20970567838327,38.60539627075195,2881000,0.0,0.0
2018-10-26 00:00:00-04:00,38.011869705905504,39.01829569232751,37.254903379179694,38.17530822753906,4528100,0.0,0.0
2018-10-29 00:00:00-04:00,38.73442506141427,39.55160770316204,38.14089406378462,38.5623893737793,5626700,0.0,0.0
2018-10-30 00:00:00-04:00,38.63120244277918,40.05051981516157,38.13229304927124,39.78385925292969,4730300,0.0,0.0
2018-10-31 00:00:00-04:00,41.10853931208021,42.218186776668254,40.94510087972391,41.31498336791992,6425600,0.0,0.0
2018-11-01 00:00:00-04:00,41.25478498826064,44.308464263263744,40.75587560720959,43.912776947021484,9045800,0.0,0.0
2018-11-02 00:00:00-04:00,44.55791902530625,44.87618896139104,42.59668345615545,42.73431396484375,4156900,0.0,0.0
2018-11-05 00:00:00-05:00,42.5794813615162,42.87194661727436,41.874124559047175,42.57088088989258,3091100,0.0,0.0
2018-11-06 00:00:00-05:00,43.01816764775279,44.44608514681158,43.01816764775279,44.42028045654297,2695400,0.0,0.0
2018-11-07 00:00:00-05:00,44.62674074025591,46.31271547412416,44.20524541610359,46.06325912475586,3584900,0.0,0.0
2018-11-08 00:00:00-05:00,45.96003307658353,46.519158875920844,45.60735468540206,46.16647720336914,2556400,0.0,0.0
2018-11-09 00:00:00-05:00,45.68477468208953,45.68477468208953,44.27406103618816,44.91920471191406,3510800,0.0,0.0
2018-11-12 00:00:00-05:00,45.03102151737699,45.099838409080135,43.62030805116263,44.10201644897461,2907600,0.0,0.0
2018-11-13 00:00:00-05:00,44.041809491125115,44.46330152717244,42.562278925540795,42.6138916015625,3540200,0.0,0.0
2018-11-14 00:00:00-05:00,41.289775946643026,41.999430197854835,38.60693702634104,38.97041702270508,7804200,0.3,0.0
2018-11-15 00:00:00-05:00,38.84060162502203,40.48492097511422,38.73674737451016,40.337799072265625,5113500,0.0,0.0
2018-11-16 00:00:00-05:00,40.18202296013999,41.0561081524467,39.965664879717686,40.75320816040039,3283900,0.0,0.0
2018-11-19 00:00:00-05:00,40.50222682628628,40.90032485113501,39.18676946902095,39.38581848144531,3185000,0.0,0.0
2018-11-20 00:00:00-05:00,38.69347195435058,39.273313231342165,37.403979855617095,37.69822692871094,4903200,0.0,0.0
2018-11-21 00:00:00-05:00,37.88863001185609,38.61559337135156,37.81939713547506,38.252113342285156,4925700,0.0,0.0
2018-11-23 00:00:00-05:00,37.86266212021609,38.00113115248697,37.16166078732858,37.40398406982422,2614000,0.0,0.0
2018-11-26 00:00:00-05:00,37.983825709989326,38.442503803843834,37.74150570589448,38.130950927734375,3101800,0.0,0.0
2018-11-27 00:00:00-05:00,37.89727488500249,38.1049767535782,36.945297533051814,37.378013610839844,3078800,0.0,0.0
2018-11-28 00:00:00-05:00,37.49918784618799,37.715545948320084,36.607790220477185,36.84145736694336,4287000,0.0,0.0
2018-11-29 00:00:00-05:00,36.78087651044473,38.061716049233176,36.460667451088256,37.64630889892578,4639300,0.0,0.0
2018-11-30 00:00:00-05:00,37.213589870753275,37.464566036627176,36.3048865923213,36.51258850097656,4877500,0.0,0.0
2018-12-03 00:00:00-05:00,37.637650030967926,38.684822261860766,37.60303194861724,37.95785903930664,6773700,0.0,0.0
2018-12-04 00:00:00-05:00,37.71553603271536,38.01843597552131,36.52123869855148,36.82413864135742,3853100,0.0,0.0
2018-12-06 00:00:00-05:00,36.157754278839526,36.4779665522788,34.60863323473551,35.96736145019531,4323500,0.0,0.0
2018-12-07 00:00:00-05:00,36.07121837889167,36.884723549036,35.34425511784444,35.50868606567383,3549400,0.0,0.0
2018-12-10 00:00:00-05:00,35.33560579926207,36.01064200188543,34.86827151989395,35.7683219909668,2255200,0.0,0.0
2018-12-11 00:00:00-05:00,36.48662683223791,36.97992299530271,35.629847374547175,35.78562545776367,2476200,0.0,0.0
2018-12-12 00:00:00-05:00,36.47797298557429,36.988578177708675,36.28757682198994,36.30488586425781,3906500,0.0,0.0
2018-12-13 00:00:00-05:00,36.50394786753739,37.06648038633379,35.87218245643446,36.03661346435547,2988800,0.0,0.0
2018-12-14 00:00:00-05:00,35.54330597907006,36.77222161994004,35.5000350222946,36.40008544921875,4800600,0.0,0.0
2018-12-17 00:00:00-05:00,36.39143083511191,37.03185224743995,35.5865784594522,35.80293655395508,2980400,0.0,0.0
2018-12-18 00:00:00-05:00,36.15777001476574,36.84146250518406,35.7337099242067,36.14046096801758,3670300,0.0,0.0
2018-12-19 00:00:00-05:00,36.61643672865758,37.67226174345751,36.09717543977859,36.27891540527344,4043100,0.0,0.0
2018-12-20 00:00:00-05:00,36.0279508643068,36.23565278651621,34.73845516692015,35.33560562133789,3375700,0.0,0.0
2018-12-21 00:00:00-05:00,35.14520608583132,36.02794742434312,35.024046092550485,35.50868606567383,5111600,0.0,0.0
2018-12-24 00:00:00-05:00,35.12789718963045,35.82889854113235,34.69518103962336,34.71249008178711,1218700,0.0,0.0
2018-12-26 00:00:00-05:00,34.928846173919936,36.88472160831981,34.781720974561296,36.86741256713867,2000000,0.0,0.0
2018-12-27 00:00:00-05:00,37.343402317994574,37.42129135131836,35.97601779994637,37.42129135131836,2465400,0.0,0.0
2018-12-28 00:00:00-05:00,37.55110291058277,37.637648112047046,36.42604170244213,36.66836166381836,1756700,0.0,0.0
2018-12-31 00:00:00-05:00,36.79817698658143,37.90592912948091,36.78952081594902,37.65495300292969,1966300,0.0,0.0
2019-01-02 00:00:00-05:00,36.96262466701574,37.213600907322544,36.183737326517665,36.37413024902344,2806700,0.0,0.0
2019-01-03 00:00:00-05:00,35.837543548909345,36.21833248888151,34.91153145516675,35.11058044433594,3252100,0.0,0.0
2019-01-04 00:00:00-05:00,35.95006210169844,38.33865403412216,35.88948209879599,38.04440689086914,3218900,0.0,0.0
2019-01-07 00:00:00-05:00,38.07902295321733,39.281973377385086,37.732848696734045,38.17422103881836,2379600,0.0,0.0
2019-01-08 00:00:00-05:00,38.641556686687025,39.42044383978952,38.485778595794024,39.28197479248047,2890500,0.0,0.0
2019-01-09 00:00:00-05:00,39.68007127391689,40.251256483462065,38.51173894118978,38.97041702270508,3407800,0.0,0.0
2019-01-10 00:00:00-05:00,38.433840641547526,39.28196373014275,38.079013601407055,38.98771667480469,1723500,0.0,0.0
2019-01-11 00:00:00-05:00,38.79732992371233,39.247351795143416,37.914588619544425,38.425193786621094,1995400,0.0,0.0
2019-01-14 00:00:00-05:00,37.42128785970799,37.86265680645264,37.19627365049567,37.378013610839844,3398700,0.0,0.0
2019-01-15 00:00:00-05:00,37.11838990825655,37.793426029261795,36.85876088489778,37.47321701049805,1793700,0.0,0.0
2019-01-16 00:00:00-05:00,37.196278893774405,37.204935065312895,35.586574329277155,36.858760833740234,2967500,0.0,0.0
2019-01-17 00:00:00-05:00,36.80683508737999,38.11363972422567,36.77222030401577,37.897281646728516,1647800,0.0,0.0
2019-01-18 00:00:00-05:00,38.208844143621405,38.78868230282821,37.88863175883637,38.234806060791016,2425300,0.0,0.0
2019-01-22 00:00:00-05:00,37.87132477527531,38.07037715562126,36.001990705953915,36.22700500488281,2356800,0.0,0.0
2019-01-23 00:00:00-05:00,36.46930870272486,36.88471572067758,35.820234618168456,36.45199966430664,2690700,0.0,0.0
2019-01-24 00:00:00-05:00,36.45200931113773,36.56451643994981,35.4654169697334,35.70773696899414,2374100,0.0,0.0
2019-01-25 00:00:00-05:00,36.33949873286791,36.945298618479804,35.91543551157781,36.82413864135742,2064500,0.0,0.0
2019-01-28 00:00:00-05:00,36.348151793875324,37.369362036955046,36.105831838351925,37.1876220703125,2325400,0.0,0.0
2019-01-29 00:00:00-05:00,37.49053261707373,38.07902693379596,36.87607638387817,37.01454544067383,2110600,0.0,0.0
2019-01-30 00:00:00-05:00,37.37802584323651,37.45591489478292,36.45201339783064,37.26552200317383,1701000,0.0,0.0
2019-01-31 00:00:00-05:00,36.61644357660098,37.81073783151778,36.38277644810968,37.776123046875,2306100,0.0,0.0
2019-02-01 00:00:00-05:00,37.94055604306384,38.061716049233176,37.178974616819,37.64630889892578,2175600,0.0,0.0
2019-02-04 00:00:00-05:00,37.49052723090737,37.62899626780954,36.798182046396505,36.919342041015625,2356200,0.0,0.0
2019-02-05 00:00:00-05:00,36.98857481357842,37.54245091032603,36.798178667310694,37.17031478881836,1955800,0.0,0.0
2019-02-06 00:00:00-05:00,37.00588654097757,37.20493889048251,36.56451748663777,36.711639404296875,1802300,0.0,0.0
2019-02-07 00:00:00-05:00,36.434707704680996,36.5731767755727,35.257722252783026,35.75101852416992,3543900,0.0,0.0
2019-02-08 00:00:00-05:00,35.66447255892356,36.32220310817096,35.23175630860507,36.22700500488281,3097200,0.0,0.0
2019-02-11 00:00:00-05:00,36.3308504558977,36.64240663696806,35.8115923550221,36.313541412353516,3250600,0.0,0.0
2019-02-12 00:00:00-05:00,36.75491874974177,37.3261040586475,36.37412634289599,37.13570785522461,2719000,0.0,0.0
2019-02-13 00:00:00-05:00,37.36071284714044,37.542456149103295,36.77222188824791,36.902034759521484,3768900,0.0,0.0
2019-02-14 00:00:00-05:00,36.91946170732852,39.35112673282551,36.81487492954747,37.07634353637695,6675600,0.3,0.0
2019-02-15 00:00:00-05:00,37.23324141313494,37.23324141313494,35.917176982748835,36.40525436401367,3650500,0.0,0.0
2019-02-19 00:00:00-05:00,36.135062051945695,36.832312961522256,35.847447506325494,36.61442184448242,3184400,0.0,0.0
2019-02-20 00:00:00-05:00,36.81487892537376,39.028649806579224,36.64927957409669,38.854339599609375,3326900,0.0,0.0
2019-02-21 00:00:00-05:00,39.063507338916295,39.59516203506667,38.096070540971,38.340110778808594,3336800,0.0,0.0
2019-02-22 00:00:00-05:00,38.52314392358348,38.89791685022471,37.81717562170613,38.40983963012695,2292100,0.0,0.0
2019-02-25 00:00:00-05:00,38.61029795043317,38.958925001466895,37.62542935730378,37.69515609741211,2859300,0.0,0.0
2019-02-26 00:00:00-05:00,37.79102807047216,38.06121087198709,36.81487699856347,37.642860412597656,2705000,0.0,0.0
2019-02-27 00:00:00-05:00,37.63414615303253,38.0350649268388,37.47726431549897,37.782310485839844,2107100,0.0,0.0
2019-02-28 00:00:00-05:00,37.55570962644268,37.80846409700151,36.483685827758364,36.7800178527832,3765600,0.0,0.0
2019-03-01 00:00:00-05:00,37.07634766400649,37.43368890889801,36.59698794399407,36.84973907470703,2572200,0.0,0.0
2019-03-04 00:00:00-05:00,37.28551494094515,37.52083767094207,36.15248216021268,36.67542266845703,2953100,0.0,0.0
2019-03-05 00:00:00-05:00,36.51854454798321,36.753863977065734,35.88229969978455,35.978172302246094,2815600,0.0,0.0
2019-03-06 00:00:00-05:00,35.917162998223844,36.35294513600794,35.76899866725911,35.9520263671875,3010300,0.0,0.0
2019-03-07 00:00:00-05:00,35.73414980042228,35.97818683269862,34.888731046100375,35.09790802001953,2771000,0.0,0.0
2019-03-08 00:00:00-05:00,34.70569341904364,35.32450333221179,33.903855783629304,35.11532974243164,2269900,0.0,0.0
2019-03-11 00:00:00-04:00,35.28964642815884,36.13506169304342,34.88001006827108,36.11763000488281,3031000,0.0,0.0
2019-03-12 00:00:00-04:00,36.21350002379615,37.25066378387981,36.196068336888814,36.387813568115234,3832200,0.0,0.0
2019-03-13 00:00:00-04:00,36.60569266385811,37.58184353729675,36.49238839849145,37.477256774902344,4060100,0.0,0.0
2019-03-14 00:00:00-04:00,37.49469247849405,37.6341426182311,37.146065466774644,37.22450637817383,3787400,0.0,0.0
2019-03-15 00:00:00-04:00,37.45112770398661,37.79975150983254,37.17222732940797,37.520851135253906,4732600,0.0,0.0
2019-03-18 00:00:00-04:00,37.651588232864604,37.70387997664363,36.919473897164984,37.01534652709961,1692200,0.0,0.0
2019-03-19 00:00:00-04:00,37.137356920481906,37.28552126184586,36.50982953410729,36.68414306640625,2643100,0.0,0.0
2019-03-20 00:00:00-04:00,36.474968775767856,36.76258662337923,36.196068434010705,36.24836349487305,2020700,0.0,0.0
2019-03-21 00:00:00-04:00,36.1612009805565,36.23092438934219,35.455232764862146,35.83000564575195,3431800,0.0,0.0
2019-03-22 00:00:00-04:00,35.54239470883453,35.73413993827837,33.9648652930606,33.999725341796875,4735100,0.0,0.0
2019-03-25 00:00:00-04:00,34.08687195797026,34.601094902040565,33.93870433438061,34.50522232055664,2811500,0.0,0.0
2019-03-26 00:00:00-04:00,34.836427574925025,34.86257344108453,34.01715497121692,34.62725067138672,2962400,0.0,0.0
2019-03-27 00:00:00-04:00,34.522668773154734,35.30707479186106,34.47909121513014,35.03689193725586,1920400,0.0,0.0
2019-03-28 00:00:00-04:00,35.23735507781072,36.06534206656182,34.958454687353175,35.17634582519531,2360700,0.0,0.0
2019-03-29 00:00:00-04:00,35.27220968959733,35.70799185695187,35.04560110071069,35.62955093383789,2154300,0.0,0.0
2019-04-01 00:00:00-04:00,36.12633657066584,36.46624607497135,35.533672651708805,36.448814392089844,2043600,0.0,0.0
2019-04-02 00:00:00-04:00,36.55340272296465,36.76257960170678,36.14376979442326,36.32679748535156,2531700,0.0,0.0
2019-04-03 00:00:00-04:00,36.74515852838075,37.68644976739108,36.74515852838075,37.416263580322266,3200900,0.0,0.0
2019-04-04 00:00:00-04:00,37.25066053974211,37.651579329432195,36.97175689826854,37.63414764404297,1624100,0.0,0.0
2019-04-05 00:00:00-04:00,37.70387700864266,37.95663149952747,37.398830778095174,37.89562225341797,2300800,0.0,0.0
2019-04-08 00:00:00-04:00,38.03506689298654,38.104793635385356,37.45983456721261,37.9653434753418,1645000,0.0,0.0
2019-04-09 00:00:00-04:00,37.59057191481789,37.660295334999994,37.07634880755244,37.259376525878906,1773900,0.0,0.0
2019-04-10 00:00:00-04:00,37.26809165732165,37.44240519935489,36.75386853693845,37.08506393432617,1663000,0.0,0.0
2019-04-11 00:00:00-04:00,36.81487895919357,37.172220203416565,36.55340699899043,36.82359313964844,1292600,0.0,0.0
2019-04-12 00:00:00-04:00,37.30294792210625,37.60799739372175,36.753861533001256,37.1112060546875,1374300,0.0,0.0
2019-04-15 00:00:00-04:00,37.07634956396607,37.59928686264017,37.05891787737636,37.36396408081055,1383500,0.0,0.0
2019-04-16 00:00:00-04:00,37.36396034162963,38.41855566386595,37.04148248387756,38.226810455322266,2148200,0.0,0.0
2019-04-17 00:00:00-04:00,38.43598446629252,39.1419527492565,38.30525181557962,38.889198303222656,4331200,0.0,0.0
2019-04-18 00:00:00-04:00,37.8607511012874,39.49057869763394,37.32909968363173,39.342411041259766,4662100,0.0,0.0
2019-04-22 00:00:00-04:00,39.16809752830082,39.84791992722125,39.098374114804855,39.176815032958984,3036000,0.0,0.0
2019-04-23 00:00:00-04:00,38.95891583590847,39.22038440029313,37.74744227194882,38.845611572265625,3199900,0.0,0.0
2019-04-24 00:00:00-04:00,38.723610671070404,38.91535592335832,37.97406467549549,38.82819747924805,1552100,0.0,0.0
2019-04-25 00:00:00-04:00,38.54057560909634,38.99378945816838,38.40112544974755,38.40983963012695,1848500,0.0,0.0
2019-04-26 00:00:00-04:00,38.836899422291395,39.68231438045864,38.55799916241615,39.35983657836914,1758300,0.0,0.0
2019-04-29 00:00:00-04:00,38.958919609254416,39.51672015390134,38.32267815521943,39.15066146850586,2209000,0.0,0.0
2019-04-30 00:00:00-04:00,39.26397497465412,39.464434384720434,38.70617429886015,39.02865219116211,2535700,0.0,0.0
2019-05-01 00:00:00-04:00,38.7061657685341,38.95020267922289,37.64285638666971,37.73001480102539,2746400,0.0,0.0
2019-05-02 00:00:00-04:00,37.64286250235485,39.220395148575705,37.189648648334156,37.8781852722168,3895300,0.0,0.0
2019-05-03 00:00:00-04:00,38.22681701793968,38.63645337024256,37.70387635706812,38.54058074951172,1467400,0.0,0.0
2019-05-06 00:00:00-04:00,37.49469944330173,38.52314566168352,37.233230798319994,38.17451858520508,1731500,0.0,0.0
2019-05-07 00:00:00-04:00,37.72131093099515,37.7300284379583,35.92589016813745,36.18735885620117,3940400,0.0,0.0
2019-05-08 00:00:00-04:00,36.05662262163313,36.640572568543256,35.664417929641964,36.46625900268555,3473900,0.0,0.0
2019-05-09 00:00:00-04:00,35.90844952844915,36.00432213261815,35.3419314082254,35.864871978759766,2153500,0.0,0.0
2019-05-10 00:00:00-04:00,35.716708745386995,36.466254662026735,35.2809265449922,36.27450942993164,2373000,0.0,0.0
2019-05-13 00:00:00-04:00,35.39422374483284,35.66440652701242,34.72311889193698,35.57725143432617,2481800,0.0,0.0
2019-05-14 00:00:00-04:00,35.893344154733136,36.45527462810065,35.480674998004574,36.16552734375,2688800,0.3,0.0
2019-05-15 00:00:00-04:00,36.11284186093648,37.008419645344986,35.972359268247054,36.80647277832031,1670300,0.0,0.0
2019-05-16 00:00:00-04:00,37.09623151634172,37.842544893490434,36.94697018066007,37.535240173339844,2936200,0.0,0.0
2019-05-17 00:00:00-04:00,37.15769425016798,37.91278971247512,37.15769425016798,37.289398193359375,1699100,0.0,0.0
2019-05-20 00:00:00-04:00,36.82403938910901,37.1137866667233,36.22698743769448,36.25333023071289,1886100,0.0,0.0
2019-05-21 00:00:00-04:00,36.76257052066374,37.10499661167681,36.52550553087723,36.946956634521484,2445400,0.0,0.0
2019-05-22 00:00:00-04:00,36.41138278780782,36.86795223946281,36.06895653640922,36.12163543701172,2699400,0.0,0.0
2019-05-23 00:00:00-04:00,35.52457089512896,35.84065758554196,35.0943443937986,35.5596923828125,2493500,0.0,0.0
2019-05-24 00:00:00-04:00,36.033834319424436,36.218217166605505,35.62116507627303,35.8231086730957,1918800,0.0,0.0
2019-05-28 00:00:00-04:00,35.796760215126454,35.87578189394275,35.1031258510023,35.34019088745117,2161200,0.0,0.0
2019-05-29 00:00:00-04:00,34.971412658691406,35.35773886598523,34.86604822540071,34.971412658691406,1973900,0.0,0.0
2019-05-30 00:00:00-04:00,34.980204763019216,35.779200266906635,34.90118308244267,35.63871765136719,1855700,0.0,0.0
2019-05-31 00:00:00-04:00,34.98020127582434,35.46311000926415,34.39192807920649,35.3314094543457,2460900,0.0,0.0
2019-06-03 00:00:00-04:00,35.25239196935538,36.42893515298581,35.22604917574684,36.35869216918945,3181700,0.0,0.0
2019-06-04 00:00:00-04:00,37.01719684460252,38.202518463134766,36.70111018649551,38.202518463134766,3378700,0.0,0.0
2019-06-05 00:00:00-04:00,38.18496781835004,38.18496781835004,36.762577605509414,37.333290100097656,2509000,0.0,0.0
2019-06-06 00:00:00-04:00,37.14891645519539,38.26399892676688,36.87672986234281,38.079612731933594,2020200,0.0,0.0
2019-06-07 00:00:00-04:00,38.193747236318465,38.193747236318465,36.42015213514436,36.90306091308594,2804000,0.0,0.0
2019-06-10 00:00:00-04:00,37.06988270794138,37.41230883803223,36.56063118672055,36.82403564453125,2257100,0.0,0.0
2019-06-11 00:00:00-04:00,37.36840438879672,37.412304568527034,36.771352566231215,36.946956634521484,2748300,0.0,0.0
2019-06-12 00:00:00-04:00,36.98207994189828,38.13228356819445,36.95574050024942,37.851318359375,2182600,0.0,0.0
2019-06-13 00:00:00-04:00,38.67665858824598,39.66003695505563,38.422032785876084,39.633697509765625,3260600,0.0,0.0
2019-06-14 00:00:00-04:00,39.528341166177476,40.977067771859964,39.177132889385774,40.388797760009766,2993900,0.0,0.0
2019-06-17 00:00:00-04:00,40.77511574220668,41.231685067751826,40.423910887504796,40.8541374206543,2971100,0.0,0.0
2019-06-18 00:00:00-04:00,41.09998547115711,42.01312079438209,40.880481175785484,41.4599723815918,2838400,0.0,0.0
2019-06-19 00:00:00-04:00,41.37217330329215,41.65313856499358,40.70488164409378,40.80146408081055,2791100,0.0,0.0
2019-06-20 00:00:00-04:00,41.50388118066974,41.57412082808743,40.52050267122892,41.14389419555664,2545000,0.0,0.0
2019-06-21 00:00:00-04:00,41.17021859019515,41.89019229715278,41.02095730065551,41.064857482910156,3086800,0.0,0.0
2019-06-24 00:00:00-04:00,41.135099190296536,41.679472195836674,40.81023380589763,41.31070327758789,2093100,0.0,0.0
2019-06-25 00:00:00-04:00,41.61801948559142,42.07458551358541,41.38095442334259,41.68825912475586,2824000,0.0,0.0
2019-06-26 00:00:00-04:00,41.69703575684767,41.784836131741066,41.06486233963246,41.09120178222656,1431300,0.0,0.0
2019-06-27 00:00:00-04:00,41.32826380362239,41.776054391325786,40.78389415031825,41.38972473144531,1661800,0.0,0.0
2019-06-28 00:00:00-04:00,41.407284864832064,41.942875813141505,40.59951076856618,41.012176513671875,4454200,0.0,0.0
2019-07-01 00:00:00-04:00,41.09120354197164,41.661916051328504,39.43175160008472,40.845359802246094,2787900,0.0,0.0
2019-07-02 00:00:00-04:00,40.73999596340638,41.04730061758703,40.08148311927397,40.64341354370117,2375800,0.0,0.0
2019-07-03 00:00:00-04:00,40.827799868415845,41.23168697724389,40.66097780590943,40.950721740722656,641200,0.0,0.0
2019-07-05 00:00:00-04:00,40.46781217189074,40.86292057483178,40.213186384509875,40.65219497680664,1191300,0.0,0.0
2019-07-08 00:00:00-04:00,40.59950806710643,40.59950806710643,39.73026975239246,39.96733474731445,1627600,0.0,0.0
2019-07-09 00:00:00-04:00,39.677602411511906,39.756624106131895,38.95762846024989,38.975189208984375,2618000,0.0,0.0
2019-07-10 00:00:00-04:00,39.20347160564154,39.774180809296816,38.72055943798783,38.825923919677734,1972000,0.0,0.0
2019-07-11 00:00:00-04:00,38.6239855440085,39.46688141457364,38.46594214960623,39.458099365234375,2426700,0.0,0.0
2019-07-12 00:00:00-04:00,39.59857349028862,40.73999850413136,39.3966299407516,40.53805160522461,2653700,0.0,0.0
2019-07-15 00:00:00-04:00,40.82779841062251,42.30286752437522,40.61707281607083,42.03946304321289,2268000,0.0,0.0
2019-07-16 00:00:00-04:00,42.03946241225879,42.7067539778129,41.740936444923356,41.89019775390625,1769900,0.0,0.0
2019-07-17 00:00:00-04:00,41.8550709729142,42.004335612398314,41.25802246308539,41.63556671142578,1469700,0.0,0.0
2019-07-18 00:00:00-04:00,41.30192692392884,41.67069251373216,40.88047910013809,41.249244689941406,1771700,0.0,0.0
2019-07-19 00:00:00-04:00,41.31948341804821,41.574105816037154,41.16144008171342,41.407283782958984,1344500,0.0,0.0
2019-07-22 00:00:00-04:00,41.42485550405672,41.60923832885526,41.18779043672856,41.565338134765625,1298500,0.0,0.0
2019-07-23 00:00:00-04:00,41.87263169685105,42.51358373818352,41.53898763108515,42.44334411621094,1758100,0.0,0.0
2019-07-24 00:00:00-04:00,42.566279781517906,43.01407049572872,42.21507485893347,42.952606201171875,2151100,0.0,0.0
2019-07-25 00:00:00-04:00,42.575052269198935,42.85601748391698,42.16238314473262,42.47846984863281,2012500,0.0,0.0
2019-07-26 00:00:00-04:00,42.531157509870866,42.57506105509337,41.9428875168361,42.27653503417969,1607600,0.0,0.0
2019-07-29 00:00:00-04:00,42.21506419979856,42.3555468032351,41.70581266898519,41.72337341308594,1760000,0.0,0.0
2019-07-30 00:00:00-04:00,41.301926192084615,43.69891253144182,41.266804703381986,43.67257308959961,2611100,0.0,0.0
2019-07-31 00:00:00-04:00,43.655016615765625,44.43645139430995,43.27746894870288,43.51453399658203,2685500,0.0,0.0
2019-08-01 00:00:00-04:00,45.86761998766236,48.42264990490434,45.121303358269245,45.96419906616211,6314900,0.0,0.0
2019-08-02 00:00:00-04:00,46.227608766416076,46.53491345894414,45.09496572932129,46.25394821166992,2917800,0.0,0.0
2019-08-05 00:00:00-04:00,45.42861153235884,45.60421229336796,43.78671695209109,44.550594329833984,3704100,0.0,0.0
2019-08-06 00:00:00-04:00,45.656887966292274,46.04321427408024,44.14669752330134,44.72618865966797,3856400,0.0,0.0
2019-08-07 00:00:00-04:00,44.146710044471135,44.53303981120174,43.58477949217602,44.29597473144531,2174400,0.0,0.0
2019-08-08 00:00:00-04:00,44.708633032093445,45.832497295896836,44.3223066800993,45.788597106933594,2800900,0.0,0.0
2019-08-09 00:00:00-04:00,45.946634357889145,45.946634357889145,44.260839861002744,44.81399154663086,2993200,0.0,0.0
2019-08-12 00:00:00-04:00,44.72618463217313,44.72618463217313,42.399441599184485,42.92625045776367,3208900,0.0,0.0
2019-08-13 00:00:00-04:00,43.031614552323525,43.97987458295752,42.24140120949781,42.820892333984375,3072600,0.0,0.0
2019-08-14 00:00:00-04:00,42.653043391804594,42.73255417288701,41.56639829707848,41.698917388916016,3032900,0.3,0.0
2019-08-15 00:00:00-04:00,42.008121388819404,42.220151248005934,41.098167352115325,41.469215393066406,1967600,0.0,0.0
2019-08-16 00:00:00-04:00,41.76074897975952,42.723711161255466,41.301353837476164,42.56468963623047,1992400,0.0,0.0
2019-08-19 00:00:00-04:00,42.9004111835642,43.15660958792616,42.635373005789084,43.04176330566406,2342600,0.0,0.0
2019-08-20 00:00:00-04:00,42.82973850481637,43.00642952087131,42.29966882675239,42.44102096557617,1326500,0.0,0.0
2019-08-21 00:00:00-04:00,42.85622781721492,43.28028747356504,42.2378145060789,43.19194030761719,1894900,0.0,0.0
2019-08-22 00:00:00-04:00,43.50999756767865,44.29626906572615,42.812069894317055,42.882747650146484,2190300,0.0,0.0
2019-08-23 00:00:00-04:00,42.246659346776845,42.80323485247787,41.45155148148966,41.62824249267578,2445100,0.0,0.0
2019-08-26 00:00:00-04:00,42.14063983605286,42.15830927156008,41.49572060549038,41.7342529296875,1210300,0.0,0.0
2019-08-27 00:00:00-04:00,42.06996616042827,42.122974472073615,41.036329359098254,41.248355865478516,1352500,0.0,0.0
2019-08-28 00:00:00-04:00,40.95680588556518,42.05228369264667,40.700604180485016,41.796085357666016,1314000,0.0,0.0
2019-08-29 00:00:00-04:00,42.76789507468381,43.262629221555926,42.37917755434899,42.6353759765625,1451500,0.0,0.0
2019-08-30 00:00:00-04:00,42.97992625969234,43.21845525137564,42.36150939989302,42.57353591918945,1574600,0.0,0.0
2019-09-03 00:00:00-04:00,42.13180910645234,42.476358090087565,41.49572619304268,41.74309158325195,1885700,0.0,0.0
2019-09-04 00:00:00-04:00,42.750224774735656,42.785563649535376,41.831434250546565,42.19364929199219,1610300,0.0,0.0
2019-09-05 00:00:00-04:00,42.75021902722782,42.97991831244371,42.38800403447981,42.55585861206055,3450500,0.0,0.0
2019-09-06 00:00:00-04:00,42.68837656727384,43.23611555822502,42.370333485398945,42.9710807800293,1328000,0.0,0.0
2019-09-09 00:00:00-04:00,43.05943554417962,43.50116137574851,42.78556431537068,43.156612396240234,1340800,0.0,0.0
2019-09-10 00:00:00-04:00,43.395138227469324,45.01185614566927,42.96224886485086,44.86166763305664,2122300,0.0,0.0
2019-09-11 00:00:00-04:00,44.86166408459183,45.54192211357113,44.33159455634556,44.50828552246094,2342800,0.0,0.0
2019-09-12 00:00:00-04:00,44.89700974416683,44.89700974416683,43.35980585763382,43.377471923828125,2014900,0.0,0.0
2019-09-13 00:00:00-04:00,43.73084459812955,44.43760504892788,43.37746268768056,44.09305953979492,2246200,0.0,0.0
2019-09-16 00:00:00-04:00,44.402274045739254,46.20451604195508,44.31393023753466,45.35640335083008,2840900,0.0,0.0
2019-09-17 00:00:00-04:00,44.89700495783936,45.19737860262628,44.287424636110025,44.68497848510742,1369800,0.0,0.0
2019-09-18 00:00:00-04:00,44.46411054958233,45.05602136953427,44.21674186608184,44.7468147277832,1688800,0.0,0.0
2019-09-19 00:00:00-04:00,44.552459310047986,44.82633048764125,44.17257489633153,44.1814079284668,1986700,0.0,0.0
2019-09-20 00:00:00-04:00,44.358100013723444,44.658473665350115,43.509987363283464,43.545326232910156,2484900,0.0,0.0
2019-09-23 00:00:00-04:00,43.28028586390177,44.15490086860854,43.09475850736123,44.09305953979492,2061500,0.0,0.0
2019-09-24 00:00:00-04:00,43.99589080034241,44.16374876805271,42.918082096052494,43.1831169128418,2581300,0.0,0.0
2019-09-25 00:00:00-04:00,43.289125925614734,43.7308517003659,42.94458036052485,42.99758529663086,1360200,0.0,0.0
2019-09-26 00:00:00-04:00,43.30679519230494,43.80152927133497,42.944580193224084,43.48348617553711,1688400,0.0,0.0
2019-09-27 00:00:00-04:00,43.60717696860628,43.960555630738575,42.71488885376303,42.97992706298828,1694300,0.0,0.0
2019-09-30 00:00:00-04:00,43.05942959770523,43.63367107738209,41.99928707432464,43.465816497802734,3328700,0.0,0.0
2019-10-01 00:00:00-04:00,43.66901891255265,44.24326388021497,43.10361034937177,43.40398406982422,2135300,0.0,0.0
2019-10-02 00:00:00-04:00,42.82090362887503,43.15661283782999,42.043465213730656,42.653045654296875,1919000,0.0,0.0
2019-10-03 00:00:00-04:00,42.529356027888035,43.280291848910274,42.05229139384099,43.07709503173828,1434800,0.0,0.0
2019-10-04 00:00:00-04:00,43.11244177707071,43.15661368752914,42.05229907556472,43.09477233886719,2138700,0.0,0.0
2019-10-07 00:00:00-04:00,43.13893562229309,43.90753743484047,43.024085990960785,43.20960998535156,1636300,0.0,0.0
2019-10-08 00:00:00-04:00,42.83857107522595,43.66901439523041,42.56469985634657,43.16544723510742,1919900,0.0,0.0
2019-10-09 00:00:00-04:00,43.64250782283258,43.74852106497325,42.979919161778035,43.14777374267578,1282500,0.0,0.0
2019-10-10 00:00:00-04:00,43.70434651210369,44.21674662647056,42.99758262041145,43.4216423034668,1633100,0.0,0.0
2019-10-11 00:00:00-04:00,44.17257503902302,45.10903484308632,44.04889236812976,44.720314025878906,2443400,0.0,0.0
2019-10-14 00:00:00-04:00,44.36694899040561,44.40228449994679,43.22729539770152,43.26263427734375,1565100,0.0,0.0
2019-10-15 00:00:00-04:00,43.29797200053459,43.836878147277034,42.83858002210294,42.9180908203125,2038100,0.0,0.0
2019-10-16 00:00:00-04:00,42.856228059759765,43.50998361107465,42.723712365237695,43.20960998535156,1863000,0.0,0.0
2019-10-17 00:00:00-04:00,43.289122098496016,43.465813066795576,42.5823615953977,42.81205749511719,2538000,0.0,0.0
2019-10-18 00:00:00-04:00,42.7060551429457,42.75906345797115,42.1494796305312,42.20248794555664,2432100,0.0,0.0
2019-10-21 00:00:00-04:00,42.69721125029244,42.69721125029244,40.86846360315094,41.0451545715332,2548100,0.0,0.0
2019-10-22 00:00:00-04:00,41.07166575118053,41.345533586211,40.267724942035606,41.0009880065918,2133000,0.0,0.0
2019-10-23 00:00:00-04:00,40.9479837100352,40.9833225857919,40.25005944939415,40.47975540161133,1884100,0.0,0.0
2019-10-24 00:00:00-04:00,40.62993888808492,40.718282696394546,40.09986592792639,40.1705436706543,1506000,0.0,0.0
2019-10-25 00:00:00-04:00,40.152878372873,41.204184628539636,39.94084849293908,40.76245880126953,1657700,0.0,0.0
2019-10-28 00:00:00-04:00,40.956818530802614,41.2748616601173,40.47092080328319,40.488590240478516,1548700,0.0,0.0
2019-10-29 00:00:00-04:00,40.197043890343444,41.76958650696222,40.197043890343444,41.407371520996094,2023200,0.0,0.0
2019-10-30 00:00:00-04:00,41.327864480090966,41.92861183349112,41.089332145349694,41.55756378173828,3807800,0.0,0.0
2019-10-31 00:00:00-04:00,40.63878205586534,41.08050794777692,38.27113100561119,40.064537048339844,4872100,0.0,0.0
2019-11-01 00:00:00-04:00,40.18821668931401,40.930316203617586,39.74649086818333,40.8773078918457,2666100,0.0,0.0
2019-11-04 00:00:00-05:00,41.31903283070137,42.28199523500839,41.160011268881824,42.06996536254883,2613500,0.0,0.0
2019-11-05 00:00:00-05:00,41.99045757877673,42.750226568344196,41.822602971586534,42.16714859008789,2548000,0.0,0.0
2019-11-06 00:00:00-05:00,42.11413527480846,42.46751725546832,40.98331832885742,40.98331832885742,1629800,0.0,0.0
2019-11-07 00:00:00-05:00,41.28368681659789,41.513386086209124,40.84196108129926,41.195343017578125,1177400,0.0,0.0
2019-11-08 00:00:00-05:00,41.00981564747677,41.433875319051374,40.4355742136485,41.195343017578125,1812100,0.0,0.0
2019-11-11 00:00:00-05:00,40.86846940173607,41.115838140608886,40.329566758353344,41.03632736206055,961800,0.0,0.0
2019-11-12 00:00:00-05:00,41.11583654800705,42.432177489530076,40.93031252861392,42.32616424560547,2890800,0.0,0.0
2019-11-13 00:00:00-05:00,41.90210736943231,41.90210736943231,40.841964833304125,41.3808708190918,1800300,0.0,0.0
2019-11-14 00:00:00-05:00,40.75846491588024,41.300844680123674,40.6784416163718,41.220821380615234,1739500,0.3,0.0
2019-11-15 00:00:00-05:00,41.487577545698706,41.70097420834446,40.78515096294484,40.8385009765625,1251500,0.0,0.0
2019-11-18 00:00:00-05:00,40.57175139447003,40.74958135376744,39.85154158563646,40.12717819213867,1421600,0.0,0.0
2019-11-19 00:00:00-05:00,40.41169897814847,40.90961872262606,40.21608571177578,40.68733215332031,1803900,0.0,0.0
2019-11-20 00:00:00-05:00,40.50061472705801,40.80292461548275,40.064934923984275,40.10049819946289,1691100,0.0,0.0
2019-11-21 00:00:00-05:00,40.118285232901584,40.62509841732002,39.80708534486374,40.36724853515625,1866100,0.0,0.0
2019-11-22 00:00:00-05:00,40.50061520216446,40.74068512153776,39.77151547302666,39.96712875366211,1581000,0.0,0.0
2019-11-25 00:00:00-05:00,40.473937759620654,41.17636411207126,40.41169779338566,41.1585807800293,1813700,0.0,0.0
2019-11-26 00:00:00-05:00,41.211935161936886,41.229718497334964,40.4739453979511,40.65177536010742,1677700,0.0,0.0
2019-11-27 00:00:00-05:00,40.642877553362105,40.891840829893724,40.287221059754714,40.58953094482422,1636700,0.0,0.0
2019-11-29 00:00:00-05:00,40.527295940272026,41.17637242767835,40.527295940272026,41.08745574951172,779000,0.0,0.0
2019-12-02 00:00:00-05:00,40.98074756672181,41.1052274892144,40.47393451553139,40.62508773803711,1686400,0.0,0.0
2019-12-03 00:00:00-05:00,40.03825869727783,40.27832861665113,39.42474894231772,39.96712875366211,1475200,0.0,0.0
2019-12-04 00:00:00-05:00,40.189420189148095,40.76736334613322,39.79819358066481,39.80708694458008,1408300,0.0,0.0
2019-12-05 00:00:00-05:00,39.98490509962072,40.091601692309695,39.35360872930408,39.52254867553711,1361800,0.0,0.0
2019-12-06 00:00:00-05:00,39.91377208435662,40.50060843640593,39.80707549084499,40.31388854980469,2255900,0.0,0.0
2019-12-09 00:00:00-05:00,40.500618462104875,40.71401509377682,40.091611925876734,40.36724853515625,1646600,0.0,0.0
2019-12-10 00:00:00-05:00,39.433633314864714,39.61146323639334,38.82901361676158,39.14021682739258,2176400,0.0,0.0
2019-12-11 00:00:00-05:00,39.06908816638911,40.10049776420356,38.98017489092153,39.620361328125,2835800,0.0,0.0
2019-12-12 00:00:00-05:00,39.51366540029285,40.70512173021895,39.300272160445296,40.36724853515625,2968700,0.0,0.0
2019-12-13 00:00:00-05:00,40.36725022812364,40.81182345357952,39.81597698644468,40.136070251464844,2441700,0.0,0.0
2019-12-16 00:00:00-05:00,40.767354986518676,42.06551111416613,40.66065838418595,41.68317794799805,2631900,0.0,0.0
2019-12-17 00:00:00-05:00,41.68317528528496,41.994375102135955,41.3986487693573,41.7187385559082,2422600,0.0,0.0
2019-12-18 00:00:00-05:00,41.63872154009064,41.64761151040692,40.589528667929486,41.37197494506836,2936300,0.0,0.0
2019-12-19 00:00:00-05:00,41.15858600552812,41.567592518949496,40.94518938575546,41.238609313964844,2002700,0.0,0.0
2019-12-20 00:00:00-05:00,41.487569958996,43.13248940541969,41.28306669859584,42.92798614501953,6009100,0.0,0.0
2019-12-23 00:00:00-05:00,42.80350020059497,42.96354679794402,42.18109714332907,42.45673370361328,1496900,0.0,0.0
2019-12-24 00:00:00-05:00,42.403396201420335,42.874646162168446,42.403396201420335,42.62568283081055,293900,0.0,0.0
2019-12-26 00:00:00-05:00,42.625671481060564,43.13248458977738,42.61678151065496,43.08802795410156,873300,0.0,0.0
2019-12-27 00:00:00-05:00,43.46147403579768,43.46147403579768,42.2700178048842,42.278907775878906,1306400,0.0,0.0
2019-12-30 00:00:00-05:00,42.492314828217445,42.55455481594223,42.03884818413694,42.109981536865234,975400,0.0,0.0
2019-12-31 00:00:00-05:00,41.96770941896744,42.50119588521151,41.932142750064706,42.44784927368164,1016400,0.0,0.0
2020-01-02 00:00:00-05:00,42.84795891486498,42.84795891486498,40.92740304527563,41.25638961791992,2653500,0.0,0.0
2020-01-03 00:00:00-05:00,41.229712640048426,41.976595661539754,40.87405615808642,40.97186279296875,2349600,0.0,0.0
2020-01-06 00:00:00-05:00,40.67845114417698,41.09635107191634,40.029374625835295,40.90073776245117,2283300,0.0,0.0
2020-01-07 00:00:00-05:00,40.66066408258666,41.27417387176013,40.50951082408387,40.52729415893555,1944500,0.0,0.0
2020-01-08 00:00:00-05:00,40.34057269527188,40.838495918559026,40.02937280060771,40.71401596069336,2121500,0.0,0.0
2020-01-09 00:00:00-05:00,40.847381479722216,40.865164813471964,39.82486522779239,40.51839828491211,1762600,0.0,0.0
2020-01-10 00:00:00-05:00,40.45616344558927,40.69623339393369,39.69149695645324,39.80708694458008,2206800,0.0,0.0
2020-01-13 00:00:00-05:00,39.93155541524582,40.40280181242712,39.56700561157615,40.31388854980469,1500900,0.0,0.0
2020-01-14 00:00:00-05:00,40.20719847035908,40.900731528281,40.20719847035908,40.38502502441406,1259800,0.0,0.0
2020-01-15 00:00:00-05:00,40.29611103056968,40.96297077188559,40.27832769711571,40.58953094482422,1268200,0.0,0.0
2020-01-16 00:00:00-05:00,40.438375245153864,40.84738174861826,40.091608714311256,40.80292510986328,1273500,0.0,0.0
2020-01-17 00:00:00-05:00,40.86516852247599,41.19415513896968,40.43837864921801,41.02521514892578,2871600,0.0,0.0
2020-01-21 00:00:00-05:00,40.776248796120825,40.776248796120825,39.30915608269355,39.344722747802734,2183200,0.0,0.0
2020-01-22 00:00:00-05:00,39.131330591693946,39.40696718984838,37.273014526555805,37.975440979003906,5417700,0.0,0.0
2020-01-23 00:00:00-05:00,37.37082308758981,37.948769619490484,36.71285663374001,37.78872299194336,2973400,0.0,0.0
2020-01-24 00:00:00-05:00,37.7709334677722,37.779826829970126,36.37497408319952,36.392757415771484,2503800,0.0,0.0
2020-01-27 00:00:00-05:00,35.49470960261869,35.78812943475513,34.97011667575009,35.05013656616211,2633800,0.0,0.0
2020-01-28 00:00:00-05:00,35.33467672130591,35.70811655261987,34.89899352628221,35.52139663696289,2371600,0.0,0.0
2020-01-29 00:00:00-05:00,35.708120626254775,36.31274047225489,35.6369906753383,35.80592727661133,1912900,0.0,0.0
2020-01-30 00:00:00-05:00,35.60141811097028,36.241601130548794,35.4769381736029,36.17047119140625,1964800,0.0,0.0
2020-01-31 00:00:00-05:00,35.7970245608064,36.00153117184657,35.61919803406055,35.8148078918457,2050800,0.0,0.0
2020-02-03 00:00:00-05:00,35.80592726137447,36.31274045680235,35.04126078635711,35.343570709228516,2850500,0.0,0.0
2020-02-04 00:00:00-05:00,35.81481221922533,36.60615189105936,35.63698567099332,36.51723861694336,2297400,0.0,0.0
2020-02-05 00:00:00-05:00,37.06851126669578,38.01989761952578,36.74842141984372,37.975440979003906,2784800,0.0,0.0
2020-02-06 00:00:00-05:00,38.11770660593588,38.171056612934805,37.49530342491288,37.566436767578125,2801100,0.0,0.0
2020-02-07 00:00:00-05:00,37.23745800383462,37.53087459796202,37.07741135546517,37.49530792236328,1679900,0.0,0.0
2020-02-10 00:00:00-05:00,37.07740454194754,37.85096093903091,36.84622458486333,37.05072784423828,2085300,0.0,0.0
2020-02-11 00:00:00-05:00,37.26413131462124,37.92210124589838,37.12186800405116,37.49530792236328,1929600,0.0,0.0
2020-02-12 00:00:00-05:00,37.521979641698685,37.57532625618698,36.73063986976104,36.99738311767578,2376300,0.0,0.0
2020-02-13 00:00:00-05:00,36.98842580257645,37.08694273936554,35.08974723981282,35.2330436706543,4897000,0.3,0.0
2020-02-14 00:00:00-05:00,34.14040774986614,35.85996841195424,34.03293627612831,34.30161666870117,5653800,0.0,0.0
2020-02-18 00:00:00-05:00,34.04188568528446,34.44490792171527,33.65677934431284,34.17622756958008,5994100,0.0,0.0
2020-02-19 00:00:00-05:00,34.176233804052735,35.85996955648179,34.176233804052735,35.26887130737305,3313100,0.0,0.0
2020-02-20 00:00:00-05:00,35.44797988994003,36.36149224007983,35.27781307815571,35.35841751098633,2972200,0.0,0.0
2020-02-21 00:00:00-05:00,35.671885595349366,35.985345423454625,35.21512594130354,35.24199295043945,2065700,0.0,0.0
2020-02-24 00:00:00-05:00,34.400124268836514,35.19721069749365,33.773201245429625,34.77627944946289,3445100,0.0,0.0
2020-02-25 00:00:00-05:00,34.937493819599695,35.37634107285829,33.52244195324274,33.71051788330078,3288000,0.0,0.0
2020-02-26 00:00:00-05:00,33.970233017190196,34.704627440683055,33.101496733796395,33.19105911254883,3028600,0.0,0.0
2020-02-27 00:00:00-05:00,32.68952277008885,33.74633501241092,32.170071179322946,32.358150482177734,4420200,0.0,0.0
2020-02-28 00:00:00-05:00,31.543158346137638,33.12837705076269,31.50733338393611,33.01194763183594,4338500,0.0,0.0
2020-03-02 00:00:00-05:00,33.388099494967825,34.27474851919448,33.119419111293716,34.2299690246582,4818900,0.0,0.0
2020-03-03 00:00:00-05:00,33.87172471401118,34.93749166851103,33.34331850272249,34.15831756591797,4247000,0.0,0.0
2020-03-04 00:00:00-05:00,34.489681694765515,34.8747913883661,34.07770499534109,34.704627990722656,3329000,0.0,0.0
2020-03-05 00:00:00-05:00,33.68364511667421,34.238918279540776,33.51347828062613,34.02397537231445,3076700,0.0,0.0
2020-03-06 00:00:00-05:00,33.316451627309746,33.576177468059406,32.32233117347619,32.99403381347656,3800800,0.0,0.0
2020-03-09 00:00:00-04:00,30.817713252788394,31.17595598396763,27.880133448131915,27.915958404541016,4896900,0.0,0.0
2020-03-10 00:00:00-04:00,29.23249696040708,29.42953081873275,26.259093688277094,27.521894454956055,6353500,0.0,0.0
2020-03-11 00:00:00-04:00,26.903921494168035,27.0830411128681,24.98732944566156,25.38139533996582,5032900,0.0,0.0
2020-03-12 00:00:00-04:00,23.19612663934726,24.082773759116012,21.360140438042436,21.870634078979492,3919300,0.0,0.0
2020-03-13 00:00:00-04:00,22.92744375306531,24.80821093705387,20.8048632793723,24.790298461914062,4126900,0.0,0.0
2020-03-16 00:00:00-04:00,21.49448013305664,23.71557600349782,21.324315020366157,21.49448013305664,4077900,0.0,0.0
2020-03-17 00:00:00-04:00,22.28261438056521,22.7751973316557,20.500363616378575,21.62882423400879,4179700,0.0,0.0
2020-03-18 00:00:00-04:00,19.962997161881844,21.046676268973336,17.67025162350809,18.93305206298828,4980100,0.0,0.0
2020-03-19 00:00:00-04:00,18.84349573343725,21.40492021122326,18.28822089216098,20.580965042114258,3167000,0.0,0.0
2020-03-20 00:00:00-04:00,21.07354848144044,21.763161796752396,19.66744971757145,19.927175521850586,4254900,0.0,0.0
2020-03-23 00:00:00-04:00,19.86448343032102,20.518273493953778,19.1927808889435,19.739099502563477,2874000,0.0,0.0
2020-03-24 00:00:00-04:00,20.72426414480871,23.088658512341844,20.17794717927419,22.945362091064453,3700700,0.0,0.0
2020-03-25 00:00:00-04:00,23.285691313629524,25.873984916857648,22.62294491969052,24.199207305908203,4271400,0.0,0.0
2020-03-26 00:00:00-04:00,24.476843142752053,25.936676069655746,24.04695388052339,25.300798416137695,3507800,0.0,0.0
2020-03-27 00:00:00-04:00,24.306675142427586,24.306675142427586,22.757281707815885,22.882665634155273,2497800,0.0,0.0
2020-03-30 00:00:00-04:00,22.846844866492823,24.11860187011547,22.479647578171953,23.840965270996094,3062400,0.0,0.0
2020-03-31 00:00:00-04:00,23.7872271358401,25.076896581175845,23.7872271358401,24.360414505004883,3959000,0.0,0.0
2020-04-01 00:00:00-04:00,23.205081927661116,23.939476378109315,22.909532899841043,23.15134620666504,4352000,0.0,0.0
2020-04-02 00:00:00-04:00,23.285690091331567,25.256018397735456,22.622943732181035,23.017009735107422,3539600,0.0,0.0
2020-04-03 00:00:00-04:00,23.45585397350348,23.608106622748366,22.7841514106398,23.079700469970703,2670200,0.0,0.0
2020-04-06 00:00:00-04:00,24.3962379736126,25.050028087513716,24.181293348832565,24.62909507751465,4857700,0.0,0.0
2020-04-07 00:00:00-04:00,26.07997415411703,27.217389278294007,25.282885893338488,25.936676025390625,5101400,0.0,0.0
2020-04-08 00:00:00-04:00,25.99041131065106,26.86810224053379,25.99041131065106,26.72480583190918,2977500,0.0,0.0
2020-04-09 00:00:00-04:00,27.486068398858958,28.81155929213964,27.083046191805995,27.772661209106445,4559500,0.0,0.0
2020-04-13 00:00:00-04:00,27.33381711345132,27.817442077724454,26.277004791966352,26.787498474121094,3892400,0.0,0.0
2020-04-14 00:00:00-04:00,27.289033418612654,27.745791331414992,26.24117743235501,26.912879943847656,2393200,0.0,0.0
2020-04-15 00:00:00-04:00,25.676949315831944,25.86502520819422,24.71865395975085,25.184368133544922,2585200,0.0,0.0
2020-04-16 00:00:00-04:00,25.103762284807477,25.390355080857795,23.78722427913808,24.109642028808594,3233100,0.0,0.0
2020-04-17 00:00:00-04:00,25.103768917485322,25.856076059998717,24.826130578257292,25.336626052856445,5346800,0.0,0.0
2020-04-20 00:00:00-04:00,24.52162124939408,25.506785367559612,24.208161414356486,24.673873901367188,3636300,0.0,0.0
2020-04-21 00:00:00-04:00,23.82304922203336,24.458926774455268,23.590192148290352,24.055906295776367,2592100,0.0,0.0
2020-04-22 00:00:00-04:00,24.772392534122268,24.772392534122268,23.787228348013215,24.45893096923828,3398700,0.0,0.0
2020-04-23 00:00:00-04:00,24.933600141753637,25.74859914319298,24.620138593147423,24.942556381225586,2631000,0.0,0.0
2020-04-24 00:00:00-04:00,25.28288120552783,25.48886955827246,24.58431171218035,25.076892852783203,2659300,0.0,0.0
2020-04-27 00:00:00-04:00,24.996293295440378,25.66799591364439,24.88882183313547,25.40827178955078,1503700,0.0,0.0
2020-04-28 00:00:00-04:00,25.972500917622405,26.088928618391392,24.799260837233668,25.112722396850586,2879600,0.0,0.0
2020-04-29 00:00:00-04:00,26.097882539668838,26.581509195809144,25.75755399915478,25.981454849243164,3109200,0.0,0.0
2020-04-30 00:00:00-04:00,25.650082472276832,25.650082472276832,24.441019171417626,24.62909507751465,3258100,0.0,0.0
2020-05-01 00:00:00-04:00,24.163384549596014,24.235032768767464,23.276737196763726,23.832012176513672,2404500,0.0,0.0
2020-05-04 00:00:00-04:00,23.2409099028612,23.5812384577317,22.79310818379434,23.53645896911621,2530400,0.0,0.0
2020-05-05 00:00:00-04:00,24.136514872645357,25.18437103008559,23.975305970234846,24.45893096923828,2488600,0.0,0.0
2020-05-06 00:00:00-04:00,24.521618698427343,24.82612397069609,23.509587675812597,23.52750015258789,1400100,0.0,0.0
2020-05-07 00:00:00-04:00,25.256018970567016,25.82920465456724,24.54849139717967,24.664920806884766,3241800,0.0,0.0
2020-05-08 00:00:00-04:00,25.166459035262303,26.151623240359115,25.130634074823664,25.999370574951172,1875200,0.0,0.0
2020-05-11 00:00:00-04:00,23.885737969862124,24.727605475816425,23.599145212488974,24.593263626098633,2805900,0.0,0.0
2020-05-12 00:00:00-04:00,24.52161845503679,24.94255311393913,23.330466092947574,23.366291046142578,2324600,0.0,0.0
2020-05-13 00:00:00-04:00,23.303601344552263,23.5812379258072,21.85272305588294,22.02288818359375,2611600,0.0,0.0
2020-05-14 00:00:00-04:00,21.497018489592634,22.349283763364703,20.898619945906567,22.33115005493164,5888300,0.3,0.0
2020-05-15 00:00:00-04:00,22.14075430491641,22.51248673154392,21.87782068498064,22.503419876098633,3761800,0.0,0.0
2020-05-18 00:00:00-04:00,23.65488494720646,24.43461723442056,23.537017553902714,23.926883697509766,4787200,0.0,0.0
2020-05-19 00:00:00-04:00,24.090081166882463,25.241545768346665,23.410082631591496,24.65221405029297,3498300,0.0,0.0
2020-05-20 00:00:00-04:00,24.933285438152502,25.35941733035626,24.71568606366594,24.942352294921875,2607400,0.0,0.0
2020-05-21 00:00:00-04:00,24.933284630530054,25.25968454635042,24.76101781614419,25.1146183013916,2005800,0.0,0.0
2020-05-22 00:00:00-04:00,25.069278624506737,25.187146004001388,24.724746799198776,25.01487922668457,1487200,0.0,0.0
2020-05-26 00:00:00-04:00,25.613281988414883,26.72847933782799,25.613281988414883,26.43834686279297,2787200,0.0,0.0
2020-05-27 00:00:00-04:00,27.245277869320468,27.526345216063294,26.773813464748073,27.172744750976562,1832400,0.0,0.0
2020-05-28 00:00:00-04:00,27.55354372896958,27.589811152375876,26.37488013747981,26.510879516601562,1817400,0.0,0.0
2020-05-29 00:00:00-04:00,26.2116830789152,26.99141547480543,26.003150559329807,26.62874984741211,2673000,0.0,0.0
2020-06-01 00:00:00-04:00,26.519946554273833,27.163677760215652,26.22981408233803,26.82821273803711,1628100,0.0,0.0
2020-06-02 00:00:00-04:00,26.982343132637858,28.215407744428067,26.982343132637858,28.025007247924805,3898000,0.0,0.0
2020-06-03 00:00:00-04:00,28.4783425364728,29.303407403987443,28.469275680537635,28.93167495727539,2322300,0.0,0.0
2020-06-04 00:00:00-04:00,28.70500586905121,29.076738278495192,28.1247409819827,28.786605834960938,1781200,0.0,0.0
2020-06-05 00:00:00-04:00,30.065004105387896,30.400469107115658,29.511938033647848,29.666072845458984,2757800,0.0,0.0
2020-06-08 00:00:00-04:00,30.282610770600535,30.871940914021145,29.675143454455117,29.901809692382812,2610200,0.0,0.0
2020-06-09 00:00:00-04:00,29.158340615308116,29.37594169497801,28.569008825294095,28.94980812072754,2126200,0.0,0.0
2020-06-10 00:00:00-04:00,28.895404199430477,28.94980359618295,27.970605808010216,27.997804641723633,2391200,0.0,0.0
2020-06-11 00:00:00-04:00,26.519944434744275,26.9370093974878,25.105547882435804,25.513545989990234,2749600,0.0,0.0
2020-06-12 00:00:00-04:00,26.71940917175594,26.95514221085024,25.776478744704487,26.655942916870117,1649900,0.0,0.0
2020-06-15 00:00:00-04:00,25.694880745970437,26.9370105620379,25.431947122096872,26.68314552307129,1625700,0.0,0.0
2020-06-16 00:00:00-04:00,28.197276972647572,28.197276972647572,27.027678494707796,27.934343338012695,2284300,0.0,0.0
2020-06-17 00:00:00-04:00,28.17007246881609,28.17007246881609,27.22714206277648,27.40847396850586,1527300,0.0,0.0
2020-06-18 00:00:00-04:00,27.082079103770404,27.671410894592988,26.86447802380196,27.19087791442871,1827900,0.0,0.0
2020-06-19 00:00:00-04:00,27.861806795594887,27.861806795594887,26.86447524466315,27.100208282470703,2920900,0.0,0.0
2020-06-22 00:00:00-04:00,26.8463432588321,27.46287555307587,26.429276583003652,27.335941314697266,1782700,0.0,0.0
2020-06-23 00:00:00-04:00,27.698608591860538,27.743942868872722,26.755678111243054,27.01861000061035,2538400,0.0,0.0
2020-06-24 00:00:00-04:00,26.465540382395446,26.565272313298923,25.1962102775083,25.24154281616211,2011500,0.0,0.0
2020-06-25 00:00:00-04:00,25.005812961355907,25.305012250416183,24.452746927601023,24.969547271728516,3506700,0.0,0.0
2020-06-26 00:00:00-04:00,24.751945992005478,25.19621322352017,24.65221404944106,24.88794708251953,3512800,0.0,0.0
2020-06-29 00:00:00-04:00,25.141818589133244,25.341285984431288,24.779152955854276,24.978618621826172,2023500,0.0,0.0
2020-06-30 00:00:00-04:00,24.742882321501042,25.68581277993142,24.443681288238338,25.513545989990234,2901900,0.0,0.0
2020-07-01 00:00:00-04:00,25.595147639720192,26.48367875474443,25.540748234335787,25.8762149810791,2582000,0.0,0.0
2020-07-02 00:00:00-04:00,26.492747324819284,27.100212867118348,26.311415385362356,26.637813568115234,1956800,0.0,0.0
2020-07-06 00:00:00-04:00,27.263413121701237,27.517279914912095,26.556215610220928,26.98234748840332,2037000,0.0,0.0
2020-07-07 00:00:00-04:00,26.601544981112195,27.018609952933282,26.2751451045038,26.49274444580078,1758100,0.0,0.0
2020-07-08 00:00:00-04:00,26.45647657589117,26.610609646121905,25.06927894381457,25.15087890625,2460100,0.0,0.0
2020-07-09 00:00:00-04:00,25.323151532915254,25.359417230523864,24.10822039982019,24.389286041259766,2232900,0.0,0.0
2020-07-10 00:00:00-04:00,24.18981694807178,25.53168042634849,24.18981694807178,25.49541473388672,1781800,0.0,0.0
2020-07-13 00:00:00-04:00,26.674076841910935,27.390341090535873,26.5199437662333,26.973276138305664,2843400,0.0,0.0
2020-07-14 00:00:00-04:00,26.819141481066435,27.263406971979315,26.356742281301848,26.8735408782959,2529900,0.0,0.0
2020-07-15 00:00:00-04:00,27.55354239034695,28.278875259300964,27.444743584065648,27.780208587646484,2135400,0.0,0.0
2020-07-16 00:00:00-04:00,27.626078421766714,27.77114466501209,27.036746592416602,27.163679122924805,2439100,0.0,0.0
2020-07-17 00:00:00-04:00,27.272479418662396,27.988745501245198,27.263412562377372,27.52634620666504,1888500,0.0,0.0
2020-07-20 00:00:00-04:00,27.381279135982755,27.51727851748968,26.365813744034213,26.43834686279297,1619100,0.0,0.0
2020-07-21 00:00:00-04:00,26.601545028053312,27.308744185510808,26.601545028053312,27.01861000061035,2018400,0.0,0.0
2020-07-22 00:00:00-04:00,26.80100853919474,27.471940221977427,26.646875468195628,27.40847396850586,1583800,0.0,0.0
2020-07-23 00:00:00-04:00,27.3450099242053,28.0794079197907,26.90074438468693,27.544475555419922,1921700,0.0,0.0
2020-07-24 00:00:00-04:00,27.644209128172825,28.088474665963304,27.354076673234214,27.72580909729004,1553300,0.0,0.0
2020-07-27 00:00:00-04:00,27.689541489931376,28.78660497545505,27.662340925665024,28.433006286621094,2389600,0.0,0.0
2020-07-28 00:00:00-04:00,28.13380999738435,28.215409969560085,27.227145177054766,27.399410247802734,2715400,0.0,0.0
2020-07-29 00:00:00-04:00,27.635140361398676,28.541805085035055,27.52634156298471,28.433006286621094,2463700,0.0,0.0
2020-07-30 00:00:00-04:00,27.907144499482154,28.22447581117811,27.290612129342673,27.934343338012695,2369300,0.0,0.0
2020-07-31 00:00:00-04:00,27.870877007871197,28.632475612740627,27.707677059781187,28.40580940246582,8099900,0.0,0.0
2020-08-03 00:00:00-04:00,28.496476578446952,28.958875860541156,28.451142298245973,28.514610290527344,3977400,0.0,0.0
2020-08-04 00:00:00-04:00,28.958872282230658,29.774870202433682,28.7956723523249,29.357805252075195,3885800,0.0,0.0
2020-08-05 00:00:00-04:00,29.79300489996088,30.10127106015223,29.58447241786844,29.847402572631836,3937500,0.0,0.0
2020-08-06 00:00:00-04:00,30.654339622477938,31.26180340783917,30.22820603900537,30.27353858947754,3692200,0.0,0.0
2020-08-07 00:00:00-04:00,31.053263241391804,31.053263241391804,29.62980006439089,30.037799835205078,4069100,0.0,0.0
2020-08-10 00:00:00-04:00,30.46393644047548,31.86020108748232,30.32793879323827,31.624469757080078,4003100,0.0,0.0
2020-08-11 00:00:00-04:00,32.34072482843122,32.7487245927676,31.84205998697608,32.177528381347656,3023500,0.0,0.0
2020-08-12 00:00:00-04:00,32.55833341098574,32.73966706595381,31.36153613030896,31.624469757080078,2317600,0.0,0.0
2020-08-13 00:00:00-04:00,31.361531722425322,31.887395443405275,31.216465510570373,31.696996688842773,1818700,0.0,0.0
2020-08-14 00:00:00-04:00,31.678713199754938,32.11767879162681,31.532391335797648,32.099388122558594,2245100,0.3,0.0
2020-08-17 00:00:00-04:00,32.17254235531858,32.44689534216247,31.36777057046736,31.440933227539062,1969300,0.0,0.0
2020-08-18 00:00:00-04:00,31.395212578384232,31.898193704060873,31.03854980956351,31.541534423828125,2002200,0.0,0.0
2020-08-19 00:00:00-04:00,31.413499167340575,31.66041793100604,30.544715188643597,30.709327697753906,1955900,0.0,0.0
2020-08-20 00:00:00-04:00,30.297792965386687,30.498983295757746,29.9868586490814,30.270355224609375,1982700,0.0,0.0
2020-08-21 00:00:00-04:00,30.02344440120714,30.114894247705177,29.456444189437633,29.602766036987305,1895900,0.0,0.0
2020-08-24 00:00:00-04:00,29.895410046771175,30.864794477359197,29.831394455831106,30.70018196105957,1793700,0.0,0.0
2020-08-25 00:00:00-04:00,30.93796334645773,31.239750694429368,30.38925368596303,30.57215690612793,1632700,0.0,0.0
2020-08-26 00:00:00-04:00,30.563002712094654,30.691037378418958,29.922846823412897,30.62702178955078,2238600,0.0,0.0
2020-08-27 00:00:00-04:00,30.65445406254416,30.691035393413703,30.096600976840673,30.398391723632812,2331000,0.0,0.0
2020-08-28 00:00:00-04:00,30.56300510991865,30.608733524344647,29.867977166855123,30.37095832824707,1489000,0.0,0.0
2020-08-31 00:00:00-04:00,30.425835076235572,30.471560009202527,29.831400481898857,29.840547561645508,1591900,0.0,0.0
2020-09-01 00:00:00-04:00,29.611918583225577,30.55386543273926,29.38329043617168,30.553865432739258,1670600,0.0,0.0
2020-09-02 00:00:00-04:00,30.654457247084416,31.07513213002282,30.252073031480908,31.065988540649414,2100500,0.0,0.0
2020-09-03 00:00:00-04:00,31.12085827546886,31.24888946324991,29.913702092692898,30.37095832824707,2109500,0.0,0.0
2020-09-04 00:00:00-04:00,30.67275191803465,30.87394230780309,29.986867502096064,30.34352684020996,2047400,0.0,0.0
2020-09-08 00:00:00-04:00,29.785667334622108,29.94113625014096,28.83457538570598,29.282686233520508,2436100,0.0,0.0
2020-09-09 00:00:00-04:00,29.47473167235207,29.639344169136162,29.099781760474453,29.566184997558594,1368600,0.0,0.0
2020-09-10 00:00:00-04:00,29.73994359206124,29.941137435904913,29.374137237543273,29.493024826049805,1791700,0.0,0.0
2020-09-11 00:00:00-04:00,29.68507250335408,30.654456930565928,29.62105691263696,30.51727867126465,2115700,0.0,0.0
2020-09-14 00:00:00-04:00,30.636168959051844,30.91052201320628,30.242928302281424,30.809925079345703,1554000,0.0,0.0
2020-09-15 00:00:00-04:00,30.8099224831409,30.855650895470287,30.15147590637207,30.15147590637207,1647900,0.0,0.0
2020-09-16 00:00:00-04:00,30.252071919401775,30.800777964925715,29.85883130762737,30.498987197875977,1928600,0.0,0.0
2020-09-17 00:00:00-04:00,29.593620089248187,31.761013373526612,29.447298253359932,31.678707122802734,3444400,0.0,0.0
2020-09-18 00:00:00-04:00,31.980498375789136,32.58407639441637,30.80077659301251,31.102563858032227,6327200,0.0,0.0
2020-09-21 00:00:00-04:00,30.361812598028127,30.398393931554676,28.432190861852387,28.907737731933594,2825000,0.0,0.0
2020-09-22 00:00:00-04:00,28.779708131209365,29.00833625926112,28.47791907195281,28.578516006469727,2094400,0.0,0.0
2020-09-23 00:00:00-04:00,28.487061297919603,29.20952694098987,28.258433194815442,28.276723861694336,2006400,0.0,0.0
2020-09-24 00:00:00-04:00,28.121261256479716,28.432195666826612,27.545119110421812,28.066390991210938,1910100,0.0,0.0
2020-09-25 00:00:00-04:00,27.801180689938896,27.96579322517675,27.407940021158296,27.81947135925293,2000300,0.0,0.0
2020-09-28 00:00:00-04:00,28.487062515501773,28.80714222238711,28.24928906879535,28.304161071777344,1434200,0.0,0.0
2020-09-29 00:00:00-04:00,28.258436551501678,28.258436551501678,27.225038170207718,27.307344436645508,1600500,0.0,0.0
2020-09-30 00:00:00-04:00,27.471955070333085,28.42304711943847,27.426228400865366,28.08467674255371,2333800,0.0,0.0
2020-10-01 00:00:00-04:00,28.002372864535673,28.249289908114545,27.225036908802604,27.325632095336914,1981100,0.0,0.0
2020-10-02 00:00:00-04:00,26.968972566449136,28.212710085458777,26.795214708518294,27.956645965576172,1552800,0.0,0.0
2020-10-05 00:00:00-04:00,28.121259096882238,29.054062256287462,28.09382309420768,28.834579467773438,1586300,0.0,0.0
2020-10-06 00:00:00-04:00,29.191239155092973,29.83139686038755,28.57851570853032,28.615097045898438,1561100,0.0,0.0
2020-10-07 00:00:00-04:00,28.935173407423616,29.145512596933113,28.28587040411668,28.304161071777344,2115100,0.0,0.0
2020-10-08 00:00:00-04:00,28.66081901949287,29.13636589050293,28.45048158418634,29.13636589050293,1239200,0.0,0.0
2020-10-09 00:00:00-04:00,29.22781827790316,29.520461994962925,28.32245112413921,28.651676177978516,1865100,0.0,0.0
2020-10-12 00:00:00-04:00,28.459628759561763,28.505353685224698,26.877520864930208,26.996408462524414,3649500,0.0,0.0
2020-10-13 00:00:00-04:00,26.859229292590104,27.398789990523017,26.68547145247622,26.932390213012695,2173100,0.0,0.0
2020-10-14 00:00:00-04:00,26.795212317809618,27.883482549845965,26.575729553618867,27.261613845825195,2120000,0.0,0.0
2020-10-15 00:00:00-04:00,26.86837134581314,27.298193254988018,26.676324594789854,27.124435424804688,1166500,0.0,0.0
2020-10-16 00:00:00-04:00,27.234182280620445,27.325632133179347,26.658038441452234,26.776926040649414,1736500,0.0,0.0
2020-10-19 00:00:00-04:00,26.776925845809945,26.978117961987362,26.35624920106466,26.41111946105957,1515800,0.0,0.0
2020-10-20 00:00:00-04:00,26.667178714362898,26.74948496148019,25.64292590802699,25.66121482849121,2007300,0.0,0.0
2020-10-21 00:00:00-04:00,25.478318649050436,25.597204505818507,24.582095078984196,24.92046546936035,3455000,0.0,0.0
2020-10-22 00:00:00-04:00,25.021063247845863,25.615496040371767,24.97533657500897,25.53318977355957,2552000,0.0,0.0
2020-10-23 00:00:00-04:00,25.69779875815216,26.00873311332414,25.17652696986207,25.222251892089844,1629300,0.0,0.0
2020-10-26 00:00:00-04:00,24.92046269093125,24.92046269093125,24.17970814154808,24.536367416381836,1987900,0.0,0.0
2020-10-27 00:00:00-04:00,24.417482568791634,24.65525426551623,23.868774762155883,23.92364501953125,3015200,0.0,0.0
2020-10-28 00:00:00-04:00,23.30177991296168,23.978519006840173,23.137167370935554,23.512117385864258,2833900,0.0,0.0
2020-10-29 00:00:00-04:00,23.32006605494289,24.60038305812018,23.310920721684504,24.490642547607422,2491000,0.0,0.0
2020-10-30 00:00:00-04:00,24.399192251339375,25.26797802536413,24.161418806912184,25.24968910217285,3016800,0.0,0.0
2020-11-02 00:00:00-05:00,25.615494120884435,25.871558236700327,25.286269078306013,25.670364379882812,2695500,0.0,0.0
2020-11-03 00:00:00-05:00,25.578910685426756,25.633782684214438,24.399190620194656,24.710124969482422,3184400,0.0,0.0
2020-11-04 00:00:00-05:00,24.85644627615174,24.91131652946482,23.823046330374265,24.38089942932129,1953100,0.0,0.0
2020-11-05 00:00:00-05:00,23.74074317660121,25.62464014391658,23.74074317660121,25.002771377563477,3778300,0.0,0.0
2020-11-06 00:00:00-05:00,25.021057823926593,25.871554567090723,24.7467030792609,24.993621826171875,2970600,0.0,0.0
2020-11-09 00:00:00-05:00,26.63060131097833,27.901772962812846,25.944717025002483,26.484277725219727,3954300,0.0,0.0
2020-11-10 00:00:00-05:00,26.822650342180058,27.764598802526557,26.4111190380738,27.53597068786621,3732600,0.0,0.0
2020-11-11 00:00:00-05:00,27.8011779743201,28.807142012504464,27.764598383559356,27.9383544921875,3968700,0.0,0.0
2020-11-12 00:00:00-05:00,27.59083817485186,27.8834818531273,27.18845224507617,27.56340217590332,2638700,0.0,0.0
2020-11-13 00:00:00-05:00,27.905173943778262,28.58871833908139,27.905173943778262,28.533294677734375,2732000,0.3,0.0
2020-11-16 00:00:00-05:00,29.37387066886247,30.057415138030013,28.77346170069914,29.928096771240234,4326700,0.0,0.0
2020-11-17 00:00:00-05:00,29.660222981820755,30.103601779182465,29.29997616736248,29.761831283569336,3007900,0.0,0.0
2020-11-18 00:00:00-05:00,30.02046784880351,30.740957949603132,29.817251246563025,29.97428321838379,3256700,0.0,0.0
2020-11-19 00:00:00-05:00,30.020466176154763,30.205208211201807,29.457004554908828,29.69717025756836,2743900,0.0,0.0
2020-11-20 00:00:00-05:00,29.854195967086834,31.10119842322032,29.76182671984025,30.944169998168945,2933400,0.0,0.0
2020-11-23 00:00:00-05:00,31.433737635737995,33.336574691867554,31.433737635737995,33.08717346191406,4581300,0.0,0.0
2020-11-24 00:00:00-05:00,33.4658879268487,35.81210341255512,33.4658879268487,35.70125961303711,6318500,0.0,0.0
2020-11-25 00:00:00-05:00,35.32254005017232,35.756679732924155,34.47272819120077,35.257877349853516,3442500,0.0,0.0
2020-11-27 00:00:00-05:00,35.618125742176765,36.40327489813281,35.35948551277244,35.812103271484375,2427000,0.0,0.0
2020-11-30 00:00:00-05:00,35.461102298965514,35.50728693268427,34.25104868669028,34.454261779785156,3320300,0.0,0.0
2020-12-01 00:00:00-05:00,35.008480159057456,35.23940679988591,34.53738783851732,34.63899612426758,2424300,0.0,0.0
2020-12-02 00:00:00-05:00,34.481967409472745,35.33177574920758,34.408069193672745,34.9622917175293,2798800,0.0,0.0
2020-12-03 00:00:00-05:00,35.17475119341087,35.71049922222022,34.93458548931671,35.2209358215332,2267300,0.0,0.0
2020-12-04 00:00:00-05:00,35.461097058723645,36.85589604708172,35.28559406706253,36.55107116699219,2861600,0.0,0.0
2020-12-07 00:00:00-05:00,36.26472558610092,36.36633389275526,35.10085662729132,35.350257873535156,1981100,0.0,0.0
2020-12-08 00:00:00-05:00,35.05467182227521,35.75668740096377,35.008487189566765,35.58118438720703,1624500,0.0,0.0
2020-12-09 00:00:00-05:00,35.94142535160215,36.4125141892971,35.6088903962122,36.07998275756836,1778700,0.0,0.0
2020-12-10 00:00:00-05:00,35.64583565717221,36.33861556484698,35.60888654975096,36.126163482666016,1793700,0.0,0.0
2020-12-11 00:00:00-05:00,35.710498328669054,36.44946293111976,35.673549217631226,36.366329193115234,1696700,0.0,0.0
2020-12-14 00:00:00-05:00,36.63419755313687,37.00368154146221,35.82133489301741,35.85828399658203,2477900,0.0,0.0
2020-12-15 00:00:00-05:00,36.394039440256854,36.40327495533613,35.119323416005074,35.42414474487305,2553900,0.0,0.0
2020-12-16 00:00:00-05:00,35.608883178221916,35.608883178221916,34.2417980460217,34.89762878417969,2179400,0.0,0.0
2020-12-17 00:00:00-05:00,35.21170100443529,35.24865012082874,34.592819161322524,34.67595291137695,1855700,0.0,0.0
2020-12-18 00:00:00-05:00,34.629760491741074,34.842212577744284,34.14943265760564,34.768314361572266,4424600,0.0,0.0
2020-12-21 00:00:00-05:00,34.07554210279923,34.777561219628105,33.8630899690294,34.67595291137695,1692300,0.0,0.0
2020-12-22 00:00:00-05:00,34.74060518274996,34.74060518274996,33.447414555881956,33.4566535949707,1723700,0.0,0.0
2020-12-23 00:00:00-05:00,33.724525479525276,34.26027698401216,33.530547944588,33.964691162109375,1263800,0.0,0.0
2020-12-24 00:00:00-05:00,33.90927515672586,34.075542659551324,33.61368926807209,34.00164794921875,255800,0.0,0.0
2020-12-28 00:00:00-05:00,34.18638615797822,35.62736999404811,34.18638615797822,34.36189270019531,1606300,0.0,0.0
2020-12-29 00:00:00-05:00,34.472732855209784,34.8884015640068,33.84461203384127,34.13096237182617,1073100,0.0,0.0
2020-12-30 00:00:00-05:00,34.03858530703081,35.34101141493806,34.03858530703081,35.07313919067383,1388200,0.0,0.0
2020-12-31 00:00:00-05:00,35.03618955690722,36.209297292672126,34.712893675407805,35.75667953491211,1556400,0.0,0.0
2021-01-04 00:00:00-05:00,36.02455534469499,36.578777863610576,35.15627245875101,35.59041213989258,2668100,0.0,0.0
2021-01-05 00:00:00-05:00,35.747450788556634,37.400886663952335,35.747450788556634,37.0129280090332,2632200,0.0,0.0
2021-01-06 00:00:00-05:00,37.761126470598036,39.99649473205911,37.26232406519959,39.4422721862793,4689000,0.0,0.0
2021-01-07 00:00:00-05:00,40.18123669326668,40.62461543393927,39.33142832122614,39.50693130493164,3248200,0.0,0.0
2021-01-08 00:00:00-05:00,39.76557157277724,39.95954912845223,38.924998641190975,39.86717987060547,3449300,0.0,0.0
2021-01-11 00:00:00-05:00,38.94347328465695,40.144291257659134,38.703311099521045,39.82099533081055,2159500,0.0,0.0
2021-01-12 00:00:00-05:00,40.199713451531224,42.453556387746836,39.67320094789208,42.250343322753906,3698600,0.0,0.0
2021-01-13 00:00:00-05:00,42.67523995927172,43.4142044364364,41.539081414944675,41.83466720581055,2976800,0.0,0.0
2021-01-14 00:00:00-05:00,41.90856175920934,42.444313205747896,41.834667073556766,41.843902587890625,2216200,0.0,0.0
2021-01-15 00:00:00-05:00,41.72382737705355,42.18568069859895,40.94791717957205,42.084075927734375,2531500,0.0,0.0
2021-01-19 00:00:00-05:00,42.472031393040425,42.66600894408497,41.10494597230643,41.55756378173828,2465300,0.0,0.0
2021-01-20 00:00:00-05:00,41.77924797290029,41.89933081429976,40.40292714912076,40.7631721496582,1766200,0.0,0.0
2021-01-21 00:00:00-05:00,40.93867533172831,41.16036646127427,39.922599503490005,40.144287109375,1742600,0.0,0.0
2021-01-22 00:00:00-05:00,39.52540560701835,40.39368852816292,39.30371447626815,40.0888671875,1457300,0.0,0.0
2021-01-25 00:00:00-05:00,39.747089378246734,40.32902545710191,38.93423019915132,40.15352249145508,2102600,0.0,0.0
2021-01-26 00:00:00-05:00,40.59689774652427,40.86477345322937,38.694061258300245,38.77719497680664,2150400,0.0,0.0
2021-01-27 00:00:00-05:00,37.96434053147923,38.55551572595806,36.828181815939956,37.76112747192383,3581200,0.0,0.0
2021-01-28 00:00:00-05:00,38.33382758671498,39.16516501613239,38.03824172818021,38.98042297363281,3499000,0.0,0.0
2021-01-29 00:00:00-05:00,38.83261896969376,39.691666227213,37.87196344159434,38.22297286987305,4684900,0.0,0.0
2021-02-01 00:00:00-05:00,38.69406475196149,40.014965329903966,38.684829237364845,39.69166946411133,2131800,0.0,0.0
2021-02-02 00:00:00-05:00,40.319793833686845,40.49529681627089,39.405322764376116,40.0888671875,1786200,0.0,0.0
2021-02-03 00:00:00-05:00,40.24589576154405,40.84630645327225,39.42379746192244,39.53464126586914,1992700,0.0,0.0
2021-02-04 00:00:00-05:00,39.46074252024612,40.34749990811082,39.082022998950116,39.876407623291016,1774700,0.0,0.0
2021-02-05 00:00:00-05:00,40.3567471202718,41.289692922148504,39.48846403343493,39.84870910644531,1217100,0.0,0.0
2021-02-08 00:00:00-05:00,40.347503580386984,41.031044474373246,40.0242076877801,40.615379333496094,1443800,0.0,0.0
2021-02-09 00:00:00-05:00,40.680034717483395,40.855537682290795,40.08886312691044,40.63385009765625,1431900,0.0,0.0
2021-02-10 00:00:00-05:00,41.03104098340546,41.03104098340546,38.934230332049644,39.941070556640625,1939900,0.0,0.0
2021-02-11 00:00:00-05:00,40.16276572410868,40.1812402804103,39.19287442207242,39.86717987060547,1444400,0.0,0.0
2021-02-12 00:00:00-05:00,39.6067306708509,41.29964364957607,39.54161535783066,41.26243591308594,1494400,0.3,0.0
2021-02-16 00:00:00-05:00,41.48566539588307,42.37863311822839,40.815944039529334,42.08097839355469,2338600,0.0,0.0
2021-02-17 00:00:00-05:00,41.75542784705473,42.27632553595282,41.011290826004036,41.91355895996094,1804700,0.0,0.0
2021-02-18 00:00:00-05:00,42.183306453702656,43.47624874947811,39.85787603071298,40.8066520690918,3421500,0.0,0.0
2021-02-19 00:00:00-05:00,41.383355206303776,42.64838618743851,40.9926811082885,42.56467056274414,2241400,0.0,0.0
2021-02-22 00:00:00-05:00,42.67629205290415,44.13666179875083,42.15539445917669,43.59716033935547,2543000,0.0,0.0
2021-02-23 00:00:00-05:00,43.587865611820924,43.71808913939777,41.58799415739082,43.48554611206055,1566900,0.0,0.0
2021-02-24 00:00:00-05:00,43.401824041411054,45.46680695327917,43.401824041411054,45.215660095214844,2143300,0.0,0.0
2021-02-25 00:00:00-05:00,45.18776099040184,45.20636130932809,43.039062225284724,43.40182876586914,1496700,0.0,0.0
2021-02-26 00:00:00-05:00,43.29020957653875,43.29020957653875,41.308942047036055,42.11819076538086,2101100,0.0,0.0
2021-03-01 00:00:00-05:00,42.87163959404611,43.68088846650189,42.46236507715107,42.694908142089844,1645700,0.0,0.0
2021-03-02 00:00:00-05:00,42.71350268876349,43.09487667008379,42.20190872474432,42.797218322753906,1868200,0.0,0.0
2021-03-03 00:00:00-05:00,42.94604387268187,44.47152908728911,42.94604387268187,43.643672943115234,2470600,0.0,0.0
2021-03-04 00:00:00-05:00,43.55995343592121,44.0343395616901,41.383350965255,42.35072708129883,2910200,0.0,0.0
2021-03-05 00:00:00-05:00,42.93674374024207,43.91342372980334,40.87176055498544,43.829708099365234,2987800,0.0,0.0
2021-03-08 00:00:00-05:00,44.266887448332106,47.159723055419,44.18317182294512,46.1179313659668,7132900,0.0,0.0
2021-03-09 00:00:00-05:00,46.01561486697889,46.33187352253055,44.750580244772266,44.76918411254883,2763200,0.0,0.0
2021-03-10 00:00:00-05:00,44.92731156284899,46.03421862889687,44.23898619832379,45.88539123535156,2093200,0.0,0.0
2021-03-11 00:00:00-05:00,46.89927918939774,47.46668478181209,46.27606553761492,47.010902404785156,2637400,0.0,0.0
2021-03-12 00:00:00-05:00,47.094616557449946,47.662022131976165,45.49471933725471,45.82027816772461,1698200,0.0,0.0
2021-03-15 00:00:00-04:00,46.09932921442326,47.38296412034559,45.727258965900205,47.32715606689453,1926900,0.0,0.0
2021-03-16 00:00:00-04:00,47.345768598941454,47.43878440393269,44.99243041074776,45.49472427368164,2225500,0.0,0.0
2021-03-17 00:00:00-04:00,45.06683777959367,46.60161957558084,45.02032988547131,46.5830192565918,1840100,0.0,0.0
2021-03-18 00:00:00-04:00,46.50860117611026,47.13181472867429,44.78778435192405,44.97381591796875,1915300,0.0,0.0
2021-03-19 00:00:00-04:00,44.77848863945393,45.420309721203864,43.253006816247364,44.806392669677734,4339600,0.0,0.0
2021-03-22 00:00:00-04:00,44.91800641517975,45.06683379219837,43.262297853982425,43.59716033935547,1747400,0.0,0.0
2021-03-23 00:00:00-04:00,42.787918166696905,43.15998843965039,41.2903404631305,41.662410736083984,2988900,0.0,0.0
2021-03-24 00:00:00-04:00,42.23911563340443,42.629789767140394,41.57869428283354,41.62520217895508,1634000,0.0,0.0
2021-03-25 00:00:00-04:00,41.17871684133069,42.313527871236644,40.341560581838635,42.03447341918945,1623600,0.0,0.0
2021-03-26 00:00:00-04:00,42.7879219090198,43.18789624551363,42.02518097624679,42.97395706176758,1446400,0.0,0.0
2021-03-29 00:00:00-04:00,42.787917608515976,44.14596805492739,42.71350213556601,42.760013580322266,1875000,0.0,0.0
2021-03-30 00:00:00-04:00,42.55536806748261,43.011153898757776,41.894946813552345,42.257713317871094,1579600,0.0,0.0
2021-03-31 00:00:00-04:00,42.13679287680187,42.815818043014396,40.85315446275605,42.21120834350586,3187500,0.0,0.0
2021-04-01 00:00:00-04:00,42.53676948364287,43.23439855497638,41.8763481477118,42.704200744628906,1854000,0.0,0.0
2021-04-05 00:00:00-04:00,43.43904357503869,43.55066324839932,41.84844992342932,42.24842071533203,1560800,0.0,0.0
2021-04-06 00:00:00-04:00,42.07167406987655,42.60187176218871,41.82052723430908,42.425140380859375,1650000,0.0,0.0
2021-04-07 00:00:00-04:00,42.67630006181116,43.00185890128443,42.09029060243405,42.862335205078125,1211200,0.0,0.0
2021-04-08 00:00:00-04:00,42.666993294898504,42.96464808346105,41.569389931452235,42.341434478759766,1925700,0.0,0.0
2021-04-09 00:00:00-04:00,42.341435964170046,42.99255716761494,42.32283209569161,42.797218322753906,1286400,0.0,0.0
2021-04-12 00:00:00-04:00,43.16928616908454,43.22509777138263,42.06238266927593,42.294925689697266,1541100,0.0,0.0
2021-04-13 00:00:00-04:00,42.19260102402709,42.41584030922092,41.225221325988585,42.04377365112305,1529600,0.0,0.0
2021-04-14 00:00:00-04:00,42.32282860360433,44.36920783915785,42.30422473666091,43.922725677490234,2449300,0.0,0.0
2021-04-15 00:00:00-04:00,44.285494913290755,44.5459419697351,43.43903843152163,44.062252044677734,1291700,0.0,0.0
2021-04-16 00:00:00-04:00,44.43432133512088,44.95521898491099,43.69018436993852,44.00644302368164,1304700,0.0,0.0
2021-04-19 00:00:00-04:00,44.183178250289195,44.43432516298461,43.225102046852264,43.634376525878906,1499000,0.0,0.0
2021-04-20 00:00:00-04:00,43.25300466205025,43.643675259027546,42.09958964313252,43.00185775756836,1992700,0.0,0.0
2021-04-21 00:00:00-04:00,42.973954922103154,44.45292881290578,42.32283369406783,44.37851333618164,1595400,0.0,0.0
2021-04-22 00:00:00-04:00,44.44361843364927,44.95521588852946,43.80180101069689,43.85761260986328,1972100,0.0,0.0
2021-04-23 00:00:00-04:00,43.941327524889076,44.49942931424202,43.50414554262366,44.01573944091797,1523800,0.0,0.0
2021-04-26 00:00:00-04:00,44.462231978205004,45.40170791955072,44.26689666109072,45.08544921875,2089000,0.0,0.0
2021-04-27 00:00:00-04:00,45.085443829937454,45.987708374238366,44.49943440031157,45.56913375854492,1466000,0.0,0.0
2021-04-28 00:00:00-04:00,45.77376853564203,46.69464048287063,45.48541745338887,46.09933090209961,1639300,0.0,0.0
2021-04-29 00:00:00-04:00,46.82486920204866,46.93648887373833,45.68075780933475,46.16444778442383,1496900,0.0,0.0
2021-04-30 00:00:00-04:00,45.67145434614574,46.26676754445608,45.14125646735757,45.234275817871094,1087700,0.0,0.0
2021-05-03 00:00:00-04:00,45.727257745132285,46.68533381926309,45.67144614484636,46.145835876464844,1966300,0.0,0.0
2021-05-04 00:00:00-04:00,45.690050083590606,46.48069845475879,44.945913153563026,46.15513610839844,2210000,0.0,0.0
2021-05-05 00:00:00-04:00,46.48069976052768,47.178328817337714,45.987706147520996,46.5830192565918,1953200,0.0,0.0
2021-05-06 00:00:00-04:00,45.252870496604515,48.60148837179034,44.871500107773215,48.52707290649414,3593900,0.0,0.0
2021-05-07 00:00:00-04:00,49.14099573786784,51.3548028707989,48.7968294921249,51.25248336791992,3743700,0.0,0.0
2021-05-10 00:00:00-04:00,51.79198034832145,52.061731096088444,50.72228106487293,50.83390426635742,2904900,0.0,0.0
2021-05-11 00:00:00-04:00,49.95024221010606,51.80128269205485,49.19680153577505,50.573455810546875,2922900,0.0,0.0
2021-05-12 00:00:00-04:00,50.43393151147443,50.982733182766445,49.94093789427403,50.164180755615234,2369000,0.0,0.0
2021-05-13 00:00:00-04:00,50.229289440886575,50.98273005989676,49.00146264953088,49.829315185546875,2043500,0.0,0.0
2021-05-14 00:00:00-04:00,50.28766801005051,51.129538905790646,49.93221458145619,50.83020782470703,1450600,0.3,0.0
2021-05-17 00:00:00-04:00,50.51216651610918,51.36338992022241,50.25025272047676,51.082767486572266,2005800,0.0,0.0
2021-05-18 00:00:00-04:00,51.48499318435745,53.49612355618387,51.01728794881999,51.04534912109375,3714300,0.0,0.0
2021-05-19 00:00:00-04:00,50.156710665598276,50.31573230819418,48.86584672792956,49.52998733520508,2580300,0.0,0.0
2021-05-20 00:00:00-04:00,49.4832151924614,49.77319015387096,48.089452024862396,48.71617889404297,2670800,0.0,0.0
2021-05-21 00:00:00-04:00,49.361614446746024,49.93221544502636,48.90326171373638,48.950035095214844,1226800,0.0,0.0
2021-05-24 00:00:00-04:00,49.37096381759623,49.85737769366956,49.04357157807946,49.60481643676758,1222500,0.0,0.0
2021-05-25 00:00:00-04:00,49.69837003009018,50.75538152085513,48.39814976621737,48.44491958618164,2090500,0.0,0.0
2021-05-26 00:00:00-04:00,48.40749605231308,48.837784049717484,47.762064056206476,48.631996154785156,2081100,0.0,0.0
2021-05-27 00:00:00-04:00,49.17452733689957,49.670293736221495,49.109048890510174,49.4177360534668,2080100,0.0,0.0
2021-05-28 00:00:00-04:00,49.57675311783534,49.87608417195011,48.97809100960579,49.73577117919922,1271600,0.0,0.0
2021-06-01 00:00:00-04:00,50.689894658289454,51.709492265087825,50.51216794455687,51.62530517578125,2434300,0.0,0.0
2021-06-02 00:00:00-04:00,51.83110209136748,51.85916326798965,50.92375265196186,50.98923110961914,1294300,0.0,0.0
2021-06-03 00:00:00-04:00,50.58700112754859,51.51305551651168,50.156709589251676,51.466285705566406,1318700,0.0,0.0
2021-06-04 00:00:00-04:00,51.774964728953336,52.31750447915089,51.2043673766419,51.78432083129883,1323700,0.0,0.0
2021-06-07 00:00:00-04:00,52.61683944052296,52.92552661136177,51.69078149631433,51.96205139160156,1095000,0.0,0.0
2021-06-08 00:00:00-04:00,51.410167948075355,52.345578588622466,50.886340273086354,51.97141647338867,1336500,0.0,0.0
2021-06-09 00:00:00-04:00,51.99946647070884,52.093006087328895,50.8956818667155,51.915279388427734,1259200,0.0,0.0
2021-06-10 00:00:00-04:00,52.19590624549169,52.495237326101055,50.24089811808858,50.26896286010742,2016200,0.0,0.0
2021-06-11 00:00:00-04:00,50.699258003438366,51.344690068108314,50.00705255156651,50.32509231567383,1274400,0.0,0.0
2021-06-14 00:00:00-04:00,50.315738966306675,50.67119243880091,49.024871289513854,49.28678512573242,2180200,0.0,0.0
2021-06-15 00:00:00-04:00,49.54869657320067,50.12865009866255,48.69747313952141,50.03511047363281,1850800,0.0,0.0
2021-06-16 00:00:00-04:00,50.016396983474365,50.016396983474365,48.66005114225827,48.99679946899414,1884500,0.0,0.0
2021-06-17 00:00:00-04:00,48.71618251723121,48.82843078263133,45.825763812944935,46.77052688598633,4118500,0.0,0.0
2021-06-18 00:00:00-04:00,46.12509065599197,46.910835578119475,45.526424969550504,45.64802932739258,4299200,0.0,0.0
2021-06-21 00:00:00-04:00,46.58345160084027,48.95939560741174,46.50862060123704,48.09881591796875,3540700,0.0,0.0
2021-06-22 00:00:00-04:00,48.36072261369435,48.678762320179295,47.397247391170886,48.01462173461914,1840600,0.0,0.0
2021-06-23 00:00:00-04:00,48.27653687808878,48.865846497124124,47.74335317411181,47.790122985839844,1653300,0.0,0.0
2021-06-24 00:00:00-04:00,47.95850151723634,48.23912398139237,47.46273504495043,47.52821350097656,1781200,0.0,0.0
2021-06-25 00:00:00-04:00,47.93043464854054,48.557157958441806,47.64980864940668,48.01462173461914,2099300,0.0,0.0
2021-06-28 00:00:00-04:00,48.06139689796065,48.06139689796065,45.68545315361341,45.816410064697266,2380100,0.0,0.0
2021-06-29 00:00:00-04:00,46.330879977235206,47.06985511354194,45.638678219619834,46.012840270996094,1843600,0.0,0.0
2021-06-30 00:00:00-04:00,46.13444390944483,48.239117458482674,46.022195652622315,48.126869201660156,4119500,0.0,0.0
2021-07-01 00:00:00-04:00,50.37185516596138,51.01729070964813,48.688116940571675,49.034217834472656,2783700,0.0,0.0
2021-07-02 00:00:00-04:00,48.91261582137949,49.01551154714043,47.84624842405319,48.25782775878906,1512000,0.0,0.0
2021-07-06 00:00:00-04:00,48.32330793609077,48.32330793609077,46.0409075228046,46.6208610534668,2116900,0.0,0.0
2021-07-07 00:00:00-04:00,46.648918184201165,47.44401920839869,45.80705091943092,46.85470962524414,1559500,0.0,0.0
2021-07-08 00:00:00-04:00,45.90995813227419,47.21953095028009,45.21775265532315,46.44314193725586,1852200,0.0,0.0
2021-07-09 00:00:00-04:00,47.322419039564934,47.81818548053542,46.74246550783456,47.38789749145508,1269700,0.0,0.0
2021-07-12 00:00:00-04:00,46.667627463055645,47.65916383916826,46.30281795314195,47.33176803588867,1206400,0.0,0.0
2021-07-13 00:00:00-04:00,47.3411306295708,47.3411306295708,46.13445010956,46.55538558959961,1162200,0.0,0.0
2021-07-14 00:00:00-04:00,46.63956226921486,47.2943502510031,46.10637863634767,46.387001037597656,946600,0.0,0.0
2021-07-15 00:00:00-04:00,45.89124052911277,46.69569056374167,45.53578353909952,45.87253189086914,918500,0.0,0.0
2021-07-16 00:00:00-04:00,45.97542878302211,46.42442540733249,43.74915073188035,44.11396026611328,2301300,0.0,0.0
2021-07-19 00:00:00-04:00,42.879215800499956,43.33756849778717,42.317970949580015,43.00082015991211,1732400,0.0,0.0
2021-07-20 00:00:00-04:00,43.197267194262395,44.469426340245164,42.79504030050876,43.91753387451172,1612800,0.0,0.0
2021-07-21 00:00:00-04:00,44.59102003194148,44.84358131331817,44.09525357311398,44.80616760253906,2347500,0.0,0.0
2021-07-22 00:00:00-04:00,44.41329490788736,44.52554318088257,43.552718867743614,44.17008972167969,1380100,0.0,0.0
2021-07-23 00:00:00-04:00,44.39458572308054,44.76875138621903,43.655610500951525,44.254276275634766,1808600,0.0,0.0
2021-07-26 00:00:00-04:00,44.34780726162065,44.73132538583171,43.65560199025293,44.60036849975586,1824300,0.0,0.0
2021-07-27 00:00:00-04:00,44.011063213241194,44.806164277453696,43.07565271532615,44.310394287109375,2274600,0.0,0.0
2021-07-28 00:00:00-04:00,44.50683377945835,45.05872255479354,43.97364650590463,44.63779067993164,1442600,0.0,0.0
2021-07-29 00:00:00-04:00,45.245802039480786,45.26451067650078,44.31039159832704,44.5536003112793,1604800,0.0,0.0
2021-07-30 00:00:00-04:00,44.56295634987616,45.90994977477627,44.12331226610372,44.19814682006836,4314300,0.0,0.0
2021-08-02 00:00:00-04:00,44.39457441988545,44.66584427817809,42.944689088914956,42.991458892822266,2771900,0.0,0.0
2021-08-03 00:00:00-04:00,43.1598429123319,43.56206974087852,42.03734952030197,43.44982147216797,2851100,0.0,0.0
2021-08-04 00:00:00-04:00,43.17854978623641,43.57142406312066,42.018639162629746,42.14024353027344,2457600,0.0,0.0
2021-08-05 00:00:00-04:00,42.205723633410486,42.96340747456956,42.168309922778086,42.271202087402344,1755300,0.0,0.0
2021-08-06 00:00:00-04:00,42.813748478625705,43.35628483305164,42.561187159591526,43.20661926269531,2051500,0.0,0.0
2021-08-09 00:00:00-04:00,43.14112925021581,44.19814406507824,42.69213265933893,44.02976989746094,3726100,0.0,0.0
2021-08-10 00:00:00-04:00,43.38434100464326,45.591910407246104,43.3095064501038,44.73133087158203,3693800,0.0,0.0
2021-08-11 00:00:00-04:00,45.13355990286617,45.994135912578514,44.52554160638513,45.1896858215332,2404700,0.0,0.0
2021-08-12 00:00:00-04:00,45.05872085920369,46.246692590419705,44.01106212653351,45.86317443847656,2915500,0.0,0.0
2021-08-13 00:00:00-04:00,45.70317844638977,46.71963933328091,45.317299211230306,45.53376770019531,2316500,0.3,0.0
2021-08-16 00:00:00-04:00,44.74318901776702,44.85612832756616,43.42555057243197,43.66084289550781,1644200,0.0,0.0
2021-08-17 00:00:00-04:00,44.04672164748909,44.04672164748909,42.02320984682727,42.88908386230469,1720500,0.0,0.0
2021-08-18 00:00:00-04:00,43.20908322890135,44.24436804218679,42.907909334481005,43.07732009887695,1931800,0.0,0.0
2021-08-19 00:00:00-04:00,42.03262263150463,42.474973370726715,40.649102551146946,40.790279388427734,2490900,0.0,0.0
2021-08-20 00:00:00-04:00,40.96909651525095,42.296145020995226,40.96909651525095,41.853797912597656,2259500,0.0,0.0
2021-08-23 00:00:00-04:00,42.30555210743508,42.729078923937756,42.0984937548615,42.16437530517578,1393000,0.0,0.0
2021-08-24 00:00:00-04:00,42.352617046343624,43.30319642699575,42.352617046343624,42.456146240234375,1156400,0.0,0.0
2021-08-25 00:00:00-04:00,42.34320449639866,43.162020706891866,41.88203000204809,42.98319625854492,1359000,0.0,0.0
2021-08-26 00:00:00-04:00,42.77614371984658,43.10555152577425,41.73144526351051,41.900856018066406,1142400,0.0,0.0
2021-08-27 00:00:00-04:00,41.938506260082036,42.91731962586825,41.938506260082036,42.569087982177734,1729600,0.0,0.0
2021-08-30 00:00:00-04:00,42.95497014449894,42.95497014449894,41.787922117992096,42.17380142211914,984400,0.0,0.0
2021-08-31 00:00:00-04:00,42.09850399613078,43.10555489909093,42.05144624735506,42.74790954589844,1972500,0.0,0.0
2021-09-01 00:00:00-04:00,42.719669050549456,42.7761404945688,41.703208190130034,42.33378982543945,1785300,0.0,0.0
2021-09-02 00:00:00-04:00,42.34319864884493,43.378483204645,42.34319864884493,43.25613021850586,2630900,0.0,0.0
2021-09-03 00:00:00-04:00,43.39731579758,43.59496048344922,42.63496739315833,42.757320404052734,1268800,0.0,0.0
2021-09-07 00:00:00-04:00,42.62555854200632,43.566727843846465,42.42791385028612,43.45378494262695,1582900,0.0,0.0
2021-09-08 00:00:00-04:00,43.566728198758604,43.74554907506563,41.91026820347122,41.966739654541016,1778500,0.0,0.0
2021-09-09 00:00:00-04:00,41.52439238645725,43.0867334266694,41.4491007023733,42.72909164428711,2064500,0.0,0.0
2021-09-10 00:00:00-04:00,43.28437891731014,43.51967124899958,42.1926226418822,42.9549674987793,1649700,0.0,0.0
2021-09-13 00:00:00-04:00,43.293792926132554,43.81143538436799,42.84203203947564,43.67967224121094,1487500,0.0,0.0
2021-09-14 00:00:00-04:00,43.99026211643769,44.780844606023116,43.10556052673701,43.406734466552734,2349400,0.0,0.0
2021-09-15 00:00:00-04:00,43.67966791156662,45.79729887739618,43.58555241586238,45.590240478515625,3018300,0.0,0.0
2021-09-16 00:00:00-04:00,45.307886101188885,47.09610907206656,45.27023847036972,46.13611602783203,4543800,0.0,0.0
2021-09-17 00:00:00-04:00,46.16434896538715,46.83257824185034,45.69376436107071,46.21140670776367,5514600,0.0,0.0
2021-09-20 00:00:00-04:00,44.53613498557836,45.46789425591852,44.07496399774608,45.24201202392578,2440700,0.0,0.0
2021-09-21 00:00:00-04:00,45.75964824348285,46.55964426563364,45.02553737233752,46.10788345336914,2291600,0.0,0.0
2021-09-22 00:00:00-04:00,46.93611202764171,47.83022358149544,46.78552508311826,47.45375442504883,2061500,0.0,0.0
2021-09-23 00:00:00-04:00,48.37610330342923,50.3996151378772,48.300808036334416,50.34314727783203,4816500,0.0,0.0
2021-09-24 00:00:00-04:00,50.01373155520525,52.08430454810472,49.618442207885444,51.61371994018555,5578200,0.0,0.0
2021-09-27 00:00:00-04:00,52.42313615980285,53.740771162162126,52.10313842103571,52.790191650390625,4255200,0.0,0.0
2021-09-28 00:00:00-04:00,52.705479236166134,53.6560586212399,52.42312917259898,53.30782699584961,3526700,0.0,0.0
2021-09-29 00:00:00-04:00,53.45841532273319,53.45841532273319,52.54548354652285,53.194889068603516,2142800,0.0,0.0
2021-09-30 00:00:00-04:00,53.37371190761945,53.54312267444781,52.42313246288354,52.53607177734375,3671400,0.0,0.0
2021-10-01 00:00:00-04:00,53.37371050563259,57.6560301318061,53.37371050563259,57.5430908203125,7615500,0.0,0.0
2021-10-04 00:00:00-04:00,57.7689699109735,58.40896529196998,56.29133446698111,57.166622161865234,4170100,0.0,0.0
2021-10-05 00:00:00-04:00,57.430148865039705,57.98543887387824,56.319568847362646,56.87485885620117,4236500,0.0,0.0
2021-10-06 00:00:00-04:00,55.83957084864418,56.46074238247637,54.700753378055495,56.328975677490234,4244200,0.0,0.0
2021-10-07 00:00:00-04:00,56.45133604955209,58.03250081305039,56.41368841464116,57.091331481933594,4388700,0.0,0.0
2021-10-08 00:00:00-04:00,57.27956175557083,57.70308864075559,56.63956637135294,57.467796325683594,2126700,0.0,0.0
2021-10-11 00:00:00-04:00,58.663085026401156,59.67013590449728,58.173676552609656,58.48426055908203,2980900,0.0,0.0
2021-10-12 00:00:00-04:00,58.33367211656403,59.19013602616583,57.06309501219383,57.31721115112305,3146900,0.0,0.0
2021-10-13 00:00:00-04:00,57.185439780447474,57.54308508652886,56.40427120089738,56.799560546875,2369500,0.0,0.0
2021-10-14 00:00:00-04:00,57.54308602598772,57.75014440503778,56.19721374271369,56.97838592529297,2267100,0.0,0.0
2021-10-15 00:00:00-04:00,57.60896718772266,57.60896718772266,55.50075014206676,55.52898406982422,3146600,0.0,0.0
2021-10-18 00:00:00-04:00,55.303104178175204,57.59955947202503,55.133697014305504,57.38309097290039,3569800,0.0,0.0
2021-10-19 00:00:00-04:00,57.44897611344036,57.514857678571225,56.310162098719864,56.997215270996094,3152900,0.0,0.0
2021-10-20 00:00:00-04:00,56.997214717304615,58.76661043545375,56.291337734665845,56.865447998046875,2567600,0.0,0.0
2021-10-21 00:00:00-04:00,56.49838699053856,56.978385302127535,55.75486603715326,56.46074295043945,2576000,0.0,0.0
2021-10-22 00:00:00-04:00,56.75250643378321,57.496031020987594,56.131334857324376,56.159568786621094,1451700,0.0,0.0
2021-10-25 00:00:00-04:00,56.87484813383415,57.64660649685576,55.481918317886,55.651329040527344,1905600,0.0,0.0
2021-10-26 00:00:00-04:00,55.71722184081687,55.71722184081687,54.57840787885907,55.09605026245117,2178400,0.0,0.0
2021-10-27 00:00:00-04:00,54.77606114705341,54.91723440636435,53.06313308409036,53.401954650878906,3701800,0.0,0.0
2021-10-28 00:00:00-04:00,53.872525321689444,54.67251768677899,53.42076095686363,54.183109283447266,1523200,0.0,0.0
2021-10-29 00:00:00-04:00,53.853705118571064,54.079583725855244,52.987827549913106,53.458412170410156,3624700,0.0,0.0
2021-11-01 00:00:00-04:00,53.71253395612751,54.983111129242964,53.674886320854554,54.201942443847656,1699700,0.0,0.0
2021-11-02 00:00:00-04:00,53.68429197074355,54.088995013521405,52.37606735862352,53.09135437011719,3371400,0.0,0.0
2021-11-03 00:00:00-04:00,53.091360488844884,55.114875935942344,52.03725186979402,54.691349029541016,3941900,0.0,0.0
2021-11-04 00:00:00-04:00,55.321925432339675,57.25132519961832,54.568990776713584,55.05839920043945,2958600,0.0,0.0
2021-11-05 00:00:00-04:00,54.96428562460919,56.28192042016802,54.94546180878003,55.717220306396484,2415000,0.0,0.0
2021-11-08 00:00:00-05:00,56.57368751833492,59.623074057076764,56.37604282588009,58.8607292175293,3991100,0.0,0.0
2021-11-09 00:00:00-05:00,58.72895871681158,59.688948128303664,57.73131808589022,59.50071716308594,2239700,0.0,0.0
2021-11-10 00:00:00-05:00,59.12424981733833,60.86541142951584,58.587783651844695,59.26542663574219,3615600,0.0,0.0
2021-11-11 00:00:00-05:00,59.76425027116937,60.38542545293619,59.651310960973554,60.046600341796875,2068700,0.0,0.0
2021-11-12 00:00:00-05:00,60.01823097940006,61.9661970564568,59.9520381674945,61.058406829833984,2275900,0.3,0.0
2021-11-15 00:00:00-05:00,61.06787038135664,62.013486185783435,60.01823626128481,61.9851188659668,2744000,0.0,0.0
2021-11-16 00:00:00-05:00,61.82435507782762,62.249886493600286,60.623426250861634,61.918922424316406,3412900,0.0,0.0
2021-11-17 00:00:00-05:00,62.05130664752216,63.091482505074225,61.56904060635263,61.729793548583984,3280800,0.0,0.0
2021-11-18 00:00:00-05:00,62.32554136744503,64.38697690296208,61.85273346345097,63.895259857177734,5345600,0.0,0.0
2021-11-19 00:00:00-05:00,62.83616986410578,62.88345354203318,61.521764419858975,61.64469909667969,2867600,0.0,0.0
2021-11-22 00:00:00-05:00,62.12695732341521,62.48629595711074,61.37046898593103,61.4744873046875,2349300,0.0,0.0
2021-11-23 00:00:00-05:00,61.720341960435334,62.65650682520381,60.604514994070634,61.69197463989258,2368800,0.0,0.0
2021-11-24 00:00:00-05:00,61.1151536050973,62.16478784130794,60.97331699032033,61.59741973876953,1138800,0.0,0.0
2021-11-26 00:00:00-05:00,59.58325636052132,60.14116988664146,58.656553210010266,59.38467788696289,1396100,0.0,0.0
2021-11-29 00:00:00-05:00,60.80309768017053,61.294814712536414,58.82675694388017,59.53596878051758,2443900,0.0,0.0
2021-11-30 00:00:00-05:00,58.921321152376656,59.94258432944669,57.039544143766754,57.29486083984375,3416800,0.0,0.0
2021-12-01 00:00:00-05:00,58.78893016995496,59.195545236041056,54.13650235413893,54.1743278503418,3835100,0.0,0.0
2021-12-02 00:00:00-05:00,54.562028478163015,56.453259942867184,54.562028478163015,56.07501220703125,2226900,0.0,0.0
2021-12-03 00:00:00-05:00,56.519456267358244,57.379966492976465,55.327978350509646,55.98991012573242,3344300,0.0,0.0
2021-12-06 00:00:00-05:00,56.64238191506291,56.859873093356306,55.28069299741711,55.715675354003906,2034800,0.0,0.0
2021-12-07 00:00:00-05:00,56.62346232596476,57.81493637769293,56.55726952349304,56.7558479309082,2432700,0.0,0.0
2021-12-08 00:00:00-05:00,57.19084365365867,57.67310973594955,56.623475611568495,56.83150863647461,1855500,0.0,0.0
2021-12-09 00:00:00-05:00,56.17903802790989,56.66130052872072,55.28070224058799,55.337440490722656,1990000,0.0,0.0
2021-12-10 00:00:00-05:00,57.83386818211037,59.08208087899317,56.60456823605772,57.84332275390625,2990900,0.0,0.0
2021-12-13 00:00:00-05:00,57.63528160765868,58.193195053389786,56.87878971698208,57.89059829711914,2157200,0.0,0.0
2021-12-14 00:00:00-05:00,57.60690932791764,59.29010780325755,57.34213807421289,58.855125427246094,3464700,0.0,0.0
2021-12-15 00:00:00-05:00,58.69437477777753,60.40594074321274,57.57854780032623,60.10334396362305,3064300,0.0,0.0
2021-12-16 00:00:00-05:00,60.40593432785831,62.505198812406675,60.40593432785831,60.81254577636719,2919100,0.0,0.0
2021-12-17 00:00:00-05:00,61.105688723602164,62.41063578368635,60.519404396301915,61.28535079956055,6094500,0.0,0.0
2021-12-20 00:00:00-05:00,60.32083035959206,60.78418006319443,58.80784297514951,60.65179443359375,2464600,0.0,0.0
2021-12-21 00:00:00-05:00,61.48393872788251,65.19075830280742,61.40829494370241,64.85978698730469,3728600,0.0,0.0
2021-12-22 00:00:00-05:00,64.81250123401777,67.8384686017803,64.80304305692235,67.82901763916016,3451500,0.0,0.0
2021-12-23 00:00:00-05:00,67.70607621906193,68.98265584940224,66.58079854923803,68.36801147460938,2760000,0.0,0.0
2021-12-27 00:00:00-05:00,68.55714732540451,69.87155274524383,67.20491640682094,69.84318542480469,2191600,0.0,0.0
2021-12-28 00:00:00-05:00,69.71080724111957,70.70369963504793,69.44603593607201,70.2781753540039,1470800,0.0,0.0
2021-12-29 00:00:00-05:00,69.86209599305725,70.5618569123963,69.33255342878023,69.74862670898438,1824000,0.0,0.0
2021-12-30 00:00:00-05:00,69.46493808689809,69.67297472405637,67.8290267392011,67.97086334228516,1915500,0.0,0.0
2021-12-31 00:00:00-05:00,67.81010222702423,67.84792772145617,66.28766034489695,66.93067932128906,2251000,0.0,0.0
2022-01-03 00:00:00-05:00,67.64935403268716,68.37747501177809,66.2782068176153,66.75101470947266,2637600,0.0,0.0
2022-01-04 00:00:00-05:00,67.46967906533655,68.27345097117305,66.71319083050966,67.26164245605469,2867300,0.0,0.0
2022-01-05 00:00:00-05:00,68.26400791546844,68.34910987577264,65.17184016384562,65.21912384033203,3275000,0.0,0.0
2022-01-06 00:00:00-05:00,65.64463737688733,65.9850595915995,63.0347433500607,65.47442626953125,2915100,0.0,0.0
2022-01-07 00:00:00-05:00,65.48388585569387,66.36330872688364,65.21911461954643,65.37986755371094,1763600,0.0,0.0
2022-01-10 00:00:00-05:00,64.70849534049785,64.85033916623387,62.24043730191186,63.80070495605469,2573100,0.0,0.0
2022-01-11 00:00:00-05:00,63.85743016900209,65.76757801590693,63.05365822784834,65.39878845214844,2226200,0.0,0.0
2022-01-12 00:00:00-05:00,66.18364707432414,66.959051732986,63.81960760102877,64.20731353759766,3185100,0.0,0.0
2022-01-13 00:00:00-05:00,63.299519106678424,64.27350215167499,61.93783015046357,62.01348114013672,2951700,0.0,0.0
2022-01-14 00:00:00-05:00,61.20971147405707,63.195503132186865,60.349197667331254,62.82671356201172,2966000,0.0,0.0
2022-01-18 00:00:00-05:00,62.86453992424059,64.75577147507907,62.684870618278666,64.53827667236328,3112400,0.0,0.0
2022-01-19 00:00:00-05:00,64.75575487669855,65.58789394855991,63.11983683017709,63.261680603027344,3702700,0.0,0.0
2022-01-20 00:00:00-05:00,63.48864208954657,63.79123884674272,60.75581309704756,60.803096771240234,2790100,0.0,0.0
2022-01-21 00:00:00-05:00,60.73690398079634,63.479183937670314,59.66835354520299,62.410640716552734,7154000,0.0,0.0
2022-01-24 00:00:00-05:00,61.46502621292975,65.65410444186692,61.34209875771522,64.64229583740234,7000200,0.0,0.0
2022-01-25 00:00:00-05:00,64.31132127114232,68.32072953817392,62.56193379160652,67.57369232177734,6337200,0.0,0.0
2022-01-26 00:00:00-05:00,67.49805393952526,68.528778924242,63.176589975191916,64.11275482177734,4869300,0.0,0.0
2022-01-27 00:00:00-05:00,64.9070789054488,66.68483431271399,63.413003957445724,64.66121673583984,3826900,0.0,0.0
2022-01-28 00:00:00-05:00,64.89761174472,67.27110949547782,64.63284046692573,67.23328399658203,3461200,0.0,0.0
2022-01-31 00:00:00-05:00,66.66591633766035,66.79830197734299,64.11275647009366,65.12456512451172,2978100,0.0,0.0
2022-02-01 00:00:00-05:00,66.02288900394576,70.66586563255274,65.6257321346914,70.4105453491211,5439600,0.0,0.0
2022-02-02 00:00:00-05:00,69.91882695002187,71.68712368627948,67.80064259416187,70.5051040649414,4016200,0.0,0.0
2022-02-03 00:00:00-05:00,69.86209948139415,70.52403493426839,68.68953779574284,69.59732818603516,3507900,0.0,0.0
2022-02-04 00:00:00-05:00,69.43657681976384,71.66823095287455,69.0299616883629,70.9779281616211,3544800,0.0,0.0
2022-02-07 00:00:00-05:00,70.883364937623,71.84789716769023,67.85739703138118,68.51932525634766,3568800,0.0,0.0
2022-02-08 00:00:00-05:00,68.49095621739346,69.32309556712876,66.68482648323072,69.24745178222656,2121600,0.0,0.0
2022-02-09 00:00:00-05:00,69.97556212206217,70.45782815133487,68.71789150379968,69.0677719116211,1849800,0.0,0.0
2022-02-10 00:00:00-05:00,68.5287814038665,72.27341928227477,67.7155512004546,69.74862670898438,4033000,0.0,0.0
2022-02-11 00:00:00-05:00,69.63514380322205,73.03935908723305,68.34910579589945,72.5665512084961,4717700,0.0,0.0
2022-02-14 00:00:00-05:00,71.66468385737203,71.79758904061876,65.7598695284781,67.83889770507812,5943100,0.3,0.0
2022-02-15 00:00:00-05:00,66.88008151005832,69.12998901519163,63.55743714632362,68.56039428710938,4017500,0.0,0.0
2022-02-16 00:00:00-05:00,65.61749615953096,71.95900190248628,65.38016436861615,70.64892578125,5741900,0.0,0.0
2022-02-17 00:00:00-05:00,70.01285614020541,73.35448351084968,69.7755244244759,72.32921600341797,4559500,0.0,0.0
2022-02-18 00:00:00-05:00,72.19632523098011,72.77541531235809,68.8641852491281,69.55718994140625,3062100,0.0,0.0
2022-02-22 00:00:00-05:00,71.99695582695064,72.89882081790844,69.0445555357573,70.08881378173828,4612600,0.0,0.0
2022-02-23 00:00:00-05:00,69.6995801303646,71.79759173643662,69.6995801303646,70.70587158203125,3430300,0.0,0.0
2022-02-24 00:00:00-05:00,73.17413207661245,75.76579091405488,71.85456803265356,74.57913208007812,6971200,0.0,0.0
2022-02-25 00:00:00-05:00,74.12344648571445,75.76577797551411,71.47482355144943,75.47148895263672,4681100,0.0,0.0
2022-02-28 00:00:00-05:00,76.10754903728038,77.10434535231269,75.27214382776495,77.07586669921875,6488200,0.0,0.0
2022-03-01 00:00:00-05:00,77.80683369733173,80.40798743694602,76.87649736926345,78.17707061767578,4542900,0.0,0.0
2022-03-02 00:00:00-05:00,79.74346064785621,82.04083003777495,78.96501286933872,80.39849853515625,4422500,0.0,0.0
2022-03-03 00:00:00-05:00,80.81621062708115,83.53128661882238,79.93333616483255,82.68638610839844,5754200,0.0,0.0
2022-03-04 00:00:00-05:00,82.42056473530447,87.23365203689477,82.10728510647681,86.62608337402344,8087700,0.0,0.0
2022-03-07 00:00:00-05:00,87.35705234534085,95.42633045904904,87.3000950528189,90.8410873413086,9925200,0.0,0.0
2022-03-08 00:00:00-05:00,88.21146435198293,95.19851175043605,86.4362274722076,88.55322265625,8582500,0.0,0.0
2022-03-09 00:00:00-05:00,84.96476535768923,87.7937629664824,80.40799292183677,87.66085052490234,7765300,0.0,0.0
2022-03-10 00:00:00-05:00,89.54050876545794,94.57194399921903,88.42030278570078,92.32203674316406,7326200,0.0,0.0
2022-03-11 00:00:00-05:00,88.5247502356335,93.10050647284685,88.5247502356335,91.18286895751953,3663900,0.0,0.0
2022-03-14 00:00:00-04:00,91.18285479017898,91.48663911895548,86.86341434893569,90.1196060180664,3781100,0.0,0.0
2022-03-15 00:00:00-04:00,88.67663282759015,90.30946907834121,84.16732986840492,90.05315399169922,5288800,0.0,0.0
2022-03-16 00:00:00-04:00,90.18604956267717,91.61003981892998,81.86045638461297,83.69265747070312,7324300,0.0,0.0
2022-03-17 00:00:00-04:00,85.86661997423869,87.61338533345008,84.15783580505978,87.53743743896484,5448500,0.0,0.0
2022-03-18 00:00:00-04:00,88.56271327067756,90.69869893798885,87.99311854128587,90.42339324951172,9451700,0.0,0.0
2022-03-21 00:00:00-04:00,93.58464924984123,97.40094027072855,92.71127022415612,96.17630767822266,5205300,0.0,0.0
2022-03-22 00:00:00-04:00,96.62249426656868,97.94205812653759,93.50870307922362,94.93269348144531,3603100,0.0,0.0
2022-03-23 00:00:00-04:00,96.58452114036754,99.57490245898937,95.80607333691965,98.34077453613281,4220800,0.0,0.0
2022-03-24 00:00:00-04:00,99.00530434443145,102.34693188186377,98.32178781016837,101.00838470458984,4466100,0.0,0.0
2022-03-25 00:00:00-04:00,101.1033267491025,104.23610878492319,100.94194289537829,103.97029113769531,3602200,0.0,0.0
2022-03-28 00:00:00-04:00,101.065345666999,101.75835752348063,97.81864925428623,99.79325103759766,3602200,0.0,0.0
2022-03-29 00:00:00-04:00,91.36323536164927,94.94220247828238,84.51858804313623,94.7238540649414,7748900,0.0,0.0
2022-03-30 00:00:00-04:00,96.95475919211758,99.85970459608022,95.42634221695141,95.89151763916016,2952700,0.0,0.0
2022-03-31 00:00:00-04:00,95.88202754162631,101.10332607112082,95.59722654290142,97.83763885498047,4350000,0.0,0.0
2022-04-01 00:00:00-04:00,96.89780169390038,99.66983465526975,92.93911004261707,94.73333740234375,3943700,0.0,0.0
2022-04-04 00:00:00-04:00,97.25853967402917,97.65726248337971,94.76181249166171,96.58451843261719,3365300,0.0,0.0
2022-04-05 00:00:00-04:00,97.60979376711089,99.66034339384187,96.79337203529649,97.56232452392578,3040900,0.0,0.0
2022-04-06 00:00:00-04:00,99.10024550226905,104.1316815273952,96.86932848840756,97.20159149169922,4766200,0.0,0.0
2022-04-07 00:00:00-04:00,97.78067336060654,100.80902857170055,97.72371606274938,99.8786849975586,2840600,0.0,0.0
2022-04-08 00:00:00-04:00,101.87227360030403,104.80569766835899,100.00209833318765,102.72666931152344,3849400,0.0,0.0
2022-04-11 00:00:00-04:00,102.52731551226555,102.67921130808226,98.74899088341178,101.62545776367188,2656700,0.0,0.0
2022-04-12 00:00:00-04:00,102.95451576846638,105.23290213908443,101.86279545421182,104.25509643554688,3141900,0.0,0.0
2022-04-13 00:00:00-04:00,106.48600691756909,107.7391182568644,99.79325597195617,103.48613739013672,3211700,0.0,0.0
2022-04-14 00:00:00-04:00,101.98619841989422,104.80570072782974,101.2552198273284,102.91654205322266,3082800,0.0,0.0
2022-04-18 00:00:00-04:00,102.80261799278854,106.0208358273388,101.25521764598149,104.4544448852539,2700300,0.0,0.0
2022-04-19 00:00:00-04:00,104.28355247172458,104.9955476054543,100.21093943765578,101.57797241210938,3646700,0.0,0.0
2022-04-20 00:00:00-04:00,100.6191580464066,101.87226928889797,96.66996183238119,100.76155853271484,3175900,0.0,0.0
2022-04-21 00:00:00-04:00,100.85649347846213,100.85649347846213,93.793505871858,94.32512664794922,3313600,0.0,0.0
2022-04-22 00:00:00-04:00,94.09729655394366,96.90730365577085,91.44867330677367,92.02776336669922,3684000,0.0,0.0
2022-04-25 00:00:00-04:00,89.9297504458596,90.94553005234945,85.6957456263551,89.66393280029297,5061500,0.0,0.0
2022-04-26 00:00:00-04:00,91.53410054219665,93.87893921019828,88.05007245917069,90.1860580444336,4388100,0.0,0.0
2022-04-27 00:00:00-04:00,91.04994334644552,92.92011119164151,88.02158832116248,92.18913269042969,2378200,0.0,0.0
2022-04-28 00:00:00-04:00,92.26509425251554,94.19222692047936,90.13859653915728,93.54668426513672,1976600,0.0,0.0
2022-04-29 00:00:00-04:00,94.53398138103145,95.78709269132433,91.52461662535092,91.92333221435547,2980500,0.0,0.0
2022-05-02 00:00:00-04:00,91.38222143176836,93.78401764557493,90.0341715520827,91.5531005859375,2795400,0.0,0.0
2022-05-03 00:00:00-04:00,90.99298979772392,97.12564123376366,90.489847655991,95.55925750732422,2763700,0.0,0.0
2022-05-04 00:00:00-04:00,96.79337253914606,97.11614746034779,93.3757970529275,96.85982513427734,2864900,0.0,0.0
2022-05-05 00:00:00-04:00,97.3629769635069,101.27420689773031,92.09421634222853,95.2080078125,3735300,0.0,0.0
2022-05-06 00:00:00-04:00,95.27445536547722,95.7301282554824,90.98349340165349,94.7618179321289,2944900,0.0,0.0
2022-05-09 00:00:00-04:00,92.09421272520196,92.37900647466414,85.49638584220511,86.27483367919922,3551000,0.0,0.0
2022-05-10 00:00:00-04:00,88.48676186306629,90.67021668898875,85.73371233036092,88.61966705322266,2770400,0.0,0.0
2022-05-11 00:00:00-04:00,89.95821140047572,93.07200220808986,88.52472587574023,90.74614715576172,3358300,0.0,0.0
2022-05-12 00:00:00-04:00,90.9739995913951,94.10677405105702,88.56270836906262,93.63211059570312,2826600,0.0,0.0
2022-05-13 00:00:00-04:00,96.11042342181965,101.46736183828898,95.84353062456566,98.99859619140625,3517600,0.4,0.0
2022-05-16 00:00:00-04:00,101.14326959582543,105.19433823506473,100.42837513007733,102.00114440917969,3192200,0.0,0.0
2022-05-17 00:00:00-04:00,103.80268221061155,104.37459635260761,97.826160155203,103.37374114990234,3082200,0.0,0.0
2022-05-18 00:00:00-04:00,102.78276410799285,103.42140143139183,94.76641051556437,96.8539047241211,3940100,0.0,0.0
2022-05-19 00:00:00-04:00,95.5003783874815,97.59739940643303,92.99347694672741,95.65288543701172,3020700,0.0,0.0
2022-05-20 00:00:00-04:00,96.91109007046005,97.45440956254318,88.34189061733046,91.30632019042969,3684400,0.0,0.0
2022-05-23 00:00:00-04:00,92.04981807683328,96.91109935692565,91.73526274277923,96.35824584960938,2593400,0.0,0.0
2022-05-24 00:00:00-04:00,95.3192690442812,96.25340108071971,93.67024249001057,95.43365478515625,2294600,0.0,0.0
2022-05-25 00:00:00-04:00,94.30889303956234,97.44489806064854,93.92761448499472,95.86259460449219,2267000,0.0,0.0
2022-05-26 00:00:00-04:00,95.071438420442,95.78633294964304,90.65815881152959,92.18326568603516,3553000,0.0,0.0
2022-05-27 00:00:00-04:00,91.45883137110704,91.45883137110704,87.8176357584061,91.2396011352539,4033400,0.0,0.0
2022-05-31 00:00:00-04:00,93.1269270240133,96.94923191625098,92.30718069256515,94.14684295654297,6283200,0.0,0.0
2022-06-01 00:00:00-04:00,94.2993615146363,94.84268110545459,89.73356725005142,91.03944396972656,2877400,0.0,0.0
2022-06-02 00:00:00-04:00,91.09661999772686,94.21355671990408,90.44844871388526,92.94581604003906,2145500,0.0,0.0
2022-06-03 00:00:00-04:00,92.19278542775199,92.5168674069679,89.66682369310433,91.37303924560547,1980900,0.0,0.0
2022-06-06 00:00:00-04:00,92.22139183264032,92.52641319949004,89.05679242446843,89.89559936523438,2877100,0.0,0.0
2022-06-07 00:00:00-04:00,88.93289484655116,89.71451268415778,87.65561265985689,88.07501983642578,3898300,0.0,0.0
2022-06-08 00:00:00-04:00,85.78734097925967,89.09492073391418,84.33849130919225,85.63482666015625,4520400,0.0,0.0
2022-06-09 00:00:00-04:00,84.83415323504698,87.36964939546465,83.36623555358676,84.72930145263672,4250100,0.0,0.0
2022-06-10 00:00:00-04:00,84.46240031508431,88.11312986743528,83.22324697559576,83.61405944824219,3466100,0.0,0.0
2022-06-13 00:00:00-04:00,82.0984813482389,84.77695767322632,80.64009773915377,82.3463134765625,4311100,0.0,0.0
2022-06-14 00:00:00-04:00,83.27091156012546,90.33406540616565,83.27091156012546,88.88521575927734,5720500,0.0,0.0
2022-06-15 00:00:00-04:00,88.13218918286148,89.84793881576289,85.97797181539254,87.76044464111328,4799900,0.0,0.0
2022-06-16 00:00:00-04:00,85.12963627482688,90.98223877238607,84.84368283301714,86.36878967285156,5236200,0.0,0.0
2022-06-17 00:00:00-04:00,83.75705705914525,86.16863376898414,82.26054459855644,82.86105346679688,8468100,0.0,0.0
2022-06-21 00:00:00-04:00,84.76741245384262,87.2361776295371,84.70068926726391,86.48316192626953,4391700,0.0,0.0
2022-06-22 00:00:00-04:00,83.57594007845,85.94938797458997,83.1374722889174,84.4338150024414,4334800,0.0,0.0
2022-06-23 00:00:00-04:00,84.52913044240107,84.86274643892578,76.58903336369633,76.82733154296875,4906800,0.0,0.0
2022-06-24 00:00:00-04:00,77.68521051204573,81.1643655661217,76.61763199496237,79.4200210571289,8492100,0.0,0.0
2022-06-27 00:00:00-04:00,80.54478815775957,83.25185210337156,79.80129896909948,82.75619506835938,2772700,0.0,0.0
2022-06-28 00:00:00-04:00,84.50054047700289,86.49270987471192,82.80385851073036,83.70938873291016,2411500,0.0,0.0
2022-06-29 00:00:00-04:00,84.07159234469721,84.92946722010905,81.23108220112405,82.32725524902344,2325800,0.0,0.0
2022-06-30 00:00:00-04:00,80.82120544660835,82.76571931999966,79.67736990634612,81.71720886230469,2825200,0.0,0.0
2022-07-01 00:00:00-04:00,80.86886194460376,83.14699909703667,79.26750525400921,81.28826904296875,2304000,0.0,0.0
2022-07-05 00:00:00-04:00,78.65744959976797,80.96418120250193,77.97115704130516,79.63924407958984,3560400,0.0,0.0
2022-07-06 00:00:00-04:00,79.20076426702015,80.5638298833842,75.97897611574234,79.67736053466797,3250300,0.0,0.0
2022-07-07 00:00:00-04:00,81.86019987150603,82.94683914577897,80.43994455202375,80.66870880126953,2752600,0.0,0.0
2022-07-08 00:00:00-04:00,81.7457994108757,82.14613855752124,78.87668764868448,81.97456359863281,2599800,0.0,0.0
2022-07-11 00:00:00-04:00,80.30648343482885,82.88010076655704,80.30648343482885,82.29865264892578,2307500,0.0,0.0
2022-07-12 00:00:00-04:00,81.32640979373677,83.52828284512783,80.55432594917814,81.41220092773438,2248000,0.0,0.0
2022-07-13 00:00:00-04:00,80.83074931503074,83.09934547585956,80.20163859994736,81.5361099243164,1800100,0.0,0.0
2022-07-14 00:00:00-04:00,78.4858830813524,79.20077760320127,75.47379794421637,76.87499237060547,3470900,0.0,0.0
2022-07-15 00:00:00-04:00,77.92349553849627,80.85933051024857,77.08468866325953,80.59243774414062,2430300,0.0,0.0
2022-07-18 00:00:00-04:00,81.14528110779422,82.82290207223053,76.63668431074201,79.71549224853516,4474300,0.0,0.0
2022-07-19 00:00:00-04:00,79.72504316148199,83.59500350290278,79.48674496760566,82.84198760986328,2563000,0.0,0.0
2022-07-20 00:00:00-04:00,81.59328945591147,82.46069825885529,80.32554148497026,81.58375549316406,1708800,0.0,0.0
2022-07-21 00:00:00-04:00,79.96333217322749,81.45984436803609,79.48673584020204,81.31686401367188,1748400,0.0,0.0
2022-07-22 00:00:00-04:00,81.5360971755885,83.26137348194271,80.5638366356217,80.84026336669922,1916400,0.0,0.0
2022-07-25 00:00:00-04:00,81.8125326820869,86.1114266016376,81.38359159587486,86.05423736572266,1979700,0.0,0.0
2022-07-26 00:00:00-04:00,87.2838431785792,87.99873760472425,85.33932946679079,86.16860961914062,1766900,0.0,0.0
2022-07-27 00:00:00-04:00,86.26394662309991,90.90599808150326,85.13917885137698,90.20063018798828,2853800,0.0,0.0
2022-07-28 00:00:00-04:00,90.9250519152748,92.73611951654358,89.28555929249009,89.55245208740234,2189900,0.0,0.0
2022-07-29 00:00:00-04:00,90.84879550349743,91.5350954231015,89.34275653801438,91.02037048339844,1856100,0.0,0.0
2022-08-01 00:00:00-04:00,90.59142244760575,90.82018662746506,87.97014288814592,90.0195083618164,2251200,0.0,0.0
2022-08-02 00:00:00-04:00,89.55245381135,96.53935824706024,89.55245381135,93.5749282836914,3898700,0.0,0.0
2022-08-03 00:00:00-04:00,95.31926560700053,97.4258205042413,91.90683415292203,92.38343048095703,2750100,0.0,0.0
2022-08-04 00:00:00-04:00,91.98309771432436,95.91025434875068,90.00045510632563,94.41374206542969,2349400,0.0,0.0
2022-08-05 00:00:00-04:00,93.85135550475994,96.11042489725402,93.71790910408434,95.36693572998047,1648700,0.0,0.0
2022-08-08 00:00:00-04:00,96.02463045927239,97.59739986705038,93.9943326284613,94.78548431396484,2122400,0.0,0.0
2022-08-09 00:00:00-04:00,95.53852214319788,98.06447736697467,95.32881855353695,97.7975845336914,2184600,0.0,0.0
2022-08-10 00:00:00-04:00,100.30446921301738,100.30446921301738,96.51075913558682,97.5211410522461,1802700,0.0,0.0
2022-08-11 00:00:00-04:00,98.53153131626779,99.59910247841401,97.26378328893603,97.57833862304688,1331600,0.0,0.0
2022-08-12 00:00:00-04:00,97.04245771834849,100.13334335586939,96.65011217443956,100.01850891113281,1172200,0.4,0.0
2022-08-15 00:00:00-04:00,97.08073526283009,98.57355394414554,95.51136758055317,98.20991516113281,2273000,0.0,0.0
2022-08-16 00:00:00-04:00,99.25295208229319,100.95628925418698,98.6692231906924,98.7840576171875,1465600,0.0,0.0
2022-08-17 00:00:00-04:00,98.42043893265155,101.02329472273995,97.98982252213703,99.13813781738281,1841800,0.0,0.0
2022-08-18 00:00:00-04:00,99.90368340124336,100.43956288382508,97.415662131072,97.96111297607422,1137100,0.0,0.0
2022-08-19 00:00:00-04:00,97.60704460696898,99.33908884657845,96.36303033381094,99.04244232177734,1478100,0.0,0.0
2022-08-22 00:00:00-04:00,98.68838511972653,102.40128559814411,98.68838511972653,101.09028625488281,1905600,0.0,0.0
2022-08-23 00:00:00-04:00,102.39170331877602,106.17158103498616,102.16204172939071,104.3534164428711,2090400,0.0,0.0
2022-08-24 00:00:00-04:00,104.47781754734926,108.00889833819846,104.40126124871378,107.65483093261719,3041300,0.0,0.0
2022-08-25 00:00:00-04:00,110.06629339965295,112.50647243161526,109.77921823759347,112.34379577636719,4175800,0.0,0.0
2022-08-26 00:00:00-04:00,112.91795922106299,114.44904873338984,111.58782452277804,113.25288391113281,2570800,0.0,0.0
2022-08-29 00:00:00-04:00,111.00408301190788,111.65479689401009,107.5878369560738,108.4586410522461,2995500,0.0,0.0
2022-08-30 00:00:00-04:00,106.60220976681657,106.79359321688128,100.65966384233643,101.43477630615234,3745600,0.0,0.0
2022-08-31 00:00:00-04:00,100.08548826967706,100.6596531605634,97.9419631930136,99.00415802001953,3539800,0.0,0.0
2022-09-01 00:00:00-04:00,97.8558363768602,98.56396378115839,95.91326621998239,98.00894165039062,2319500,0.0,0.0
2022-09-02 00:00:00-04:00,99.83669238917243,102.48739015510063,97.93239292797328,102.25772857666016,3288500,0.0,0.0
2022-09-06 00:00:00-04:00,102.42997283888718,103.63570885801221,98.37258436440847,98.48741149902344,3239300,0.0,0.0
2022-09-07 00:00:00-04:00,96.68838582881105,98.48741490787401,95.74102543139901,97.9228286743164,2411900,0.0,0.0
2022-09-08 00:00:00-04:00,98.21947395869464,98.98502227685769,96.56398612432105,98.04722595214844,1570500,0.0,0.0
2022-09-09 00:00:00-04:00,100.31516421274782,101.20511109533936,98.98502957006296,99.21469116210938,1524200,0.0,0.0
2022-09-12 00:00:00-04:00,99.29125445899399,99.29125445899399,92.87980644725323,95.19558715820312,4037700,0.0,0.0
2022-09-13 00:00:00-04:00,94.28649114941678,98.50656398416587,94.0376868317446,95.83672332763672,2894300,0.0,0.0
2022-09-14 00:00:00-04:00,96.04725221407392,99.29125059479738,95.41567368999154,98.65010070800781,2778600,0.0,0.0
2022-09-15 00:00:00-04:00,97.51135161774842,98.14292280762747,95.21471384376687,96.76494598388672,1992400,0.0,0.0
2022-09-16 00:00:00-04:00,95.15730815311004,95.59749594028456,91.20517482991137,94.34391021728516,7463000,0.0,0.0
2022-09-19 00:00:00-04:00,92.17166919083225,99.17640956132651,91.68363193651133,99.01373291015625,2840200,0.0,0.0
2022-09-20 00:00:00-04:00,97.95152913998733,101.02327901285962,95.81756824221003,99.81754302978516,2851200,0.0,0.0
2022-09-21 00:00:00-04:00,101.38692171490905,101.96108663796538,97.2912547618608,97.31996154785156,1871200,0.0,0.0
2022-09-22 00:00:00-04:00,98.67880525593533,99.84625586497073,97.03288146833768,97.15727996826172,1466400,0.0,0.0
2022-09-23 00:00:00-04:00,94.2577890960099,94.9659166348392,88.35352121650519,89.75064086914062,3227200,0.0,0.0
2022-09-26 00:00:00-04:00,88.61187834124412,91.74104924341898,86.3630901952149,86.46835327148438,2755600,0.0,0.0
2022-09-27 00:00:00-04:00,87.82719601427071,92.9563508465123,87.82719601427071,91.74105072021484,3452400,0.0,0.0
2022-09-28 00:00:00-04:00,92.19079850326666,96.181209328734,91.36784393989336,95.89412689208984,2876900,0.0,0.0
2022-09-29 00:00:00-04:00,94.32476796254821,95.01376003199974,91.82717536119156,92.87979888916016,2258800,0.0,0.0
2022-09-30 00:00:00-04:00,92.32478808958882,93.81759943915532,90.85111216466342,92.10469055175781,2670100,0.0,0.0
2022-10-03 00:00:00-04:00,96.68837487493876,97.00416407190352,94.38216609207446,95.9802474975586,3186200,0.0,0.0
2022-10-04 00:00:00-04:00,97.85584327032119,100.87974381845763,97.60703896989664,100.53524780273438,2923500,0.0,0.0
2022-10-05 00:00:00-04:00,99.3677974489914,100.56396223319523,97.16685862654263,98.13336181640625,1767900,0.0,0.0
2022-10-06 00:00:00-04:00,97.63575466469847,103.09983460606125,97.63575466469847,101.17640686035156,2751300,0.0,0.0
2022-10-07 00:00:00-04:00,101.04242292691976,101.82711399359754,98.7553565617391,100.28645324707031,1928700,0.0,0.0
2022-10-10 00:00:00-04:00,101.18597090590589,103.61657866013195,99.31038537210851,101.94194793701172,2184500,0.0,0.0
2022-10-11 00:00:00-04:00,100.83189834768409,102.16203285947161,98.08550167256091,98.40129089355469,2056900,0.0,0.0
2022-10-12 00:00:00-04:00,97.67403132691538,98.84148932442798,95.17643867343295,98.13336181640625,1740200,0.0,0.0
2022-10-13 00:00:00-04:00,97.77929235150276,102.77447755320489,96.53527808182152,102.42041015625,1939700,0.0,0.0
2022-10-14 00:00:00-04:00,103.64529143550408,103.64529143550408,93.03292020137559,93.8176040649414,3243500,0.0,0.0
2022-10-17 00:00:00-04:00,95.26255636100113,96.81278108651304,93.87500097610565,94.62140655517578,2324700,0.0,0.0
2022-10-18 00:00:00-04:00,96.83192584411844,99.42521000316603,95.3965282231896,95.92283630371094,3414900,0.0,0.0
2022-10-19 00:00:00-04:00,95.41566327078253,98.89889423314882,95.41566327078253,96.32475280761719,2103100,0.0,0.0
2022-10-20 00:00:00-04:00,97.99938581933213,101.08069997816739,96.61183037589655,99.92281341552734,3011000,0.0,0.0
2022-10-21 00:00:00-04:00,100.29602286369338,103.11897614542822,97.79843020089677,102.74577331542969,2654100,0.0,0.0
2022-10-24 00:00:00-04:00,102.65005911012013,102.90843475471274,98.61181351351085,99.64529418945312,2181900,0.0,0.0
2022-10-25 00:00:00-04:00,99.52090177887449,103.25293705574425,99.09028541265522,103.0615463256836,1962300,0.0,0.0
2022-10-26 00:00:00-04:00,103.58787172925841,104.42996912056705,100.6309558466414,100.79363250732422,1833900,0.0,0.0
2022-10-27 00:00:00-04:00,101.80796973084837,103.52087846354576,101.37735335761364,102.3438491821289,2161800,0.0,0.0
2022-10-28 00:00:00-04:00,102.38213364911705,105.82708675009188,99.44435324595771,101.12855529785156,2783500,0.0,0.0
2022-10-31 00:00:00-04:00,101.53045827582766,105.16680188415125,100.20032371349258,101.6835708618164,3382300,0.0,0.0
2022-11-01 00:00:00-04:00,103.34864053110776,103.82710645949253,100.58310804910872,103.15725708007812,1829000,0.0,0.0
2022-11-02 00:00:00-04:00,101.43476501508796,102.82231312563081,97.46349681141076,98.72664642333984,3706200,0.0,0.0
2022-11-03 00:00:00-04:00,93.3008468454113,102.34384908087334,91.3295697508854,100.7074966430664,5399800,0.0,0.0
2022-11-04 00:00:00-04:00,103.44432443271354,106.01847326898977,100.35343885757806,100.84146881103516,2441800,0.0,0.0
2022-11-07 00:00:00-05:00,100.80318151007886,101.13811344485082,98.3438673395407,99.81754302978516,2130700,0.0,0.0
2022-11-08 00:00:00-05:00,99.91324594856717,104.66919053849561,99.62616350776388,103.97063446044922,1908200,0.0,0.0
2022-11-09 00:00:00-05:00,102.28643480635229,104.69790691972726,99.65487247756899,100.15248107910156,1975200,0.0,0.0
2022-11-10 00:00:00-05:00,102.06634064458994,104.89885765650138,99.59745505757733,103.81752014160156,2379200,0.0,0.0
2022-11-11 00:00:00-05:00,104.65962960417455,107.59740982614015,97.66445344831259,98.3917236328125,5020900,0.0,0.0
2022-11-14 00:00:00-05:00,98.24761968137742,104.08848921464181,98.15155424306067,103.52169799804688,3169500,0.4,0.0
2022-11-15 00:00:00-05:00,104.71293410332817,104.95310138338166,98.8048175481472,102.70513916015625,3457400,0.0,0.0
2022-11-16 00:00:00-05:00,101.28334305194129,101.86935178665907,97.86336341666262,98.66071319580078,1988400,0.0,0.0
2022-11-17 00:00:00-05:00,97.16208109716325,99.06420931448581,96.33590500905918,98.1419677734375,1608900,0.0,0.0
2022-11-18 00:00:00-05:00,97.67122482992272,98.81442339484852,94.31849175087068,97.35420227050781,1705400,0.0,0.0
2022-11-21 00:00:00-05:00,96.30707580895378,99.85194707937508,94.95252888049822,98.72795867919922,2007400,0.0,0.0
2022-11-22 00:00:00-05:00,100.62047302506602,105.47185460048674,100.59165412660707,105.36618041992188,3093100,0.0,0.0
2022-11-23 00:00:00-05:00,103.75226391576906,104.64568648155003,101.22570679415455,102.12873077392578,1714400,0.0,0.0
2022-11-25 00:00:00-05:00,102.16714712912788,105.4622421066527,102.00383515745405,104.34786987304688,1044400,0.0,0.0
2022-11-28 00:00:00-05:00,103.09899788110715,104.72253085372243,100.24580974813212,100.2938461303711,2407000,0.0,0.0
2022-11-29 00:00:00-05:00,102.07108525124048,103.87714040348258,100.99513329050637,102.2151870727539,2055800,0.0,0.0
2022-11-30 00:00:00-05:00,103.22389115868091,104.7129311852464,99.34279447097741,103.9347915649414,8646900,0.0,0.0
2022-12-01 00:00:00-05:00,104.3286613833564,104.3286613833564,99.47728689155302,99.5637435913086,2446000,0.0,0.0
2022-12-02 00:00:00-05:00,99.51571769906676,101.8693616080234,98.88167984603008,100.28425598144531,1784400,0.0,0.0
2022-12-05 00:00:00-05:00,102.79158593121409,104.58803965099814,98.69913382230297,99.4100341796875,2578100,0.0,0.0
2022-12-06 00:00:00-05:00,99.47727066214114,100.51478753655775,96.66251040325017,97.50789642333984,1557900,0.0,0.0
2022-12-07 00:00:00-05:00,96.94112736693971,98.14196380347802,95.79792873397157,96.56645965576172,2893200,0.0,0.0
2022-12-08 00:00:00-05:00,98.40132601819015,98.95851579753915,96.05729131149627,96.2013931274414,1578700,0.0,0.0
2022-12-09 00:00:00-05:00,95.84595460270974,97.14286377445052,94.77000988216163,94.81803894042969,1387400,0.0,0.0
2022-12-12 00:00:00-05:00,94.76039018149156,95.34639886159631,93.35781431201352,94.82763671875,2606900,0.0,0.0
2022-12-13 00:00:00-05:00,96.54725330089691,97.09483444435588,93.8862028776057,93.96305084228516,1971400,0.0,0.0
2022-12-14 00:00:00-05:00,94.21281604613527,94.41455567269635,89.34222412109375,89.34222412109375,3514500,0.0,0.0
2022-12-15 00:00:00-05:00,89.1020534770914,91.49411733493977,88.88109637294684,90.83126068115234,2696200,0.0,0.0
2022-12-16 00:00:00-05:00,89.66884978801573,91.54215892041677,89.01560183972084,91.330810546875,4982500,0.0,0.0
2022-12-19 00:00:00-05:00,91.58058918291243,92.48361317388515,88.41037814776548,89.0732421875,2250500,0.0,0.0
2022-12-20 00:00:00-05:00,89.82255382698736,90.7063675708464,88.85227605964047,89.87059020996094,1511100,0.0,0.0
2022-12-21 00:00:00-05:00,90.11076415492539,90.53345357331166,88.38155685004295,89.85137939453125,1671900,0.0,0.0
2022-12-22 00:00:00-05:00,89.66884762327454,89.66884762327454,84.84629210884133,86.36415100097656,2950100,0.0,0.0
2022-12-23 00:00:00-05:00,87.11348188429442,87.83398377217864,86.46022654610643,87.1711196899414,1500100,0.0,0.0
2022-12-27 00:00:00-05:00,87.18071083488134,87.56497989671232,83.78955047316933,84.15460205078125,2532200,0.0,0.0
2022-12-28 00:00:00-05:00,83.5782055387604,84.51966441226007,82.4638259468352,82.94416046142578,2085900,0.0,0.0
2022-12-29 00:00:00-05:00,82.8865320799489,83.87602011970749,81.80097859222498,82.14682006835938,2154200,0.0,0.0
2022-12-30 00:00:00-05:00,81.9930932020303,82.56949310465716,81.14770716679904,81.84899139404297,1673400,0.0,0.0
2023-01-03 00:00:00-05:00,81.35906024592653,81.64725654936203,78.0927841683977,78.72682189941406,6213200,0.0,0.0
2023-01-04 00:00:00-05:00,78.40980989567386,79.42811673544783,77.16093720856293,79.16873931884766,4831600,0.0,0.0
2023-01-05 00:00:00-05:00,78.88054002133721,81.07086438648226,78.42902437374049,80.48485565185547,3301900,0.0,0.0
2023-01-06 00:00:00-05:00,80.60013698003036,82.37737330559841,79.40890937744275,81.09008026123047,2961600,0.0,0.0
2023-01-09 00:00:00-05:00,81.43591229357014,83.12669187689438,80.71541050474328,82.61753845214844,3717200,0.0,0.0
2023-01-10 00:00:00-05:00,83.28039799567244,83.56859429821819,79.16873584637497,79.73552703857422,3567500,0.0,0.0
2023-01-11 00:00:00-05:00,79.99491176158806,81.46474162338767,79.26480853155874,80.7442398071289,2817000,0.0,0.0
2023-01-12 00:00:00-05:00,80.83069413674008,83.11708386139911,80.03333705775763,82.91534423828125,2924300,0.0,0.0
2023-01-13 00:00:00-05:00,81.9739012213371,83.66467366663849,81.36867495947808,83.49176025390625,2072600,0.0,0.0
2023-01-17 00:00:00-05:00,83.92404894890036,84.61573183886587,82.59832829601527,82.61753845214844,2764200,0.0,0.0
2023-01-18 00:00:00-05:00,83.3380353997427,83.94325422864284,80.84029747610488,81.3014144897461,2650200,0.0,0.0
2023-01-19 00:00:00-05:00,82.04113340033557,82.44461261802502,80.01412124043314,82.03152465820312,2256300,0.0,0.0
2023-01-20 00:00:00-05:00,81.60883681279174,83.11708700106551,80.79226954666301,83.07866668701172,1700300,0.0,0.0
2023-01-23 00:00:00-05:00,83.37646396005462,83.7607330285487,81.45512594690712,82.15641021728516,2410400,0.0,0.0
2023-01-24 00:00:00-05:00,81.6568657003845,82.61753470862432,79.57221571154159,81.59922790527344,2632900,0.0,0.0
2023-01-25 00:00:00-05:00,80.80186988997504,81.5992269161866,79.42811293167088,80.46563720703125,2683300,0.0,0.0
2023-01-26 00:00:00-05:00,81.07087071473123,81.79137259262919,79.60104805651127,81.75294494628906,2834500,0.0,0.0
2023-01-27 00:00:00-05:00,81.37828123395929,82.31974020754798,79.74514664245764,79.81239318847656,2923900,0.0,0.0
2023-01-30 00:00:00-05:00,79.03423109014177,80.37916908257804,78.59232425378688,79.44731903076172,2546100,0.0,0.0
2023-01-31 00:00:00-05:00,79.42811929876103,81.50316068649776,79.25519857233937,81.36866760253906,2171900,0.0,0.0
2023-02-01 00:00:00-05:00,80.70581104358811,83.25158555822259,80.03333829348885,81.92585754394531,2421500,0.0,0.0
2023-02-02 00:00:00-05:00,81.82979366336089,83.56860237691185,81.07086420010823,81.6856918334961,3237400,0.0,0.0
2023-02-03 00:00:00-05:00,81.57039867063446,83.17471395204915,81.32062270793479,82.55027770996094,2393900,0.0,0.0
2023-02-06 00:00:00-05:00,82.74241848894926,83.19393409250038,81.8393946111698,82.60792541503906,2104200,0.0,0.0
2023-02-07 00:00:00-05:00,82.69440483883194,83.05945648896392,79.51458486657693,80.9363784790039,2990800,0.0,0.0
2023-02-08 00:00:00-05:00,81.25338451473803,81.7529291620631,80.10057733508197,80.81147766113281,1802100,0.0,0.0
2023-02-09 00:00:00-05:00,81.60882677808148,83.82797710198159,81.32063048217367,83.38607025146484,3077600,0.0,0.0
2023-02-10 00:00:00-05:00,83.55900302634763,87.64184677383145,83.55900302634763,86.93094635009766,4156800,0.0,0.0
2023-02-13 00:00:00-05:00,85.78775631701535,86.08556140219656,83.2611918121014,83.43411254882812,3286100,0.0,0.0
2023-02-14 00:00:00-05:00,82.93225070637224,83.21213466478231,81.45562738629238,82.54620361328125,2117900,0.4,0.0
2023-02-15 00:00:00-05:00,81.48458173909931,82.0926009562732,80.55807310963792,82.04434967041016,2440900,0.0,0.0
2023-02-16 00:00:00-05:00,80.41330265835308,85.73108315585344,79.42888956342003,82.33387756347656,4259400,0.0,0.0
2023-02-17 00:00:00-05:00,81.15643096648313,83.06735988488505,79.1489994860556,79.47713470458984,3330400,0.0,0.0
2023-02-21 00:00:00-05:00,78.2997021708239,81.27225528584344,78.27074992672242,80.5677261352539,3523400,0.0,0.0
2023-02-22 00:00:00-05:00,81.71620931475987,83.60783207261,81.11784328351074,82.42074584960938,3690400,0.0,0.0
2023-02-23 00:00:00-05:00,81.67760269996253,83.70434817741814,81.06958347466754,83.2700424194336,2489800,0.0,0.0
2023-02-24 00:00:00-05:00,82.83573574812146,82.9805043196517,80.7800382315099,82.6041030883789,2260300,0.0,0.0
2023-02-27 00:00:00-05:00,82.60410498177397,83.46306322901245,81.6775964112732,82.3145751953125,2810700,0.0,0.0
2023-02-28 00:00:00-05:00,82.53655138633941,84.4281814285137,82.36283056055751,82.89364624023438,3417600,0.0,0.0
2023-03-01 00:00:00-05:00,82.79713867618547,83.63679058536708,81.92853452241762,82.1794662475586,2164900,0.0,0.0
2023-03-02 00:00:00-05:00,81.49423256496809,83.91666352378788,80.33609128948893,83.84910583496094,2800200,0.0,0.0
2023-03-03 00:00:00-05:00,83.7043352321685,84.37991204468197,82.633058170015,83.15422058105469,2219000,0.0,0.0
2023-03-06 00:00:00-05:00,82.57516230376399,83.28935205887534,81.53284464324585,83.00946807861328,1940900,0.0,0.0
2023-03-07 00:00:00-05:00,82.19877134202837,82.19877134202837,79.84389779570701,80.28784942626953,2227000,0.0,0.0
2023-03-08 00:00:00-05:00,80.37470115009248,81.73551556680391,79.91145050504247,81.33016204833984,2046100,0.0,0.0
2023-03-09 00:00:00-05:00,81.53284021760165,81.98643764729817,78.24179769065574,78.28040313720703,2288200,0.0,0.0
2023-03-10 00:00:00-05:00,77.93294910074846,78.91736206009246,75.500865260276,75.73249053955078,2905500,0.0,0.0
2023-03-13 00:00:00-04:00,74.30411498744644,74.4102781024879,72.44144491885727,72.61516571044922,3494300,0.0,0.0
2023-03-14 00:00:00-04:00,73.46448057869446,74.96040286580165,71.43773528126617,72.00715637207031,3367600,0.0,0.0
2023-03-15 00:00:00-04:00,70.54984311318277,71.35088962736695,68.22392183328539,69.95147705078125,3833900,0.0,0.0
2023-03-16 00:00:00-04:00,69.1697225219927,70.99378749602201,68.29147256124031,70.51123046875,3746800,0.0,0.0
2023-03-17 00:00:00-04:00,70.26030953874564,70.73321338680311,68.26252364304922,68.4555435180664,7624500,0.0,0.0
2023-03-20 00:00:00-04:00,69.87425483646156,71.01308964714154,68.1370466970394,70.03832244873047,3539600,0.0,0.0
2023-03-21 00:00:00-04:00,71.94925047598129,73.00122118453173,71.5342511681964,72.08436584472656,2363000,0.0,0.0
2023-03-22 00:00:00-04:00,72.17122233280548,72.35459634546064,68.64855482893525,68.70646667480469,2481500,0.0,0.0
2023-03-23 00:00:00-04:00,69.1793674820294,69.80669301538894,66.54460318721333,67.55797576904297,4168700,0.0,0.0
2023-03-24 00:00:00-04:00,66.9113603861352,67.15263890416115,65.57949825416085,66.88240814208984,3389800,0.0,0.0
2023-03-27 00:00:00-04:00,68.28182544674986,68.56170943110938,65.66636700933907,67.4228744506836,2879600,0.0,0.0
2023-03-28 00:00:00-04:00,67.5579801983165,68.91879447666419,67.17193312453615,67.81855773925781,1744300,0.0,0.0
2023-03-29 00:00:00-04:00,69.10217141681215,70.96484201408822,68.64856658983891,69.77775573730469,2876100,0.0,0.0
2023-03-30 00:00:00-04:00,70.75250404325392,70.75250404325392,69.01530328428777,69.37239074707031,2188700,0.0,0.0
2023-03-31 00:00:00-04:00,69.50751579024826,70.37611997224107,69.14077507484525,69.96112060546875,2596800,0.0,0.0
2023-04-03 00:00:00-04:00,71.17715595385867,71.61145429913047,69.56541737604608,71.09994506835938,3085800,0.0,0.0
2023-04-04 00:00:00-04:00,70.43402109744314,70.47261917677532,68.77402388321826,70.3278579711914,2136400,0.0,0.0
2023-04-05 00:00:00-04:00,69.64263585470279,70.74286532170264,68.86088843944998,70.60774993896484,3212100,0.0,0.0
2023-04-06 00:00:00-04:00,70.26030529181894,70.26995113072138,68.80298102484846,68.96704864501953,2295800,0.0,0.0
2023-04-10 00:00:00-04:00,70.27959896093441,72.98192102069292,70.27959896093441,71.1385498046875,2204600,0.0,0.0
2023-04-11 00:00:00-04:00,71.37983144678853,75.51051824019616,71.37983144678853,74.85424041748047,4724000,0.0,0.0
2023-04-12 00:00:00-04:00,74.69017059511512,75.19203398995437,73.25215282138467,74.3716812133789,2345400,0.0,0.0
2023-04-13 00:00:00-04:00,74.14006781544354,75.143787402942,73.5610008050658,74.3523941040039,2209200,0.0,0.0
2023-04-14 00:00:00-04:00,75.14377897633474,75.91587314574694,73.85052234705468,74.3909912109375,1419200,0.0,0.0
2023-04-17 00:00:00-04:00,74.34273629374877,75.59738754117778,74.30413084701784,75.2885513305664,1950800,0.0,0.0
2023-04-18 00:00:00-04:00,74.60332047163848,74.79634034012504,71.53425743799166,72.44145965576172,3019600,0.0,0.0
2023-04-19 00:00:00-04:00,71.72727824204607,72.50901829182003,70.10588629060803,71.80448913574219,2009700,0.0,0.0
2023-04-20 00:00:00-04:00,70.90692779852641,72.1422725585348,70.54017976067446,71.86238861083984,1735500,0.0,0.0
2023-04-21 00:00:00-04:00,71.48600660615722,71.93961144626137,70.69461327764681,71.84310150146484,2048500,0.0,0.0
2023-04-24 00:00:00-04:00,71.92029429838745,72.38355227275679,71.3315815140792,71.99750518798828,1432700,0.0,0.0
2023-04-25 00:00:00-04:00,70.83937340883833,71.37983492568549,69.68123212000536,69.80670166015625,1656900,0.0,0.0
2023-04-26 00:00:00-04:00,69.67158007818885,70.48227228128489,68.85122731042014,69.02494812011719,1652900,0.0,0.0
2023-04-27 00:00:00-04:00,69.35309600556765,69.5171636263789,67.12368491326241,67.66414642333984,2323600,0.0,0.0
2023-04-28 00:00:00-04:00,66.99821305047581,69.15042054041997,66.27437754034561,69.0828628540039,2584900,0.0,0.0
2023-05-01 00:00:00-04:00,69.29518782689806,69.65227529278661,68.07914213077959,69.43994903564453,2665700,0.0,0.0
2023-05-02 00:00:00-04:00,69.74877884051466,72.15191777121267,66.89204255850437,71.47633361816406,5104900,0.0,0.0
2023-05-03 00:00:00-04:00,72.61518200609291,73.51273840353375,71.26402080863284,71.27367401123047,2806200,0.0,0.0
2023-05-04 00:00:00-04:00,70.89726975304214,71.38947992834287,67.28774564838535,67.62553405761719,2973100,0.0,0.0
2023-05-05 00:00:00-04:00,68.82227162952314,68.82227162952314,66.39984097951317,67.21053314208984,3319000,0.0,0.0
2023-05-08 00:00:00-04:00,68.42658259631979,68.94774502866379,64.99077182344848,65.22240447998047,2918500,0.0,0.0
2023-05-09 00:00:00-04:00,64.73020363167689,65.70497095304415,63.938810349055764,65.42508697509766,3053000,0.0,0.0
2023-05-10 00:00:00-04:00,66.5735751323201,66.67973091117504,64.2959052236571,65.42508697509766,2303100,0.0,0.0
2023-05-11 00:00:00-04:00,62.10509010904617,65.00043237392698,61.58393129939736,64.83636474609375,4541000,0.0,0.0
2023-05-12 00:00:00-04:00,65.24413335472566,65.71016615908147,63.729539703414495,64.59363555908203,1975200,0.4,0.0
2023-05-15 00:00:00-04:00,65.04995966477831,65.71987953018241,64.52567551889776,65.3315200805664,3148100,0.0,0.0
2023-05-16 00:00:00-04:00,64.7392730045524,65.29268280789448,63.001370223833185,63.04020690917969,2673400,0.0,0.0
2023-05-17 00:00:00-04:00,62.51592254566865,63.43826974551158,61.77804404506028,62.2537841796875,3773300,0.0,0.0
2023-05-18 00:00:00-04:00,62.76835442508954,63.894588615261945,61.603279847815,63.79750061035156,2600800,0.0,0.0
2023-05-19 00:00:00-04:00,64.19557556249892,65.3509354944437,64.04993984124894,64.29266357421875,2543800,0.0,0.0
2023-05-22 00:00:00-04:00,64.55481090278865,65.69076376026574,63.32177742746345,65.08880615234375,2321200,0.0,0.0
2023-05-23 00:00:00-04:00,64.72955472932999,65.74899723527533,63.855747925282486,65.52568817138672,1894200,0.0,0.0
2023-05-24 00:00:00-04:00,65.76840621455806,65.87520522627341,63.69069210774109,63.846038818359375,1619400,0.0,0.0
2023-05-25 00:00:00-04:00,63.117877162851734,63.72953826033705,61.98192824642047,62.001346588134766,1984600,0.0,0.0
2023-05-26 00:00:00-04:00,62.43825001998232,62.778069168317955,60.729476588067385,61.02074432373047,2167700,0.0,0.0
2023-05-30 00:00:00-04:00,60.486752982563765,60.748895056302594,58.680887832587544,60.20519256591797,3242000,0.0,0.0
2023-05-31 00:00:00-04:00,59.74887500244125,60.75860662057305,58.84594241941362,59.71974563598633,5287600,0.0,0.0
2023-06-01 00:00:00-04:00,60.19548296542044,60.19548296542044,58.33136656102712,58.48670959472656,3296300,0.0,0.0
2023-06-02 00:00:00-04:00,59.399347108062265,61.816873205980045,59.16633071488385,61.07899475097656,2780200,0.0,0.0
2023-06-05 00:00:00-04:00,61.952802585684026,63.30234214996257,61.71978618878249,62.001346588134766,2195100,0.0,0.0
2023-06-06 00:00:00-04:00,60.72947920125462,64.88491216182419,60.44791877307435,64.76840209960938,2933200,0.0,0.0
2023-06-07 00:00:00-04:00,65.46744314106542,67.63254201862287,65.14704604758711,66.42862701416016,3012100,0.0,0.0
2023-06-08 00:00:00-04:00,65.98201050310998,66.91406863330384,63.836333858496026,65.39947509765625,2484400,0.0,0.0
2023-06-09 00:00:00-04:00,65.62277733460067,66.91406922308661,64.56450553622172,65.9917221069336,2021500,0.0,0.0
2023-06-12 00:00:00-04:00,65.40917975394954,66.370363449769,65.28295870003686,66.12763977050781,2020600,0.0,0.0
2023-06-13 00:00:00-04:00,67.34127291419726,67.82672037903009,66.64222737966351,67.42864990234375,2002100,0.0,0.0
2023-06-14 00:00:00-04:00,67.47719373777524,67.80729443938647,65.02083089191984,65.82667541503906,2064000,0.0,0.0
2023-06-15 00:00:00-04:00,66.21502663907049,68.57430145050888,66.21502663907049,68.04031372070312,3237400,0.0,0.0
2023-06-16 00:00:00-04:00,68.83645232593089,69.61316382899585,67.71992166997573,69.1956787109375,5874200,0.0,0.0
2023-06-20 00:00:00-04:00,68.73935787875419,69.74908199747668,68.24419943454272,69.66170501708984,3625800,0.0,0.0
2023-06-21 00:00:00-04:00,69.54519695120771,71.37048404959845,69.54519695120771,70.78794860839844,2834700,0.0,0.0
2023-06-22 00:00:00-04:00,70.29279031691055,70.38016729999494,68.50633989800514,69.15684509277344,2339800,0.0,0.0
2023-06-23 00:00:00-04:00,68.38011874437778,69.31217683192986,67.14708564936785,68.50633239746094,5900100,0.0,0.0
2023-06-26 00:00:00-04:00,68.79761120818958,69.05004594891226,67.5160302737099,67.9820556640625,1718900,0.0,0.0
2023-06-27 00:00:00-04:00,67.65195310445412,68.15681516468848,65.62277902633065,68.03060150146484,1924600,0.0,0.0
2023-06-28 00:00:00-04:00,68.0985633440865,68.19565134641762,66.04997464333876,66.2635726928711,1705000,0.0,0.0
2023-06-29 00:00:00-04:00,66.61309381517421,68.32187076274268,66.35094806715006,68.27332305908203,1838200,0.0,0.0
2023-06-30 00:00:00-04:00,68.67139820536559,69.28305931386899,67.030583485816,67.39952087402344,2095300,0.0,0.0
2023-07-03 00:00:00-04:00,67.33156621340282,68.76849406078583,66.99175444767268,68.38013458251953,983700,0.0,0.0
2023-07-05 00:00:00-04:00,67.74904684116586,68.40925568801711,67.08883799431462,68.07915496826172,2108100,0.0,0.0
2023-07-06 00:00:00-04:00,67.50631899607912,67.57428134055479,65.99172537214119,67.19563293457031,1743000,0.0,0.0
2023-07-07 00:00:00-04:00,66.91407435457167,70.60347791679484,66.51601129962339,69.75879669189453,2821100,0.0,0.0
2023-07-10 00:00:00-04:00,68.14710728279721,69.88500983563694,67.71991120734137,68.05972290039062,2229900,0.0,0.0
2023-07-11 00:00:00-04:00,68.77819391462295,70.73940583926803,68.05002271046413,70.70056915283203,2500800,0.0,0.0
2023-07-12 00:00:00-04:00,71.44814792735988,71.81709270832772,70.03064234572824,70.11802673339844,2257100,0.0,0.0
2023-07-13 00:00:00-04:00,69.9044339628676,72.1374952329509,69.9044339628676,71.79767608642578,2754000,0.0,0.0
2023-07-14 00:00:00-04:00,72.05981328106549,72.33166264004166,70.9724084378213,71.59378051757812,2637500,0.0,0.0
2023-07-17 00:00:00-04:00,72.05981968339628,72.22487003639047,71.50640989421446,71.77825927734375,1840900,0.0,0.0
2023-07-18 00:00:00-04:00,71.77825903559784,75.65212754682359,71.4966986304936,74.12782287597656,3534900,0.0,0.0
2023-07-19 00:00:00-04:00,74.62297903496655,77.44827920692451,74.56472771410347,76.00164794921875,3765100,0.0,0.0
2023-07-20 00:00:00-04:00,77.1375931153504,77.47741223980506,75.57445180928252,76.72010803222656,1679100,0.0,0.0
2023-07-21 00:00:00-04:00,76.55505246145897,77.27351252967111,75.60357971845845,76.7395248413086,1692100,0.0,0.0
2023-07-24 00:00:00-04:00,77.58421713404556,79.15706217431634,77.51624737814205,78.2055892944336,2157400,0.0,0.0
2023-07-25 00:00:00-04:00,78.53568903390179,79.03084751430532,77.78810320903713,78.72016143798828,1934000,0.0,0.0
2023-07-26 00:00:00-04:00,78.39976788513655,79.92407267342081,78.16675516919277,79.27357482910156,2285500,0.0,0.0
2023-07-27 00:00:00-04:00,79.45803586057892,80.20562908921734,79.0114250909626,79.1085205078125,2125400,0.0,0.0
2023-07-28 00:00:00-04:00,79.6619325018223,79.72018382766265,77.89490401370675,78.86579895019531,2051600,0.0,0.0
2023-07-31 00:00:00-04:00,78.33179345493535,79.76872103090732,78.33179345493535,79.69104766845703,1949400,0.0,0.0
2023-08-01 00:00:00-04:00,79.70075196011256,80.20562141298738,78.52597012059863,78.9143295288086,2380100,0.0,0.0
2023-08-02 00:00:00-04:00,78.29296231701501,79.72988999472445,77.09876576598346,78.30267333984375,2128300,0.0,0.0
2023-08-03 00:00:00-04:00,81.78818737574069,81.84644610892155,76.87546136745756,78.86579895019531,2852000,0.0,0.0
2023-08-04 00:00:00-04:00,79.18617430836483,81.7493358838969,78.82694798762095,78.87548828125,1925600,0.0,0.0
2023-08-07 00:00:00-04:00,78.64248972865838,78.83666575270652,77.43858208341081,78.14733123779297,1891800,0.0,0.0
2023-08-08 00:00:00-04:00,77.0405096157584,77.6521781496667,76.12787343748336,76.95313262939453,2588300,0.0,0.0
2023-08-09 00:00:00-04:00,78.89491509518002,80.78815702999452,78.45800798206463,80.35125732421875,2381600,0.0,0.0
2023-08-10 00:00:00-04:00,80.39009669590733,80.59398372591451,77.52595243855335,77.63275146484375,2499000,0.0,0.0
2023-08-11 00:00:00-04:00,77.63275116142948,78.31238199947043,77.27351740100757,77.56478881835938,2459400,0.0,0.0
2023-08-14 00:00:00-04:00,76.11087389116726,76.61827644147826,74.96921256950709,76.16941833496094,2209400,0.4,0.0
2023-08-15 00:00:00-04:00,75.38880770898255,77.29157681200326,75.06679833935911,75.2814712524414,2026100,0.0,0.0
2023-08-16 00:00:00-04:00,75.13509844693002,76.16942339392284,74.82284898493515,74.88139343261719,1655100,0.0,0.0
2023-08-17 00:00:00-04:00,75.34978417626536,76.90127186089634,75.34978417626536,75.96452331542969,1733300,0.0,0.0
2023-08-18 00:00:00-04:00,75.00825788054806,77.66237487600225,74.87164919124584,77.13545989990234,2636900,0.0,0.0
2023-08-21 00:00:00-04:00,77.43794904909099,77.9843838030789,76.91102663148185,77.21351623535156,1395000,0.0,0.0
2023-08-22 00:00:00-04:00,77.27205816860817,77.75994840592558,74.85211931588356,74.89115142822266,1715700,0.0,0.0
2023-08-23 00:00:00-04:00,74.55939689607487,74.55939689607487,72.26630660183757,72.59807586669922,2258000,0.0,0.0
2023-08-24 00:00:00-04:00,72.11994866479797,72.23703757377912,70.64651785499129,71.7784194946289,2350400,0.0,0.0
2023-08-25 00:00:00-04:00,72.18824919927563,72.42243444949115,71.38810943680896,71.79793548583984,1629100,0.0,0.0
2023-08-28 00:00:00-04:00,71.9247869511463,74.60818359437484,71.8662424975709,73.50555419921875,1236600,0.0,0.0
2023-08-29 00:00:00-04:00,73.57384469917564,74.62768933292634,73.37868414962156,74.60816955566406,1129700,0.0,0.0
2023-08-30 00:00:00-04:00,74.41302471319575,75.06679587641261,73.2908756236564,74.9106674194336,1154500,0.0,0.0
2023-08-31 00:00:00-04:00,74.95945454351522,75.98402700305006,74.0617383081711,75.20339965820312,1948700,0.0,0.0
2023-09-01 00:00:00-04:00,76.11087905825087,77.5160053616029,76.11087905825087,77.29157257080078,1387600,0.0,0.0
2023-09-05 00:00:00-04:00,80.13110168254754,82.394912267444,79.95546088524459,80.56044006347656,3300200,0.0,0.0
2023-09-06 00:00:00-04:00,80.19939853306191,80.43358375938864,78.0721968286742,79.06748962402344,2153500,0.0,0.0
2023-09-07 00:00:00-04:00,78.75524465567061,80.0920666443945,78.11123338547064,78.89185333251953,2941300,0.0,0.0
2023-09-08 00:00:00-04:00,79.60417112064044,81.82894936173273,79.36022600745727,81.71185302734375,3123200,0.0,0.0
2023-09-11 00:00:00-04:00,82.16071865732489,83.18529120425545,79.74078708218535,79.83836364746094,2765900,0.0,0.0
2023-09-12 00:00:00-04:00,79.74078382242195,80.9800217844535,79.10652500713667,79.70175170898438,1755400,0.0,0.0
2023-09-13 00:00:00-04:00,80.26770358205896,80.26770358205896,78.47226364526848,78.91136932373047,1094400,0.0,0.0
2023-09-14 00:00:00-04:00,79.93592839651724,82.22901084229395,79.291917205205,81.92652130126953,2269700,0.0,0.0
2023-09-15 00:00:00-04:00,81.95580449817936,82.1607175157955,79.78957053393077,80.11157989501953,4108100,0.0,0.0
2023-09-18 00:00:00-04:00,80.8726831286927,80.97026713193326,78.4332319399634,79.29192352294922,1345800,0.0,0.0
2023-09-19 00:00:00-04:00,79.58465455404392,81.10687718407,79.54562244100588,80.89220428466797,2287700,0.0,0.0
2023-09-20 00:00:00-04:00,81.26299723838304,83.86832933504283,81.08735645407933,81.62403869628906,3978600,0.0,0.0
2023-09-21 00:00:00-04:00,81.45816581635329,82.433946393027,80.98978786391929,81.50695037841797,2089100,0.0,0.0
2023-09-22 00:00:00-04:00,81.78015752062969,82.97061086642186,81.5167000735086,82.17047119140625,2609700,0.0,0.0
2023-09-25 00:00:00-04:00,82.1119334923234,84.1708310163201,81.93629269827485,83.85858154296875,1932900,0.0,0.0
2023-09-26 00:00:00-04:00,83.76100248502144,85.7711155678674,82.6583730955811,83.06819915771484,2807000,0.0,0.0
2023-09-27 00:00:00-04:00,83.61463243845344,83.61463243845344,81.02881265511034,81.42887878417969,1760900,0.0,0.0
2023-09-28 00:00:00-04:00,81.58501282372154,84.05373643747762,81.28252323385706,83.88785552978516,2150800,0.0,0.0
2023-09-29 00:00:00-04:00,84.14155945681499,85.25394867971445,83.3706919348733,83.66342163085938,2231200,0.0,0.0
2023-10-02 00:00:00-04:00,83.4194670177359,83.4194670177359,81.0678400486454,81.68257904052734,2132800,0.0,0.0
2023-10-03 00:00:00-04:00,80.75559985806998,81.10688144927097,79.5456266241045,80.29698181152344,2162200,0.0,0.0
2023-10-04 00:00:00-04:00,80.4238296317581,81.60452318169897,79.0382230635248,80.03351593017578,2428900,0.0,0.0
2023-10-05 00:00:00-04:00,79.51635160631801,81.10687860078932,79.0382212413255,79.0870132446289,1877900,0.0,0.0
2023-10-06 00:00:00-04:00,78.62839196473226,79.95545399790518,77.92582883603903,78.95040130615234,1614300,0.0,0.0
2023-10-09 00:00:00-04:00,80.17988251928278,84.04397243585629,80.17988251928278,83.94639587402344,1998800,0.0,0.0
2023-10-10 00:00:00-04:00,84.06350627594146,85.69305820942314,82.62910749876794,83.3414306640625,2905000,0.0,0.0
2023-10-11 00:00:00-04:00,83.12674981244241,83.32190295017375,81.2532454449926,81.96556854248047,1831800,0.0,0.0
2023-10-12 00:00:00-04:00,82.37539058836586,83.1657778803154,81.69234719494246,82.98037719726562,1940000,0.0,0.0
2023-10-13 00:00:00-04:00,83.64390442352901,84.37573978778813,81.85822434802928,82.50224304199219,1423800,0.0,0.0
2023-10-16 00:00:00-04:00,83.18528528027213,83.18528528027213,81.63379790241852,82.2778091430664,1874200,0.0,0.0
2023-10-17 00:00:00-04:00,82.5900671760183,84.82460558351357,82.41442637493873,84.45381164550781,1871800,0.0,0.0
2023-10-18 00:00:00-04:00,84.02445929163412,84.65871810435728,81.6240401595283,82.68763732910156,2507600,0.0,0.0
2023-10-19 00:00:00-04:00,82.4241801438935,84.68799060934312,81.90701766929296,83.60487365722656,2435800,0.0,0.0
2023-10-20 00:00:00-04:00,82.77546066516443,82.87303722513754,80.44334589211972,80.97026824951172,2227300,0.0,0.0
2023-10-23 00:00:00-04:00,79.77981551741651,80.59946756146316,78.31614477194945,78.32589721679688,1708800,0.0,0.0
2023-10-24 00:00:00-04:00,79.29193080414952,79.38950737173609,78.1502618850805,78.41372680664062,1531000,0.0,0.0
2023-10-25 00:00:00-04:00,78.30638825978768,79.39926514359928,78.16001969000533,78.92112731933594,1167800,0.0,0.0
2023-10-26 00:00:00-04:00,79.08701225791583,79.4480462772445,78.0331675344721,78.32589721679688,1132100,0.0,0.0
2023-10-27 00:00:00-04:00,78.10147146970635,78.22832025359979,76.70610506842124,77.94534301757812,1676100,0.0,0.0
2023-10-30 00:00:00-04:00,78.55033409007382,80.63850386658858,78.55033409007382,79.26265716552734,1798100,0.0,0.0
2023-10-31 00:00:00-04:00,78.69670244515062,79.45781007913139,77.7989861304356,77.84777069091797,1829300,0.0,0.0
2023-11-01 00:00:00-04:00,78.22832662704931,78.72597680298487,76.98908857692872,77.34037017822266,1978100,0.0,0.0
2023-11-02 00:00:00-04:00,76.56950226463942,78.67718441763697,74.98873506643007,78.37469482421875,2820100,0.0,0.0
2023-11-03 00:00:00-04:00,78.06243510804924,79.87738731988051,77.76969799854848,79.57489776611328,2069800,0.0,0.0
2023-11-06 00:00:00-05:00,79.11628885463854,79.11628885463854,77.25254442898185,77.27206420898438,2119600,0.0,0.0
2023-11-07 00:00:00-05:00,77.08666439638397,77.44770588437775,76.06209182845949,76.57926177978516,1894700,0.0,0.0
2023-11-08 00:00:00-05:00,77.57454709716954,79.27240302461563,77.34036186967005,77.99413299560547,1646500,0.0,0.0
2023-11-09 00:00:00-05:00,78.92112969392721,79.91643004270223,78.0039010219485,78.33566284179688,1579900,0.0,0.0
2023-11-10 00:00:00-05:00,78.51130466845858,78.58936890166066,76.57926328670489,77.60382843017578,2044400,0.0,0.0
2023-11-13 00:00:00-05:00,77.4086740417665,78.68694420019473,77.31109747414712,77.91607666015625,1851000,0.0,0.0
2023-11-14 00:00:00-05:00,78.03375768489394,79.29885281172099,77.8180039835923,78.5044937133789,1644600,0.4,0.0
2023-11-15 00:00:00-05:00,78.33776489736155,79.35768665518479,78.14162926328181,78.86734008789062,2081200,0.0,0.0
2023-11-16 00:00:00-05:00,79.50480388403572,81.3877331853103,78.12203025038269,78.56333923339844,1704700,0.0,0.0
2023-11-17 00:00:00-05:00,78.98503751963516,79.14194455344844,75.9448898538054,75.9645004272461,2624900,0.0,0.0
2023-11-20 00:00:00-05:00,76.15082944129043,76.50387959633139,75.346661306385,75.49376678466797,2505300,0.0,0.0
2023-11-21 00:00:00-05:00,75.21916641752802,75.82719890292627,73.56179997597195,75.01322174072266,3367800,0.0,0.0
2023-11-22 00:00:00-05:00,73.81677157994277,75.01321844392957,72.64975179600236,74.93476867675781,2606300,0.0,0.0
2023-11-24 00:00:00-05:00,75.11129098325344,77.6120617155535,74.78766790336277,76.84712219238281,2034200,0.0,0.0
2023-11-27 00:00:00-05:00,76.11160057906694,76.50387935924068,74.22867141274743,74.43461608886719,1974400,0.0,0.0
2023-11-28 00:00:00-05:00,74.1109841489621,74.61113977138831,73.29700700468118,74.1404037475586,2004100,0.0,0.0
2023-11-29 00:00:00-05:00,74.13059479093808,74.29731831996838,73.14010005413918,73.30681610107422,2814300,0.0,0.0
2023-11-30 00:00:00-05:00,73.55199120086668,74.0521468360193,72.4241925060343,73.6990966796875,5084600,0.0,0.0
2023-12-01 00:00:00-05:00,74.43462009266652,75.43492392792476,73.74813031991268,74.83670043945312,3364700,0.0,0.0
2023-12-04 00:00:00-05:00,74.21885937736455,74.91515062995497,71.68866920399988,72.43399810791016,2547300,0.0,0.0
2023-12-05 00:00:00-05:00,72.4536196662185,73.21856673949314,71.39447656879254,71.80636596679688,2849100,0.0,0.0
2023-12-06 00:00:00-05:00,72.07114998564025,73.2872150894454,71.96327312188178,72.86551666259766,2103600,0.0,0.0
2023-12-07 00:00:00-05:00,73.93446667326785,76.6411822537338,73.55199688801784,76.03314971923828,3275600,0.0,0.0
2023-12-08 00:00:00-05:00,76.06256425929512,76.75885555231564,74.25809231379327,75.08187103271484,1790000,0.0,0.0
2023-12-11 00:00:00-05:00,75.09167999089192,75.31724272491992,73.32642919183304,74.0227279663086,1655400,0.0,0.0
2023-12-12 00:00:00-05:00,73.5519913882577,73.5519913882577,71.5906049512375,72.7380142211914,1577300,0.0,0.0
2023-12-13 00:00:00-05:00,72.8851197358176,74.91515439983652,72.69878562993954,74.75824737548828,2091600,0.0,0.0
2023-12-14 00:00:00-05:00,75.6997185595472,77.1217208580632,75.209371907356,75.39569854736328,2178200,0.0,0.0
2023-12-15 00:00:00-05:00,75.22897049482036,75.46433475538379,73.97368446235551,74.7680435180664,4097900,0.0,0.0
2023-12-18 00:00:00-05:00,76.86672905949288,77.33746507988045,75.50356613245785,75.70951080322266,2134400,0.0,0.0
2023-12-19 00:00:00-05:00,75.52319130378228,77.4061205985985,75.38589484366625,76.79808807373047,2036000,0.0,0.0
2023-12-20 00:00:00-05:00,76.23908931148145,77.66109897876011,76.15083051252736,76.26850891113281,1753300,0.0,0.0
2023-12-21 00:00:00-05:00,76.71963439948424,78.64179222552936,75.51337843879445,78.28874206542969,2762500,0.0,0.0
2023-12-22 00:00:00-05:00,78.6515933572669,79.32827407425034,77.72974681704822,78.89676666259766,1598900,0.0,0.0
2023-12-26 00:00:00-05:00,78.83792082614353,80.06378724959033,78.7692726057143,79.09290313720703,923400,0.0,0.0
2023-12-27 00:00:00-05:00,78.87715493036218,79.52440855622748,78.57314243049328,78.95561218261719,804600,0.0,0.0
2023-12-28 00:00:00-05:00,78.83792638795767,79.71074274445917,78.08279590996365,78.12202453613281,801900,0.0,0.0
2023-12-29 00:00:00-05:00,77.50418376952187,78.2397036825295,76.83731208244447,77.9651107788086,1162700,0.0,0.0
2024-01-02 00:00:00-05:00,78.2102805225794,80.19127743930532,78.14163229977441,80.03437042236328,2091100,0.0,0.0
2024-01-03 00:00:00-05:00,79.66171216677792,81.65251817160686,79.29885298813652,81.10332489013672,2160400,0.0,0.0
2024-01-04 00:00:00-05:00,81.80942755115731,82.35862084845536,79.06349099304941,79.57344818115234,1795200,0.0,0.0
2024-01-05 00:00:00-05:00,79.73036268955052,80.03437519695251,78.67121220414955,79.57344818115234,2719300,0.0,0.0
2024-01-08 00:00:00-05:00,78.61236823926465,78.78888582736919,76.71963011849422,77.66109466552734,1529700,0.0,0.0
2024-01-09 00:00:00-05:00,77.62187538888912,78.44565416096597,76.70983033003488,76.86673736572266,2098400,0.0,0.0
2024-01-10 00:00:00-05:00,76.72943968700828,77.82781884778974,76.11160561774767,76.5725326538086,1646100,0.0,0.0
2024-01-11 00:00:00-05:00,76.59213862916086,77.44534442014486,76.32735475311505,77.2590103149414,1687100,0.0,0.0
2024-01-12 00:00:00-05:00,78.00433444915801,78.08279169726343,75.0622549840597,75.69970703125,1621700,0.0,0.0
2024-01-16 00:00:00-05:00,75.10148967290824,75.1701379000204,73.59122119434515,74.69940185546875,2213000,0.0,0.0
2024-01-17 00:00:00-05:00,73.84620322579745,74.39538904043069,73.26759032929839,73.76774597167969,1826500,0.0,0.0
2024-01-18 00:00:00-05:00,73.74812694606868,73.74812694606868,72.27708712015963,73.57160186767578,2024800,0.0,0.0
2024-01-19 00:00:00-05:00,73.57160252200784,73.74812760197072,72.36535404400773,73.54218292236328,2126500,0.0,0.0
2024-01-22 00:00:00-05:00,73.32642462684153,73.8461982890523,72.22805307100309,73.52256774902344,1608900,0.0,0.0
2024-01-23 00:00:00-05:00,74.24828109404852,75.52318524379419,73.89523094433727,74.59152221679688,1813500,0.0,0.0
2024-01-24 00:00:00-05:00,74.85631895850229,75.32704753727148,74.33655272348403,75.2878189086914,1444400,0.0,0.0
2024-01-25 00:00:00-05:00,75.42511906544458,75.85661899398393,73.60102907951882,75.46434020996094,1672400,0.0,0.0
2024-01-26 00:00:00-05:00,75.94488157385993,76.46464775747346,75.25839186474603,75.99391174316406,1686300,0.0,0.0
2024-01-29 00:00:00-05:00,75.7683565037558,76.24889406266894,75.2093616954419,75.99391174316406,1627200,0.0,0.0
2024-01-30 00:00:00-05:00,75.40550686113674,76.32736095279495,75.13091393564606,75.9056625366211,1565300,0.0,0.0
2024-01-31 00:00:00-05:00,74.65037037256653,75.22897577919824,73.689287727772,74.0521469116211,2281500,0.0,0.0
2024-02-01 00:00:00-05:00,75.49376450040198,75.67028957258123,74.36596584381768,75.35646057128906,2716400,0.0,0.0
2024-02-02 00:00:00-05:00,75.07206776711843,75.3858892931484,73.7579349829274,75.04264068603516,1635600,0.0,0.0
2024-02-05 00:00:00-05:00,73.93446127496105,75.47414933144644,73.52257191816521,74.63075256347656,1544200,0.0,0.0
2024-02-06 00:00:00-05:00,74.4640382270144,75.81739220855899,74.12079708844466,74.66998291015625,1885500,0.0,0.0
2024-02-07 00:00:00-05:00,74.73862907931432,75.06225963623577,74.003109167454,74.88573455810547,1279300,0.0,0.0
2024-02-08 00:00:00-05:00,74.56210089794172,75.12109570840663,74.05214373906477,75.0328369140625,1066700,0.0,0.0
2024-02-09 00:00:00-05:00,75.34666606092141,76.99423106104562,75.18975154562581,76.5725326538086,1806400,0.0,0.0
2024-02-12 00:00:00-05:00,76.61176009158075,77.73955135382694,76.40581540502895,77.33747100830078,1789100,0.0,0.0
2024-02-13 00:00:00-05:00,76.94519015152711,77.33746894108607,75.04264288552832,75.53298950195312,2215600,0.0,0.0
2024-02-14 00:00:00-05:00,76.20421949056248,76.88532181663119,75.18750632792889,76.5793228149414,2217600,0.5,0.0
2024-02-15 00:00:00-05:00,76.85571223521889,79.28398066898508,75.7106710465726,75.80938720703125,4278900,0.0,0.0
2024-02-16 00:00:00-05:00,76.57932182706672,77.21106606620381,75.57247426838953,76.69776916503906,2498800,0.0,0.0
2024-02-20 00:00:00-05:00,76.24370174233479,77.04325891052174,75.80938229460043,76.19435119628906,2815000,0.0,0.0
2024-02-21 00:00:00-05:00,76.00680386627948,77.61577635385238,75.13815739039111,76.7668685913086,2314600,0.0,0.0
2024-02-22 00:00:00-05:00,76.84583820012192,79.17539797674222,76.60893598600383,78.6719741821289,2169000,0.0,0.0
2024-02-23 00:00:00-05:00,78.27713496362514,80.2612031254517,78.05997147582677,79.37281799316406,2677200,0.0,0.0
2024-02-26 00:00:00-05:00,78.9384964615307,80.02430644441986,78.68184800088888,79.40243530273438,1784700,0.0,0.0
2024-02-27 00:00:00-05:00,79.40242887108104,79.80713647720997,78.68184162760362,78.75093841552734,1983000,0.0,0.0
2024-02-28 00:00:00-05:00,78.16855140222879,79.71830008341057,78.16855140222879,78.86939239501953,2758300,0.0,0.0
2024-02-29 00:00:00-05:00,78.45482176391403,80.22172662414012,78.00074849740218,79.67882537841797,3609100,0.0,0.0
2024-03-01 00:00:00-05:00,79.95520768599077,81.77147051731802,79.7084323536266,81.43585968017578,2834600,0.0,0.0
2024-03-04 00:00:00-05:00,81.36676818842452,82.14657919320891,78.78055982563274,78.82991790771484,4053700,0.0,0.0
2024-03-05 00:00:00-05:00,78.69171799437552,80.19210867873387,78.3166146750469,78.49429321289062,2841100,0.0,0.0
2024-03-06 00:00:00-05:00,80.85347811382366,82.22554843740437,79.89598856478116,80.5277328491211,3852000,0.0,0.0
2024-03-07 00:00:00-05:00,81.12986141527988,83.3113544694866,80.71527312959125,82.79805755615234,2535900,0.0,0.0
2024-03-08 00:00:00-05:00,82.93624885333531,84.51561697604254,82.1959228699358,83.25212097167969,3232700,0.0,0.0
2024-03-11 00:00:00-04:00,82.99548144990337,84.06155269137727,82.36373720258227,83.97270965576172,2033500,0.0,0.0
2024-03-12 00:00:00-04:00,84.25897626809686,84.60446025256232,83.33109854040156,84.30833435058594,2567600,0.0,0.0
2024-03-13 00:00:00-04:00,84.6241974101868,85.21645668152307,83.53837995992085,83.58773803710938,2443000,0.0,0.0
2024-03-14 00:00:00-04:00,83.28174342291081,83.83451776774928,82.2057990377238,82.78819274902344,2667400,0.0,0.0
2024-03-15 00:00:00-04:00,82.45257589335904,84.00232473667076,82.10709192147154,82.343994140625,16557600,0.0,0.0
2024-03-18 00:00:00-04:00,83.03497015401497,85.30529879184975,82.2156742075202,84.87097930908203,3171600,0.0,0.0
2024-03-19 00:00:00-04:00,84.8314874893608,85.31516501402132,83.93322169829176,85.17697143554688,2641600,0.0,0.0
2024-03-20 00:00:00-04:00,84.98942281904787,85.91730047711341,84.22935811026059,85.0289077758789,2396100,0.0,0.0
2024-03-21 00:00:00-04:00,85.27568759250083,85.7297533234589,84.09116894921772,84.54523468017578,2275600,0.0,0.0
2024-03-22 00:00:00-04:00,84.69329837445942,85.20658775998979,82.2650224396084,82.58090209960938,2298500,0.0,0.0
2024-03-25 00:00:00-04:00,83.0053490141522,83.48903409858843,81.68263681831186,81.93928527832031,2381900,0.0,0.0
2024-03-26 00:00:00-04:00,81.88005570251755,82.48218814123626,80.74489515078842,80.7547607421875,2441800,0.0,0.0
2024-03-27 00:00:00-04:00,81.13972606421542,81.83070151168295,80.77450339306868,81.54444122314453,2419900,0.0,0.0
2024-03-28 00:00:00-04:00,81.76160008996534,82.85728310332917,80.86333431842101,82.1366958618164,2325200,0.0,0.0
2024-04-01 00:00:00-04:00,82.42295524814988,82.67960368454446,81.60365939453428,82.2551498413086,1424800,0.0,0.0
2024-04-02 00:00:00-04:00,82.46245282216053,83.95297806223294,81.26806101793878,81.87019348144531,1746100,0.0,0.0
2024-04-03 00:00:00-04:00,81.94914421039834,82.36373246779537,81.38649678712922,82.1366958618164,1543200,0.0,0.0
2024-04-04 00:00:00-04:00,82.58089794315553,85.15722539424293,81.77146765162163,85.06838989257812,3585300,0.0,0.0
2024-04-05 00:00:00-04:00,84.2194821405756,85.07826297789505,83.25211955838866,84.01219177246094,2755300,0.0,0.0
2024-04-08 00:00:00-04:00,84.1108979018642,84.37741946081312,78.65222911040271,78.76081085205078,4609500,0.0,0.0
2024-04-09 00:00:00-04:00,78.96810561444228,80.36978768166213,78.47455495435202,80.07366180419922,2607500,0.0,0.0
2024-04-10 00:00:00-04:00,78.45481731731242,80.0440435360871,77.83293865724114,79.84662628173828,3303900,0.0,0.0
2024-04-11 00:00:00-04:00,79.60972758789323,79.97495027767452,78.83978971853325,79.79727172851562,2348000,0.0,0.0
2024-04-12 00:00:00-04:00,78.76081689629714,79.78740319457967,76.93468092177899,77.09261322021484,3429800,0.0,0.0
2024-04-15 00:00:00-04:00,77.36899489467942,78.43506607458713,76.62866894157435,77.06299591064453,2419600,0.0,0.0
2024-04-16 00:00:00-04:00,77.1024884425487,77.79345638762526,76.66816143079443,76.74713134765625,2027600,0.0,0.0
2024-04-17 00:00:00-04:00,77.18145481416498,77.34926023154907,76.10551045655578,76.7964859008789,1839200,0.0,0.0
2024-04-18 00:00:00-04:00,79.56036710889371,80.14276082007949,78.17842371608211,78.56339263916016,4194400,0.0,0.0
2024-04-19 00:00:00-04:00,78.61275171283641,79.60972619517476,78.27714086528857,78.4449462890625,1503900,0.0,0.0
2024-04-22 00:00:00-04:00,78.03035991700554,78.42519440786376,77.29989954075045,77.78358459472656,1400000,0.0,0.0
2024-04-23 00:00:00-04:00,77.26041781553424,78.4646826435606,76.93468010005644,77.52693939208984,1606900,0.0,0.0
2024-04-24 00:00:00-04:00,77.4380990984594,78.38572303645242,77.05313016845601,78.227783203125,1416200,0.0,0.0
2024-04-25 00:00:00-04:00,78.06984540669055,78.96811128745864,77.28016881240752,78.9384994506836,1507300,0.0,0.0
2024-04-26 00:00:00-04:00,78.63249828192639,79.05694463875844,77.96126905307464,78.96810913085938,1380400,0.0,0.0
2024-04-29 00:00:00-04:00,79.44192294212203,80.35992753330301,78.66211194264694,79.78740692138672,1222100,0.0,0.0
2024-04-30 00:00:00-04:00,79.8367527490261,79.8367527490261,77.82306513488786,77.9513931274414,1869500,0.0,0.0
2024-05-01 00:00:00-04:00,77.8822990018927,78.09946250658494,76.50035558829413,76.96429443359375,1889300,0.0,0.0
2024-05-02 00:00:00-04:00,75.51324898482167,75.51324898482167,72.18671491315916,72.91717529296875,4327100,0.0,0.0
2024-05-03 00:00:00-04:00,73.15408462406073,74.20040968766939,72.4631166633731,73.13433837890625,2360700,0.0,0.0
2024-05-06 00:00:00-04:00,73.69698637833967,74.36820802991126,72.9665259969496,73.54891967773438,2433900,0.0,0.0
2024-05-07 00:00:00-04:00,73.48969233475339,74.26950330327014,73.25279011994628,74.0227279663086,2882800,0.0,0.0
2024-05-08 00:00:00-04:00,73.44033612050481,73.65749960523591,72.09787778851717,72.30516815185547,3092500,0.0,0.0
2024-05-09 00:00:00-04:00,72.6506542838499,73.6969867845048,72.37426712438888,73.33175659179688,1673300,0.0,0.0
2024-05-10 00:00:00-04:00,73.6772418463805,74.19053874960326,72.87769218791993,72.99613952636719,1283900,0.0,0.0
2024-05-13 00:00:00-04:00,73.37124370351668,74.51627733078448,72.96652854313857,73.3021469116211,1886100,0.0,0.0
2024-05-14 00:00:00-04:00,73.51084575779569,74.05742718261152,73.48103319051947,73.91829681396484,1263300,0.5,0.0
2024-05-15 00:00:00-04:00,74.25619018064604,74.87233678906166,73.56053075619313,74.3555679321289,1653000,0.0,0.0
2024-05-16 00:00:00-04:00,74.34562799292989,77.03880524691364,73.9978020712044,76.84004974365234,2681300,0.0,0.0
2024-05-17 00:00:00-04:00,76.80029739628641,76.91955524788384,75.26985575328345,75.74687957763672,1285500,0.0,0.0
2024-05-20 00:00:00-04:00,75.67731316183931,78.72825634839995,75.67731316183931,78.07234954833984,1966600,0.0,0.0
2024-05-21 00:00:00-04:00,77.87359614458086,78.9071414566654,77.10837152390489,78.09223175048828,1587600,0.0,0.0
2024-05-22 00:00:00-04:00,77.23756915212746,80.41770273028564,76.58166233673678,79.1854019165039,2263400,0.0,0.0
2024-05-23 00:00:00-04:00,78.93695129080838,79.02638899083519,77.2971918853237,77.77421569824219,2838200,0.0,0.0
2024-05-24 00:00:00-04:00,78.01272221927476,78.12204001620862,76.58165839180339,77.02886962890625,1867500,0.0,0.0
2024-05-28 00:00:00-04:00,77.08849724878884,78.77794175804623,77.08849724878884,78.22142028808594,1879000,0.0,0.0
2024-05-29 00:00:00-04:00,77.66489953237875,78.01272545430275,76.39284611389303,76.62141418457031,1704300,0.0,0.0
2024-05-30 00:00:00-04:00,76.45246645490619,77.24750358262894,75.78662722010907,76.50215911865234,1655100,0.0,0.0
2024-05-31 00:00:00-04:00,76.49222229695144,79.27483719731667,75.92576078370982,79.23509216308594,5632500,0.0,0.0
2024-06-03 00:00:00-04:00,78.86738630560687,80.4177004329151,78.65869075631818,80.0400619506836,2480700,0.0,0.0
2024-06-04 00:00:00-04:00,80.75559074481491,81.63012552435434,78.86738324291046,80.01024627685547,3007500,0.0,0.0
2024-06-05 00:00:00-04:00,79.58291542245095,79.58291542245095,75.60774491282247,76.36302185058594,2907800,0.0,0.0
2024-06-06 00:00:00-04:00,76.43259664248265,77.19781364980616,75.96551288207483,76.82017517089844,1522600,0.0,0.0
2024-06-07 00:00:00-04:00,77.16799818596975,78.18166331868208,76.70091444309905,77.37669372558594,1916600,0.0,0.0
2024-06-10 00:00:00-04:00,77.08849314874473,78.47980433168327,76.81023242856422,78.1816635131836,1923400,0.0,0.0
2024-06-11 00:00:00-04:00,77.63508738095095,77.63508738095095,75.82638499522088,76.33321380615234,1617200,0.0,0.0
2024-06-12 00:00:00-04:00,76.52203656021165,77.31707373910635,74.34562815906564,74.72327423095703,1828000,0.0,0.0
2024-06-13 00:00:00-04:00,74.69345788423874,74.97171860816141,72.01021322776423,72.4971694946289,3132400,0.0,0.0
2024-06-14 00:00:00-04:00,72.1990379486917,73.29220835348902,72.08972015000833,72.80525207519531,1764000,0.0,0.0
2024-06-17 00:00:00-04:00,72.7356894454269,73.94811774098743,72.68599677808629,73.56053161621094,1865700,0.0,0.0
2024-06-18 00:00:00-04:00,73.68972652731452,74.42513096547819,72.82512419212418,73.09345245361328,2017400,0.0,0.0
2024-06-20 00:00:00-04:00,73.26239454182569,74.57420052169513,73.16301679435784,73.66984558105469,2458600,0.0,0.0
2024-06-21 00:00:00-04:00,73.44127843973783,73.7294792184288,72.35804050727616,72.65618133544922,5844700,0.0,0.0
2024-06-24 00:00:00-04:00,73.40152497576787,75.57793328299098,73.08351163434114,75.13072204589844,2835500,0.0,0.0
2024-06-25 00:00:00-04:00,74.66363696584952,75.59780445683762,74.41518881033447,74.97171783447266,1224200,0.0,0.0
2024-06-26 00:00:00-04:00,74.94190992995433,75.84625732961635,74.66364160956032,75.74687957763672,1674900,0.0,0.0
2024-06-27 00:00:00-04:00,75.38911466508945,75.94563614963097,74.24625154616031,74.29594421386719,1471300,0.0,0.0
2024-06-28 00:00:00-04:00,74.69345734942758,75.10090838310094,73.39158385463077,73.659912109375,2999600,0.0,0.0
2024-07-01 00:00:00-04:00,73.82885443263783,74.33569079031815,72.75555658650396,72.92449951171875,1320600,0.0,0.0
2024-07-02 00:00:00-04:00,73.13319733263526,73.27233527883938,70.00275655682054,70.39033508300781,2207100,0.0,0.0
2024-07-03 00:00:00-04:00,70.39033629601354,70.73816221242731,69.36673106398032,69.5257339477539,1879900,0.0,0.0
2024-07-05 00:00:00-04:00,69.37665935248303,70.09219124145304,68.89964314786026,69.7046127319336,3342600,0.0,0.0
2024-07-08 00:00:00-04:00,69.664865131382,70.00275858417287,68.73070517091966,68.94933319091797,1830700,0.0,0.0
2024-07-09 00:00:00-04:00,68.76051525650786,69.67480266653209,68.70088254226374,69.43629455566406,2123700,0.0,0.0
2024-07-10 00:00:00-04:00,69.58536017748133,69.75431069557465,68.94933346829603,69.3170394897461,2205200,0.0,0.0
2024-07-11 00:00:00-04:00,69.55554884133211,70.96674023547459,69.53567632345927,69.91331481933594,1758700,0.0,0.0
2024-07-12 00:00:00-04:00,70.38039818570095,70.58909374129975,69.57542853095751,70.2015151977539,1411700,0.0,0.0
2024-07-15 00:00:00-04:00,69.85368545880532,70.42014695937802,69.28722395823262,70.31082916259766,1625500,0.0,0.0
2024-07-16 00:00:00-04:00,69.9232531718427,73.05370161236355,69.87356050531206,72.74562072753906,1716800,0.0,0.0
2024-07-17 00:00:00-04:00,72.72574449064521,73.26239341717682,72.16922304773954,72.41767120361328,1752800,0.0,0.0
2024-07-18 00:00:00-04:00,72.25866640326443,72.72575018601154,71.5928271130676,71.96053314208984,1243800,0.0,0.0
2024-07-19 00:00:00-04:00,72.41767595449447,72.41767595449447,70.67853874928407,71.29468536376953,1124900,0.0,0.0
2024-07-22 00:00:00-04:00,71.63257296307185,71.73195070740744,70.58908769245849,70.94685363769531,992100,0.0,0.0
2024-07-23 00:00:00-04:00,70.37045327322129,70.92698229839858,69.98287475645704,70.0822525024414,1935300,0.0,0.0
2024-07-24 00:00:00-04:00,70.34064126767827,71.17543102107275,70.05244049460374,71.03630065917969,1216500,0.0,0.0
2024-07-25 00:00:00-04:00,70.96674015999389,73.4810344712646,70.82760220688564,73.05370330810547,1615500,0.0,0.0
2024-07-26 00:00:00-04:00,73.38164772800134,74.67358124263596,73.24251735959902,74.57420349121094,1668600,0.0,0.0
2024-07-29 00:00:00-04:00,74.54438646515788,74.75308200527836,73.55059384627789,74.16674041748047,1235500,0.0,0.0
2024-07-30 00:00:00-04:00,74.10711906375131,76.31334000323912,73.87854341366287,75.95557403564453,1678700,0.0,0.0
2024-07-31 00:00:00-04:00,76.0251350549658,77.05868028451161,75.76674685207036,75.91581726074219,1540900,0.0,0.0
2024-08-01 00:00:00-04:00,76.06488744223229,77.35681328877902,75.0810348791942,75.32948303222656,1579700,0.0,0.0
2024-08-02 00:00:00-04:00,74.59407786390284,74.75308833576676,71.35431911106001,72.7655029296875,1751700,0.0,0.0
2024-08-05 00:00:00-04:00,71.77170343930472,72.53692041218369,71.02635898251111,72.40773010253906,1588200,0.0,0.0
2024-08-06 00:00:00-04:00,72.54686313916316,73.13319716077356,71.70214090668973,72.94438171386719,1823000,0.0,0.0
2024-08-07 00:00:00-04:00,74.01767680177049,74.76302125799036,72.76549599235106,72.84500122070312,2877000,0.0,0.0
2024-08-08 00:00:00-04:00,76.71085992876795,79.12577646123862,75.06116042912126,79.03633117675781,2982100,0.0,0.0
2024-08-09 00:00:00-04:00,79.1754580346749,79.3642810630644,77.22762536457005,79.29471588134766,1554100,0.0,0.0
2024-08-12 00:00:00-04:00,79.50341463773681,81.33198953502725,79.46366202057357,80.34813690185547,2215100,0.0,0.0
2024-08-13 00:00:00-04:00,80.29845250191038,81.15311482311961,79.53322788355403,80.42764282226562,1283500,0.0,0.0
2024-08-14 00:00:00-04:00,80.08974808658945,80.51707924037551,79.52328656478342,80.05000305175781,1291600,0.0,0.0
2024-08-15 00:00:00-04:00,80.8499984741211,80.94999694824219,79.44999694824219,79.77999877929688,1533200,0.5,0.0
2024-08-16 00:00:00-04:00,80.6500015258789,81.36000061035156,79.47000122070312,80.97000122070312,1777100,0.0,0.0
2024-08-19 00:00:00-04:00,81.2300033569336,81.77999877929688,80.9000015258789,81.13999938964844,863800,0.0,0.0
2024-08-20 00:00:00-04:00,80.94999694824219,81.30000305175781,79.98999786376953,80.05999755859375,1186700,0.0,0.0
2024-08-21 00:00:00-04:00,80.5999984741211,80.98999786376953,79.9800033569336,80.12999725341797,1252100,0.0,0.0
2024-08-22 00:00:00-04:00,80.08999633789062,80.18000030517578,78.55000305175781,78.87999725341797,1457100,0.0,0.0
2024-08-23 00:00:00-04:00,79.37000274658203,80.68000030517578,79.11000061035156,80.41000366210938,1249200,0.0,0.0
2024-08-26 00:00:00-04:00,80.52999877929688,81.97000122070312,80.08999633789062,81.63999938964844,1180500,0.0,0.0
2024-08-27 00:00:00-04:00,81.48999786376953,81.87000274658203,81.16999816894531,81.62000274658203,1300000,0.0,0.0
2024-08-28 00:00:00-04:00,81.0999984741211,82.26000213623047,81.0,81.8499984741211,1308900,0.0,0.0
2024-08-29 00:00:00-04:00,82.33999633789062,83.44000244140625,81.88999938964844,82.93000030517578,1380300,0.0,0.0
2024-08-30 00:00:00-04:00,82.86000061035156,83.30999755859375,82.19000244140625,83.08999633789062,1772200,0.0,0.0
2024-09-03 00:00:00-04:00,82.16999816894531,82.23999786376953,78.37999725341797,79.11000061035156,2946400,0.0,0.0
2024-09-04 00:00:00-04:00,79.81999969482422,80.87000274658203,79.81999969482422,80.12999725341797,1337700,0.0,0.0
2024-09-05 00:00:00-04:00,80.5,80.83000183105469,78.41999816894531,78.54000091552734,1363100,0.0,0.0
2024-09-06 00:00:00-04:00,78.38999938964844,79.69000244140625,78.01000213623047,78.55999755859375,1444200,0.0,0.0
2024-09-09 00:00:00-04:00,78.36000061035156,79.29000091552734,77.62999725341797,78.47000122070312,1484500,0.0,0.0
2024-09-10 00:00:00-04:00,78.33000183105469,78.41999816894531,76.47000122070312,76.77999877929688,1552800,0.0,0.0
2024-09-11 00:00:00-04:00,76.98999786376953,77.68000030517578,76.11000061035156,77.44999694824219,1462500,0.0,0.0
2024-09-12 00:00:00-04:00,77.48999786376953,78.68000030517578,77.48999786376953,77.69999694824219,1494000,0.0,0.0
2024-09-13 00:00:00-04:00,78.51000213623047,79.7699966430664,78.33000183105469,79.1500015258789,1279900,0.0,0.0
2024-09-16 00:00:00-04:00,79.20999908447266,80.43000030517578,79.20999908447266,79.7300033569336,1304900,0.0,0.0
2024-09-17 00:00:00-04:00,79.94999694824219,81.70999908447266,79.88999938964844,81.47000122070312,1564200,0.0,0.0
2024-09-18 00:00:00-04:00,81.93000030517578,82.80999755859375,81.31999969482422,81.48999786376953,1368800,0.0,0.0
2024-09-19 00:00:00-04:00,83.0,84.04000091552734,82.5,83.12999725341797,2667100,0.0,0.0
2024-09-20 00:00:00-04:00,82.52999877929688,82.9000015258789,81.5199966430664,81.61000061035156,5249600,0.0,0.0
2024-09-23 00:00:00-04:00,81.83000183105469,83.58000183105469,81.58000183105469,83.2699966430664,1581700,0.0,0.0
2024-09-24 00:00:00-04:00,84.36000061035156,85.3499984741211,84.2300033569336,84.88999938964844,1709800,0.0,0.0
2024-09-25 00:00:00-04:00,85.3499984741211,85.37999725341797,83.5199966430664,83.83999633789062,1492700,0.0,0.0
2024-09-26 00:00:00-04:00,83.8499984741211,85.20999908447266,83.81999969482422,85.01000213623047,1661100,0.0,0.0
2024-09-27 00:00:00-04:00,85.44000244140625,86.69999694824219,85.16000366210938,85.63999938964844,1000500,0.0,0.0
2024-09-30 00:00:00-04:00,85.68000030517578,85.97000122070312,84.98999786376953,85.80000305175781,1462800,0.0,0.0
2024-10-01 00:00:00-04:00,85.25,88.16000366210938,84.94999694824219,87.20999908447266,1804100,0.0,0.0
2024-10-02 00:00:00-04:00,87.87000274658203,89.63999938964844,87.77999877929688,88.1500015258789,1870800,0.0,0.0
2024-10-03 00:00:00-04:00,87.69999694824219,89.45999908447266,87.3499984741211,89.29000091552734,1536700,0.0,0.0
2024-10-04 00:00:00-04:00,89.94999694824219,90.86000061035156,89.02999877929688,90.1500015258789,1289800,0.0,0.0
2024-10-07 00:00:00-04:00,90.44999694824219,90.8499984741211,87.27999877929688,88.16999816894531,1997500,0.0,0.0
2024-10-08 00:00:00-04:00,86.87000274658203,87.66999816894531,85.91999816894531,86.80999755859375,1286600,0.0,0.0
2024-10-09 00:00:00-04:00,86.77999877929688,87.75,86.38999938964844,87.44999694824219,1100600,0.0,0.0
2024-10-10 00:00:00-04:00,87.62000274658203,88.55000305175781,86.44999694824219,88.2699966430664,1510700,0.0,0.0
2024-10-11 00:00:00-04:00,88.30999755859375,89.02999877929688,87.5,87.80999755859375,886000,0.0,0.0
2024-10-14 00:00:00-04:00,87.20999908447266,87.30999755859375,86.23999786376953,87.0,909000,0.0,0.0
2024-10-15 00:00:00-04:00,85.81999969482422,86.61000061035156,84.58000183105469,85.06999969482422,1685400,0.0,0.0
2024-10-16 00:00:00-04:00,83.76000213623047,85.37999725341797,83.11000061035156,84.58000183105469,1925400,0.0,0.0
2024-10-17 00:00:00-04:00,84.6500015258789,85.83999633789062,84.19999694824219,85.77999877929688,1422000,0.0,0.0
2024-10-18 00:00:00-04:00,86.01000213623047,86.26000213623047,83.5,83.98999786376953,1269700,0.0,0.0
2024-10-21 00:00:00-04:00,84.30999755859375,84.6500015258789,83.69000244140625,84.18000030517578,976000,0.0,0.0
2024-10-22 00:00:00-04:00,84.18000030517578,84.2300033569336,83.41000366210938,83.88999938964844,1131600,0.0,0.0
2024-10-23 00:00:00-04:00,83.69000244140625,84.51000213623047,83.69000244140625,84.16999816894531,1224200,0.0,0.0
2024-10-24 00:00:00-04:00,84.68000030517578,84.97000122070312,82.87999725341797,83.22000122070312,1340900,0.0,0.0
2024-10-25 00:00:00-04:00,83.41999816894531,83.94999694824219,82.75,83.19000244140625,1050400,0.0,0.0
2024-10-28 00:00:00-04:00,83.06999969482422,83.29000091552734,81.72000122070312,81.91000366210938,1907900,0.0,0.0
2024-10-29 00:00:00-04:00,81.98999786376953,82.43000030517578,81.33000183105469,81.36000061035156,1203900,0.0,0.0
2024-10-30 00:00:00-04:00,81.41000366210938,82.23999786376953,80.94000244140625,81.77999877929688,1406000,0.0,0.0
2024-10-31 00:00:00-04:00,83.43000030517578,84.62000274658203,80.73999786376953,82.2300033569336,3179800,0.0,0.0
2024-11-01 00:00:00-04:00,82.87000274658203,84.44000244140625,82.72000122070312,84.05999755859375,1569300,0.0,0.0
2024-11-04 00:00:00-05:00,85.12000274658203,86.7699966430664,84.16999816894531,86.41000366210938,2170200,0.0,0.0
2024-11-05 00:00:00-05:00,85.97000122070312,87.7699966430664,85.56999969482422,86.55999755859375,1409000,0.0,0.0
2024-11-06 00:00:00-05:00,86.1500015258789,86.54000091552734,82.47000122070312,83.08000183105469,3272700,0.0,0.0
2024-11-07 00:00:00-05:00,83.19999694824219,84.91000366210938,82.72000122070312,84.63999938964844,2201400,0.0,0.0
2024-11-08 00:00:00-05:00,83.68000030517578,84.9800033569336,83.05000305175781,83.70999908447266,2141000,0.0,0.0
